id,storename,codshopify,departamento,provincia,distrito,ubigeo,rango1_min,rango1_max,rango1_costo,rango1_costo2,rango1_costo3,rango2_min,rango2_max,rango2_costo,rango2_costo2,rango2_costo3,rango3_min,rango3_max,rango3_costo,rango3_costo2,rango3_costo3,rango4_min,rango4_max,rango4_costo,rango4_costo2,rango4_costo3,texto,texto_description,texto2,texto2_description,texto3,texto3_description,texto_collect,texto_collect_description
1,mi-tienda,MITI-010101,Amazonas,Chachapoyas,Chachapoyas,010101,0,99.99,35.00,65.00,28.00,100,199.99,30.00,60.00,24.00,200,299.99,25.00,55.00,20.00,300,,20.00,50.00,16.00,Envío estándar,Entrega en 2 a 5 días hábiles,Envío express,Entrega en 24 horas,Envío programado,Elige el día de entrega,,
2,mi-tienda,MITI-010102,Amazonas,Chachapoyas,Asunción,010102,0,99.99,35.00,65.00,28.00,100,199.99,30.00,60.00,24.00,200,299.99,25.00,55.00,20.00,300,,20.00,50.00,16.00,Envío estándar,Entrega en 2 a 5 días hábiles,Envío express,Entrega en 24 horas,Envío programado,Elige el día de entrega,,
3,mi-tienda,MITI-010103,Amazonas,Chachapoyas,Balsas,010103,0,99.99,35.00,65.00,28.00,100,199.99,30.00,60.00,24.00,200,299.99,25.00,55.00,20.00,300,,20.00,50.00,16.00,Envío estándar,Entrega en 2 a 5 días hábiles,Envío express,Entrega en 24 horas,Envío programado,Elige el día de entrega,,
4,mi-tienda,MITI-010104,Amazonas,Chachapoyas,Cheto,010104,0,99.99,35.00,65.00,28.00,100,199.99,30.00,60.00,24.00,200,299.99,25.00,55.00,20.00,300,,20.00,50.00,16.00,Envío estándar,Entrega en 2 a 5 días hábiles,Envío express,Entrega en 24 horas,Envío programado,Elige el día de entrega,,
5,mi-tienda,MITI-010105,Amazonas,Chachapoyas,Chiliquin,010105,0,99.99,35.00,65.00,28.00,100,199.99,30.00,60.00,24.00,200,299.99,25.00,55.00,20.00,300,,20.00,50.00,16.00,Envío estándar,Entrega en 2 a 5 días hábiles,Envío express,Entrega en 24 horas,Envío programado,Elige el día de entrega,,
6,mi-tienda,MITI-010106,Amazonas,Chachapoyas,Chuquibamba,010106,0,99.99,35.00,65.00,28.00,100,199.99,30.00,60.00,24.00,200,299.99,25.00,55.00,20.00,300,,20.00,50.00,16.00,Envío estándar,Entrega en 2 a 5 días hábiles,Envío express,Entrega en 24 horas,Envío programado,Elige el día de entrega,,
7,mi-tienda,MITI-010107,Amazonas,Chachapoyas,Granada,010107,0,99.99,35.00,65.00,28.00,100,199.99,30.00,60.00,24.00,200,299.99,25.00,55.00,20.00,300,,20.00,50.00,16.00,Envío estándar,Entrega en 2 a 5 días hábiles,Envío express,Entrega en 24 horas,Envío programado,Elige el día de entrega,,
8,mi-tienda,MITI-010108,Amazonas,Chachapoyas,Huancas,010108,0,99.99,35.00,65.00,28.00,100,199.99,30.00,60.00,24.00,200,299.99,25.00,55.00,20.00,300,,20.00,50.00,16.00,Envío estándar,Entrega en 2 a 5 días hábiles,Envío express,Entrega en 24 horas,Envío programado,Elige el día de entrega,,
9,mi-tienda,MITI-010109,Amazonas,Chachapoyas,La Jalca,010109,0,99.99,35.00,65.00,28.00,100,199.99,30.00,60.00,24.00,200,299.99,25.00,55.00,20.00,300,,20.00,50.00,16.00,Envío estándar,Entrega en 2 a 5 días hábiles,Envío express,Entrega en 24 horas,Envío programado,Elige el día de entrega,,
10,mi-tienda,MITI-010110,Amazonas,Chachapoyas,Leimebamba,010110,0,99.99,35.00,65.00,28.00,100,199.99,30.00,60.00,24.00,200,299.99,25.00,55.00,20.00,300,,20.00,50.00,16.00,Envío estándar,Entrega en 2 a 5 días hábiles,Envío express,Entrega en 24 horas,Envío programado,Elige el día de entrega,,
11,mi-tienda,MITI-010111,Amazonas,Chachapoyas,Levanto,010111,0,99.99,35.00,65.00,28.00,100,199.99,30.00,60.00,24.00,200,299.99,25.00,55.00,20.00,300,,20.00,50.00,16.00,Envío estándar,Entrega en 2 a 5 días hábiles,Envío express,Entrega en 24 horas,Envío programado,Elige el día de entrega,,
12,mi-tienda,MITI-010112,Amazonas,Chachapoyas,Magdalena,010112,0,99.99,35.00,65.00,28.00,100,199.99,30.00,60.00,24.00,200,299.99,25.00,55.00,20.00,300,,20.00,50.00,16.00,Envío estándar,Entrega en 2 a 5 días hábiles,Envío express,Entrega en 24 horas,Envío programado,Elige el día de entrega,,
13,mi-tienda,MITI-010113,Amazonas,Chachapoyas,Mariscal Castilla,010113,0,99.99,35.00,65.00,28.00,100,199.99,30.00,60.00,24.00,200,299.99,25.00,55.00,20.00,300,,20.00,50.00,16.00,Envío estándar,Entrega en 2 a 5 días hábiles,Envío express,Entrega en 24 horas,Envío programado,Elige el día de entrega,,
14,mi-tienda,MITI-010114,Amazonas,Chachapoyas,Molinopampa,010114,0,99.99,35.00,65.00,28.00,100,199.99,30.00,60.00,24.00,200,299.99,25.00,55.00,20.00,300,,20.00,50.00,16.00,Envío estándar,Entrega en 2 a 5 días hábiles,Envío express,Entrega en 24 horas,Envío programado,Elige el día de entrega,,
15,mi-tienda,MITI-010115,Amazonas,Chachapoyas,Montevideo,010115,0,99.99,35.00,65.00,28.00,100,199.99,30.00,60.00,24.00,200,299.99,25.00,55.00,20.00,300,,20.00,50.00,16.00,Envío estándar,Entrega en 2 a 5 días hábiles,Envío express,Entrega en 24 horas,Envío programado,Elige el día de entrega,,
16,mi-tienda,MITI-010116,Amazonas,Chachapoyas,Olleros,010116,0,99.99,35.00,65.00,28.00,100,199.99,30.00,60.00,24.00,200,299.99,25.00,55.00,20.00,300,,20.00,50.00,16.00,Envío estándar,Entrega en 2 a 5 días hábiles,Envío express,Entrega en 24 horas,Envío programado,Elige el día de entrega,,
17,mi-tienda,MITI-010117,Amazonas,Chachapoyas,Quinjalca,010117,0,99.99,35.00,65.00,28.00,100,199.99,30.00,60.00,24.00,200,299.99,25.00,55.00,20.00,300,,20.00,50.00,16.00,Envío estándar,Entrega en 2 a 5 días hábiles,Envío express,Entrega en 24 horas,Envío programado,Elige el día de entrega,,
18,mi-tienda,MITI-010118,Amazonas,Chachapoyas,San Francisco de Daguas,010118,0,99.99,35.00,65.00,28.00,100,199.99,30.00,60.00,24.00,200,299.99,25.00,55.00,20.00,300,,20.00,50.00,16.00,Envío estándar,Entrega en 2 a 5 días hábiles,Envío express,Entrega en 24 horas,Envío programado,Elige el día de entrega,,
19,mi-tienda,MITI-010119,Amazonas,Chachapoyas,San Isidro de Maino,010119,0,99.99,35.00,65.00,28.00,100,199.99,30.00,60.00,24.00,200,299.99,25.00,55.00,20.00,300,,20.00,50.00,16.00,Envío estándar,Entrega en 2 a 5 días hábiles,Envío express,Entrega en 24 horas,Envío programado,Elige el día de entrega,,
20,mi-tienda,MITI-010120,Amazonas,Chachapoyas,Soloco,010120,0,99.99,35.00,65.00,28.00,100,199.99,30.00,60.00,24.00,200,299.99,25.00,55.00,20.00,300,,20.00,50.00,16.00,Envío estándar,Entrega en 2 a 5 días hábiles,Envío express,Entrega en 24 horas,Envío programado,Elige el día de entrega,,
21,mi-tienda,MITI-010121,Amazonas,Chachapoyas,Sonche,010121,0,99.99,35.00,65.00,28.00,100,199.99,30.00,60.00,24.00,200,299.99,25.00,55.00,20.00,300,,20.00,50.00,16.00,Envío estándar,Entrega en 2 a 5 días hábiles,Envío express,Entrega en 24 horas,Envío programado,Elige el día de entrega,,
22,mi-tienda,MITI-010201,Amazonas,Bagua,Bagua,010201,0,99.99,35.00,65.00,28.00,100,199.99,30.00,60.00,24.00,200,299.99,25.00,55.00,20.00,300,,20.00,50.00,16.00,Envío estándar,Entrega en 2 a 5 días hábiles,Envío express,Entrega en 24 horas,Envío programado,Elige el día de entrega,,
23,mi-tienda,MITI-010202,Amazonas,Bagua,Aramango,010202,0,99.99,35.00,65.00,28.00,100,199.99,30.00,60.00,24.00,200,299.99,25.00,55.00,20.00,300,,20.00,50.00,16.00,Envío estándar,Entrega en 2 a 5 días hábiles,Envío express,Entrega en 24 horas,Envío programado,Elige el día de entrega,,
24,mi-tienda,MITI-010203,Amazonas,Bagua,Copallin,010203,0,99.99,35.00,65.00,28.00,100,199.99,30.00,60.00,24.00,200,299.99,25.00,55.00,20.00,300,,20.00,50.00,16.00,Envío estándar,Entrega en 2 a 5 días hábiles,Envío express,Entrega en 24 horas,Envío programado,Elige el día de entrega,,
25,mi-tienda,MITI-010204,Amazonas,Bagua,El Parco,010204,0,99.99,35.00,65.00,28.00,100,199.99,30.00,60.00,24.00,200,299.99,25.00,55.00,20.00,300,,20.00,50.00,16.00,Envío estándar,Entrega en 2 a 5 días hábiles,Envío express,Entrega en 24 horas,Envío programado,Elige el día de entrega,,
26,mi-tienda,MITI-010205,Amazonas,Bagua,Imaza,010205,0,99.99,35.00,65.00,28.00,100,199.99,30.00,60.00,24.00,200,299.99,25.00,55.00,20.00,300,,20.00,50.00,16.00,Envío estándar,Entrega en 2 a 5 días hábiles,Envío express,Entrega en 24 horas,Envío programado,Elige el día de entrega,,
27,mi-tienda,MITI-010206,Amazonas,Bagua,La Peca,010206,0,99.99,35.00,65.00,28.00,100,199.99,30.00,60.00,24.00,200,299.99,25.00,55.00,20.00,300,,20.00,50.00,16.00,Envío estándar,Entrega en 2 a 5 días hábiles,Envío express,Entrega en 24 horas,Envío programado,Elige el día de entrega,,
28,mi-tienda,MITI-010301,Amazonas,Bongará,Jumbilla,010301,0,99.99,35.00,65.00,28.00,100,199.99,30.00,60.00,24.00,200,299.99,25.00,55.00,20.00,300,,20.00,50.00,16.00,Envío estándar,Entrega en 2 a 5 días hábiles,Envío express,Entrega en 24 horas,Envío programado,Elige el día de entrega,,
29,mi-tienda,MITI-010302,Amazonas,Bongará,Chisquilla,010302,0,99.99,35.00,65.00,28.00,100,199.99,30.00,60.00,24.00,200,299.99,25.00,55.00,20.00,300,,20.00,50.00,16.00,Envío estándar,Entrega en 2 a 5 días hábiles,Envío express,Entrega en 24 horas,Envío programado,Elige el día de entrega,,
30,mi-tienda,MITI-010303,Amazonas,Bongará,Churuja,010303,0,99.99,35.00,65.00,28.00,100,199.99,30.00,60.00,24.00,200,299.99,25.00,55.00,20.00,300,,20.00,50.00,16.00,Envío estándar,Entrega en 2 a 5 días hábiles,Envío express,Entrega en 24 horas,Envío programado,Elige el día de entrega,,
31,mi-tienda,MITI-010304,Amazonas,Bongará,Corosha,010304,0,99.99,35.00,65.00,28.00,100,199.99,30.00,60.00,24.00,200,299.99,25.00,55.00,20.00,300,,20.00,50.00,16.00,Envío estándar,Entrega en 2 a 5 días hábiles,Envío express,Entrega en 24 horas,Envío programado,Elige el día de entrega,,
32,mi-tienda,MITI-010305,Amazonas,Bongará,Cuispes,010305,0,99.99,35.00,65.00,28.00,100,199.99,30.00,60.00,24.00,200,299.99,25.00,55.00,20.00,300,,20.00,50.00,16.00,Envío estándar,Entrega en 2 a 5 días hábiles,Envío express,Entrega en 24 horas,Envío programado,Elige el día de entrega,,
33,mi-tienda,MITI-010306,Amazonas,Bongará,Florida,010306,0,99.99,35.00,65.00,28.00,100,199.99,30.00,60.00,24.00,200,299.99,25.00,55.00,20.00,300,,20.00,50.00,16.00,Envío estándar,Entrega en 2 a 5 días hábiles,Envío express,Entrega en 24 horas,Envío programado,Elige el día de entrega,,
34,mi-tienda,MITI-010307,Amazonas,Bongará,Jazan,010307,0,99.99,35.00,65.00,28.00,100,199.99,30.00,60.00,24.00,200,299.99,25.00,55.00,20.00,300,,20.00,50.00,16.00,Envío estándar,Entrega en 2 a 5 días hábiles,Envío express,Entrega en 24 horas,Envío programado,Elige el día de entrega,,
35,mi-tienda,MITI-010308,Amazonas,Bongará,Recta,010308,0,99.99,35.00,65.00,28.00,100,199.99,30.00,60.00,24.00,200,299.99,25.00,55.00,20.00,300,,20.00,50.00,16.00,Envío estándar,Entrega en 2 a 5 días hábiles,Envío express,Entrega en 24 horas,Envío programado,Elige el día de entrega,,
36,mi-tienda,MITI-010309,Amazonas,Bongará,San Carlos,010309,0,99.99,35.00,65.00,28.00,100,199.99,30.00,60.00,24.00,200,299.99,25.00,55.00,20.00,300,,20.00,50.00,16.00,Envío estándar,Entrega en 2 a 5 días hábiles,Envío express,Entrega en 24 horas,Envío programado,Elige el día de entrega,,
37,mi-tienda,MITI-010310,Amazonas,Bongará,Shipasbamba,010310,0,99.99,35.00,65.00,28.00,100,199.99,30.00,60.00,24.00,200,299.99,25.00,55.00,20.00,300,,20.00,50.00,16.00,Envío estándar,Entrega en 2 a 5 días hábiles,Envío express,Entrega en 24 horas,Envío programado,Elige el día de entrega,,
38,mi-tienda,MITI-010311,Amazonas,Bongará,Valera,010311,0,99.99,35.00,65.00,28.00,100,199.99,30.00,60.00,24.00,200,299.99,25.00,55.00,20.00,300,,20.00,50.00,16.00,Envío estándar,Entrega en 2 a 5 días hábiles,Envío express,Entrega en 24 horas,Envío programado,Elige el día de entrega,,
39,mi-tienda,MITI-010312,Amazonas,Bongará,Yambrasbamba,010312,0,99.99,35.00,65.00,28.00,100,199.99,30.00,60.00,24.00,200,299.99,25.00,55.00,20.00,300,,20.00,50.00,16.00,Envío estándar,Entrega en 2 a 5 días hábiles,Envío express,Entrega en 24 horas,Envío programado,Elige el día de entrega,,
40,mi-tienda,MITI-010401,Amazonas,Condorcanqui,Nieva,010401,0,99.99,35.00,65.00,28.00,100,199.99,30.00,60.00,24.00,200,299.99,25.00,55.00,20.00,300,,20.00,50.00,16.00,Envío estándar,Entrega en 2 a 5 días hábiles,Envío express,Entrega en 24 horas,Envío programado,Elige el día de entrega,,
41,mi-tienda,MITI-010402,Amazonas,Condorcanqui,El Cenepa,010402,0,99.99,35.00,65.00,28.00,100,199.99,30.00,60.00,24.00,200,299.99,25.00,55.00,20.00,300,,20.00,50.00,16.00,Envío estándar,Entrega en 2 a 5 días hábiles,Envío express,Entrega en 24 horas,Envío programado,Elige el día de entrega,,
42,mi-tienda,MITI-010403,Amazonas,Condorcanqui,Rio Santiago,010403,0,99.99,35.00,65.00,28.00,100,199.99,30.00,60.00,24.00,200,299.99,25.00,55.00,20.00,300,,20.00,50.00,16.00,Envío estándar,Entrega en 2 a 5 días hábiles,Envío express,Entrega en 24 horas,Envío programado,Elige el día de entrega,,
43,mi-tienda,MITI-010501,Amazonas,Luya,Lamud,010501,0,99.99,35.00,65.00,28.00,100,199.99,30.00,60.00,24.00,200,299.99,25.00,55.00,20.00,300,,20.00,50.00,16.00,Envío estándar,Entrega en 2 a 5 días hábiles,Envío express,Entrega en 24 horas,Envío programado,Elige el día de entrega,,
44,mi-tienda,MITI-010502,Amazonas,Luya,Camporredondo,010502,0,99.99,35.00,65.00,28.00,100,199.99,30.00,60.00,24.00,200,299.99,25.00,55.00,20.00,300,,20.00,50.00,16.00,Envío estándar,Entrega en 2 a 5 días hábiles,Envío express,Entrega en 24 horas,Envío programado,Elige el día de entrega,,
45,mi-tienda,MITI-010503,Amazonas,Luya,Cocabamba,010503,0,99.99,35.00,65.00,28.00,100,199.99,30.00,60.00,24.00,200,299.99,25.00,55.00,20.00,300,,20.00,50.00,16.00,Envío estándar,Entrega en 2 a 5 días hábiles,Envío express,Entrega en 24 horas,Envío programado,Elige el día de entrega,,
46,mi-tienda,MITI-010504,Amazonas,Luya,Colcamar,010504,0,99.99,35.00,65.00,28.00,100,199.99,30.00,60.00,24.00,200,299.99,25.00,55.00,20.00,300,,20.00,50.00,16.00,Envío estándar,Entrega en 2 a 5 días hábiles,Envío express,Entrega en 24 horas,Envío programado,Elige el día de entrega,,
47,mi-tienda,MITI-010505,Amazonas,Luya,Conila,010505,0,99.99,35.00,65.00,28.00,100,199.99,30.00,60.00,24.00,200,299.99,25.00,55.00,20.00,300,,20.00,50.00,16.00,Envío estándar,Entrega en 2 a 5 días hábiles,Envío express,Entrega en 24 horas,Envío programado,Elige el día de entrega,,
48,mi-tienda,MITI-010506,Amazonas,Luya,Inguilpata,010506,0,99.99,35.00,65.00,28.00,100,199.99,30.00,60.00,24.00,200,299.99,25.00,55.00,20.00,300,,20.00,50.00,16.00,Envío estándar,Entrega en 2 a 5 días hábiles,Envío express,Entrega en 24 horas,Envío programado,Elige el día de entrega,,
49,mi-tienda,MITI-010507,Amazonas,Luya,Longuita,010507,0,99.99,35.00,65.00,28.00,100,199.99,30.00,60.00,24.00,200,299.99,25.00,55.00,20.00,300,,20.00,50.00,16.00,Envío estándar,Entrega en 2 a 5 días hábiles,Envío express,Entrega en 24 horas,Envío programado,Elige el día de entrega,,
50,mi-tienda,MITI-010508,Amazonas,Luya,Lonya Chico,010508,0,99.99,35.00,65.00,28.00,100,199.99,30.00,60.00,24.00,200,299.99,25.00,55.00,20.00,300,,20.00,50.00,16.00,Envío estándar,Entrega en 2 a 5 días hábiles,Envío express,Entrega en 24 horas,Envío programado,Elige el día de entrega,,
51,mi-tienda,MITI-010509,Amazonas,Luya,Luya,010509,0,99.99,35.00,65.00,28.00,100,199.99,30.00,60.00,24.00,200,299.99,25.00,55.00,20.00,300,,20.00,50.00,16.00,Envío estándar,Entrega en 2 a 5 días hábiles,Envío express,Entrega en 24 horas,Envío programado,Elige el día de entrega,,
52,mi-tienda,MITI-010510,Amazonas,Luya,Luya Viejo,010510,0,99.99,35.00,65.00,28.00,100,199.99,30.00,60.00,24.00,200,299.99,25.00,55.00,20.00,300,,20.00,50.00,16.00,Envío estándar,Entrega en 2 a 5 días hábiles,Envío express,Entrega en 24 horas,Envío programado,Elige el día de entrega,,
53,mi-tienda,MITI-010511,Amazonas,Luya,Maria,010511,0,99.99,35.00,65.00,28.00,100,199.99,30.00,60.00,24.00,200,299.99,25.00,55.00,20.00,300,,20.00,50.00,16.00,Envío estándar,Entrega en 2 a 5 días hábiles,Envío express,Entrega en 24 horas,Envío programado,Elige el día de entrega,,
54,mi-tienda,MITI-010512,Amazonas,Luya,Ocalli,010512,0,99.99,35.00,65.00,28.00,100,199.99,30.00,60.00,24.00,200,299.99,25.00,55.00,20.00,300,,20.00,50.00,16.00,Envío estándar,Entrega en 2 a 5 días hábiles,Envío express,Entrega en 24 horas,Envío programado,Elige el día de entrega,,
55,mi-tienda,MITI-010513,Amazonas,Luya,Ocumal,010513,0,99.99,35.00,65.00,28.00,100,199.99,30.00,60.00,24.00,200,299.99,25.00,55.00,20.00,300,,20.00,50.00,16.00,Envío estándar,Entrega en 2 a 5 días hábiles,Envío express,Entrega en 24 horas,Envío programado,Elige el día de entrega,,
56,mi-tienda,MITI-010514,Amazonas,Luya,Pisuquia,010514,0,99.99,35.00,65.00,28.00,100,199.99,30.00,60.00,24.00,200,299.99,25.00,55.00,20.00,300,,20.00,50.00,16.00,Envío estándar,Entrega en 2 a 5 días hábiles,Envío express,Entrega en 24 horas,Envío programado,Elige el día de entrega,,
57,mi-tienda,MITI-010515,Amazonas,Luya,Providencia,010515,0,99.99,35.00,65.00,28.00,100,199.99,30.00,60.00,24.00,200,299.99,25.00,55.00,20.00,300,,20.00,50.00,16.00,Envío estándar,Entrega en 2 a 5 días hábiles,Envío express,Entrega en 24 horas,Envío programado,Elige el día de entrega,,
58,mi-tienda,MITI-010516,Amazonas,Luya,San Cristóbal,010516,0,99.99,35.00,65.00,28.00,100,199.99,30.00,60.00,24.00,200,299.99,25.00,55.00,20.00,300,,20.00,50.00,16.00,Envío estándar,Entrega en 2 a 5 días hábiles,Envío express,Entrega en 24 horas,Envío programado,Elige el día de entrega,,
59,mi-tienda,MITI-010517,Amazonas,Luya,San Francisco del Yeso,010517,0,99.99,35.00,65.00,28.00,100,199.99,30.00,60.00,24.00,200,299.99,25.00,55.00,20.00,300,,20.00,50.00,16.00,Envío estándar,Entrega en 2 a 5 días hábiles,Envío express,Entrega en 24 horas,Envío programado,Elige el día de entrega,,
60,mi-tienda,MITI-010518,Amazonas,Luya,San Jerónimo,010518,0,99.99,35.00,65.00,28.00,100,199.99,30.00,60.00,24.00,200,299.99,25.00,55.00,20.00,300,,20.00,50.00,16.00,Envío estándar,Entrega en 2 a 5 días hábiles,Envío express,Entrega en 24 horas,Envío programado,Elige el día de entrega,,
61,mi-tienda,MITI-010519,Amazonas,Luya,San Juan de Lopecancha,010519,0,99.99,35.00,65.00,28.00,100,199.99,30.00,60.00,24.00,200,299.99,25.00,55.00,20.00,300,,20.00,50.00,16.00,Envío estándar,Entrega en 2 a 5 días hábiles,Envío express,Entrega en 24 horas,Envío programado,Elige el día de entrega,,
62,mi-tienda,MITI-010520,Amazonas,Luya,Santa Catalina,010520,0,99.99,35.00,65.00,28.00,100,199.99,30.00,60.00,24.00,200,299.99,25.00,55.00,20.00,300,,20.00,50.00,16.00,Envío estándar,Entrega en 2 a 5 días hábiles,Envío express,Entrega en 24 horas,Envío programado,Elige el día de entrega,,
63,mi-tienda,MITI-010521,Amazonas,Luya,Santo Tomas,010521,0,99.99,35.00,65.00,28.00,100,199.99,30.00,60.00,24.00,200,299.99,25.00,55.00,20.00,300,,20.00,50.00,16.00,Envío estándar,Entrega en 2 a 5 días hábiles,Envío express,Entrega en 24 horas,Envío programado,Elige el día de entrega,,
64,mi-tienda,MITI-010522,Amazonas,Luya,Tingo,010522,0,99.99,35.00,65.00,28.00,100,199.99,30.00,60.00,24.00,200,299.99,25.00,55.00,20.00,300,,20.00,50.00,16.00,Envío estándar,Entrega en 2 a 5 días hábiles,Envío express,Entrega en 24 horas,Envío programado,Elige el día de entrega,,
65,mi-tienda,MITI-010523,Amazonas,Luya,Trita,010523,0,99.99,35.00,65.00,28.00,100,199.99,30.00,60.00,24.00,200,299.99,25.00,55.00,20.00,300,,20.00,50.00,16.00,Envío estándar,Entrega en 2 a 5 días hábiles,Envío express,Entrega en 24 horas,Envío programado,Elige el día de entrega,,
66,mi-tienda,MITI-010601,Amazonas,Rodríguez de Mendoza,San Nicolas,010601,0,99.99,35.00,65.00,28.00,100,199.99,30.00,60.00,24.00,200,299.99,25.00,55.00,20.00,300,,20.00,50.00,16.00,Envío estándar,Entrega en 2 a 5 días hábiles,Envío express,Entrega en 24 horas,Envío programado,Elige el día de entrega,,
67,mi-tienda,MITI-010602,Amazonas,Rodríguez de Mendoza,Chirimoto,010602,0,99.99,35.00,65.00,28.00,100,199.99,30.00,60.00,24.00,200,299.99,25.00,55.00,20.00,300,,20.00,50.00,16.00,Envío estándar,Entrega en 2 a 5 días hábiles,Envío express,Entrega en 24 horas,Envío programado,Elige el día de entrega,,
68,mi-tienda,MITI-010603,Amazonas,Rodríguez de Mendoza,Cochamal,010603,0,99.99,35.00,65.00,28.00,100,199.99,30.00,60.00,24.00,200,299.99,25.00,55.00,20.00,300,,20.00,50.00,16.00,Envío estándar,Entrega en 2 a 5 días hábiles,Envío express,Entrega en 24 horas,Envío programado,Elige el día de entrega,,
69,mi-tienda,MITI-010604,Amazonas,Rodríguez de Mendoza,Huambo,010604,0,99.99,35.00,65.00,28.00,100,199.99,30.00,60.00,24.00,200,299.99,25.00,55.00,20.00,300,,20.00,50.00,16.00,Envío estándar,Entrega en 2 a 5 días hábiles,Envío express,Entrega en 24 horas,Envío programado,Elige el día de entrega,,
70,mi-tienda,MITI-010605,Amazonas,Rodríguez de Mendoza,Limabamba,010605,0,99.99,35.00,65.00,28.00,100,199.99,30.00,60.00,24.00,200,299.99,25.00,55.00,20.00,300,,20.00,50.00,16.00,Envío estándar,Entrega en 2 a 5 días hábiles,Envío express,Entrega en 24 horas,Envío programado,Elige el día de entrega,,
71,mi-tienda,MITI-010606,Amazonas,Rodríguez de Mendoza,Longar,010606,0,99.99,35.00,65.00,28.00,100,199.99,30.00,60.00,24.00,200,299.99,25.00,55.00,20.00,300,,20.00,50.00,16.00,Envío estándar,Entrega en 2 a 5 días hábiles,Envío express,Entrega en 24 horas,Envío programado,Elige el día de entrega,,
72,mi-tienda,MITI-010607,Amazonas,Rodríguez de Mendoza,Mariscal Benavides,010607,0,99.99,35.00,65.00,28.00,100,199.99,30.00,60.00,24.00,200,299.99,25.00,55.00,20.00,300,,20.00,50.00,16.00,Envío estándar,Entrega en 2 a 5 días hábiles,Envío express,Entrega en 24 horas,Envío programado,Elige el día de entrega,,
73,mi-tienda,MITI-010608,Amazonas,Rodríguez de Mendoza,Milpuc,010608,0,99.99,35.00,65.00,28.00,100,199.99,30.00,60.00,24.00,200,299.99,25.00,55.00,20.00,300,,20.00,50.00,16.00,Envío estándar,Entrega en 2 a 5 días hábiles,Envío express,Entrega en 24 horas,Envío programado,Elige el día de entrega,,
74,mi-tienda,MITI-010609,Amazonas,Rodríguez de Mendoza,Omia,010609,0,99.99,35.00,65.00,28.00,100,199.99,30.00,60.00,24.00,200,299.99,25.00,55.00,20.00,300,,20.00,50.00,16.00,Envío estándar,Entrega en 2 a 5 días hábiles,Envío express,Entrega en 24 horas,Envío programado,Elige el día de entrega,,
75,mi-tienda,MITI-010610,Amazonas,Rodríguez de Mendoza,Santa Rosa,010610,0,99.99,35.00,65.00,28.00,100,199.99,30.00,60.00,24.00,200,299.99,25.00,55.00,20.00,300,,20.00,50.00,16.00,Envío estándar,Entrega en 2 a 5 días hábiles,Envío express,Entrega en 24 horas,Envío programado,Elige el día de entrega,,
76,mi-tienda,MITI-010611,Amazonas,Rodríguez de Mendoza,Totora,010611,0,99.99,35.00,65.00,28.00,100,199.99,30.00,60.00,24.00,200,299.99,25.00,55.00,20.00,300,,20.00,50.00,16.00,Envío estándar,Entrega en 2 a 5 días hábiles,Envío express,Entrega en 24 horas,Envío programado,Elige el día de entrega,,
77,mi-tienda,MITI-010612,Amazonas,Rodríguez de Mendoza,Vista Alegre,010612,0,99.99,35.00,65.00,28.00,100,199.99,30.00,60.00,24.00,200,299.99,25.00,55.00,20.00,300,,20.00,50.00,16.00,Envío estándar,Entrega en 2 a 5 días hábiles,Envío express,Entrega en 24 horas,Envío programado,Elige el día de entrega,,
78,mi-tienda,MITI-010701,Amazonas,Utcubamba,Bagua Grande,010701,0,99.99,35.00,65.00,28.00,100,199.99,30.00,60.00,24.00,200,299.99,25.00,55.00,20.00,300,,20.00,50.00,16.00,Envío estándar,Entrega en 2 a 5 días hábiles,Envío express,Entrega en 24 horas,Envío programado,Elige el día de entrega,,
79,mi-tienda,MITI-010702,Amazonas,Utcubamba,Cajaruro,010702,0,99.99,35.00,65.00,28.00,100,199.99,30.00,60.00,24.00,200,299.99,25.00,55.00,20.00,300,,20.00,50.00,16.00,Envío estándar,Entrega en 2 a 5 días hábiles,Envío express,Entrega en 24 horas,Envío programado,Elige el día de entrega,,
80,mi-tienda,MITI-010703,Amazonas,Utcubamba,Cumba,010703,0,99.99,35.00,65.00,28.00,100,199.99,30.00,60.00,24.00,200,299.99,25.00,55.00,20.00,300,,20.00,50.00,16.00,Envío estándar,Entrega en 2 a 5 días hábiles,Envío express,Entrega en 24 horas,Envío programado,Elige el día de entrega,,
81,mi-tienda,MITI-010704,Amazonas,Utcubamba,El Milagro,010704,0,99.99,35.00,65.00,28.00,100,199.99,30.00,60.00,24.00,200,299.99,25.00,55.00,20.00,300,,20.00,50.00,16.00,Envío estándar,Entrega en 2 a 5 días hábiles,Envío express,Entrega en 24 horas,Envío programado,Elige el día de entrega,,
82,mi-tienda,MITI-010705,Amazonas,Utcubamba,Jamalca,010705,0,99.99,35.00,65.00,28.00,100,199.99,30.00,60.00,24.00,200,299.99,25.00,55.00,20.00,300,,20.00,50.00,16.00,Envío estándar,Entrega en 2 a 5 días hábiles,Envío express,Entrega en 24 horas,Envío programado,Elige el día de entrega,,
83,mi-tienda,MITI-010706,Amazonas,Utcubamba,Lonya Grande,010706,0,99.99,35.00,65.00,28.00,100,199.99,30.00,60.00,24.00,200,299.99,25.00,55.00,20.00,300,,20.00,50.00,16.00,Envío estándar,Entrega en 2 a 5 días hábiles,Envío express,Entrega en 24 horas,Envío programado,Elige el día de entrega,,
84,mi-tienda,MITI-010707,Amazonas,Utcubamba,Yamon,010707,0,99.99,35.00,65.00,28.00,100,199.99,30.00,60.00,24.00,200,299.99,25.00,55.00,20.00,300,,20.00,50.00,16.00,Envío estándar,Entrega en 2 a 5 días hábiles,Envío express,Entrega en 24 horas,Envío programado,Elige el día de entrega,,
85,mi-tienda,MITI-020101,Áncash,Huaraz,Huaraz,020101,0,99.99,35.00,65.00,28.00,100,199.99,30.00,60.00,24.00,200,299.99,25.00,55.00,20.00,300,,20.00,50.00,16.00,Envío estándar,Entrega en 2 a 5 días hábiles,Envío express,Entrega en 24 horas,Envío programado,Elige el día de entrega,,
86,mi-tienda,MITI-020102,Áncash,Huaraz,Cochabamba,020102,0,99.99,35.00,65.00,28.00,100,199.99,30.00,60.00,24.00,200,299.99,25.00,55.00,20.00,300,,20.00,50.00,16.00,Envío estándar,Entrega en 2 a 5 días hábiles,Envío express,Entrega en 24 horas,Envío programado,Elige el día de entrega,,
87,mi-tienda,MITI-020103,Áncash,Huaraz,Colcabamba,020103,0,99.99,35.00,65.00,28.00,100,199.99,30.00,60.00,24.00,200,299.99,25.00,55.00,20.00,300,,20.00,50.00,16.00,Envío estándar,Entrega en 2 a 5 días hábiles,Envío express,Entrega en 24 horas,Envío programado,Elige el día de entrega,,
88,mi-tienda,MITI-020104,Áncash,Huaraz,Huanchay,020104,0,99.99,35.00,65.00,28.00,100,199.99,30.00,60.00,24.00,200,299.99,25.00,55.00,20.00,300,,20.00,50.00,16.00,Envío estándar,Entrega en 2 a 5 días hábiles,Envío express,Entrega en 24 horas,Envío programado,Elige el día de entrega,,
89,mi-tienda,MITI-020105,Áncash,Huaraz,Independencia,020105,0,99.99,35.00,65.00,28.00,100,199.99,30.00,60.00,24.00,200,299.99,25.00,55.00,20.00,300,,20.00,50.00,16.00,Envío estándar,Entrega en 2 a 5 días hábiles,Envío express,Entrega en 24 horas,Envío programado,Elige el día de entrega,,
90,mi-tienda,MITI-020106,Áncash,Huaraz,Jangas,020106,0,99.99,35.00,65.00,28.00,100,199.99,30.00,60.00,24.00,200,299.99,25.00,55.00,20.00,300,,20.00,50.00,16.00,Envío estándar,Entrega en 2 a 5 días hábiles,Envío express,Entrega en 24 horas,Envío programado,Elige el día de entrega,,
91,mi-tienda,MITI-020107,Áncash,Huaraz,La Libertad,020107,0,99.99,35.00,65.00,28.00,100,199.99,30.00,60.00,24.00,200,299.99,25.00,55.00,20.00,300,,20.00,50.00,16.00,Envío estándar,Entrega en 2 a 5 días hábiles,Envío express,Entrega en 24 horas,Envío programado,Elige el día de entrega,,
92,mi-tienda,MITI-020108,Áncash,Huaraz,Olleros,020108,0,99.99,35.00,65.00,28.00,100,199.99,30.00,60.00,24.00,200,299.99,25.00,55.00,20.00,300,,20.00,50.00,16.00,Envío estándar,Entrega en 2 a 5 días hábiles,Envío express,Entrega en 24 horas,Envío programado,Elige el día de entrega,,
93,mi-tienda,MITI-020109,Áncash,Huaraz,Pampas,020109,0,99.99,35.00,65.00,28.00,100,199.99,30.00,60.00,24.00,200,299.99,25.00,55.00,20.00,300,,20.00,50.00,16.00,Envío estándar,Entrega en 2 a 5 días hábiles,Envío express,Entrega en 24 horas,Envío programado,Elige el día de entrega,,
94,mi-tienda,MITI-020110,Áncash,Huaraz,Pariacoto,020110,0,99.99,35.00,65.00,28.00,100,199.99,30.00,60.00,24.00,200,299.99,25.00,55.00,20.00,300,,20.00,50.00,16.00,Envío estándar,Entrega en 2 a 5 días hábiles,Envío express,Entrega en 24 horas,Envío programado,Elige el día de entrega,,
95,mi-tienda,MITI-020111,Áncash,Huaraz,Pira,020111,0,99.99,35.00,65.00,28.00,100,199.99,30.00,60.00,24.00,200,299.99,25.00,55.00,20.00,300,,20.00,50.00,16.00,Envío estándar,Entrega en 2 a 5 días hábiles,Envío express,Entrega en 24 horas,Envío programado,Elige el día de entrega,,
96,mi-tienda,MITI-020112,Áncash,Huaraz,Tarica,020112,0,99.99,35.00,65.00,28.00,100,199.99,30.00,60.00,24.00,200,299.99,25.00,55.00,20.00,300,,20.00,50.00,16.00,Envío estándar,Entrega en 2 a 5 días hábiles,Envío express,Entrega en 24 horas,Envío programado,Elige el día de entrega,,
97,mi-tienda,MITI-020201,Áncash,Aija,Aija,020201,0,99.99,35.00,65.00,28.00,100,199.99,30.00,60.00,24.00,200,299.99,25.00,55.00,20.00,300,,20.00,50.00,16.00,Envío estándar,Entrega en 2 a 5 días hábiles,Envío express,Entrega en 24 horas,Envío programado,Elige el día de entrega,,
98,mi-tienda,MITI-020202,Áncash,Aija,Coris,020202,0,99.99,35.00,65.00,28.00,100,199.99,30.00,60.00,24.00,200,299.99,25.00,55.00,20.00,300,,20.00,50.00,16.00,Envío estándar,Entrega en 2 a 5 días hábiles,Envío express,Entrega en 24 horas,Envío programado,Elige el día de entrega,,
99,mi-tienda,MITI-020203,Áncash,Aija,Huacllan,020203,0,99.99,35.00,65.00,28.00,100,199.99,30.00,60.00,24.00,200,299.99,25.00,55.00,20.00,300,,20.00,50.00,16.00,Envío estándar,Entrega en 2 a 5 días hábiles,Envío express,Entrega en 24 horas,Envío programado,Elige el día de entrega,,
100,mi-tienda,MITI-020204,Áncash,Aija,La Merced,020204,0,99.99,35.00,65.00,28.00,100,199.99,30.00,60.00,24.00,200,299.99,25.00,55.00,20.00,300,,20.00,50.00,16.00,Envío estándar,Entrega en 2 a 5 días hábiles,Envío express,Entrega en 24 horas,Envío programado,Elige el día de entrega,,
101,mi-tienda,MITI-020205,Áncash,Aija,Succha,020205,0,99.99,35.00,65.00,28.00,100,199.99,30.00,60.00,24.00,200,299.99,25.00,55.00,20.00,300,,20.00,50.00,16.00,Envío estándar,Entrega en 2 a 5 días hábiles,Envío express,Entrega en 24 horas,Envío programado,Elige el día de entrega,,
102,mi-tienda,MITI-020301,Áncash,Antonio Raymondi,Llamellin,020301,0,99.99,35.00,65.00,28.00,100,199.99,30.00,60.00,24.00,200,299.99,25.00,55.00,20.00,300,,20.00,50.00,16.00,Envío estándar,Entrega en 2 a 5 días hábiles,Envío express,Entrega en 24 horas,Envío programado,Elige el día de entrega,,
103,mi-tienda,MITI-020302,Áncash,Antonio Raymondi,Aczo,020302,0,99.99,35.00,65.00,28.00,100,199.99,30.00,60.00,24.00,200,299.99,25.00,55.00,20.00,300,,20.00,50.00,16.00,Envío estándar,Entrega en 2 a 5 días hábiles,Envío express,Entrega en 24 horas,Envío programado,Elige el día de entrega,,
104,mi-tienda,MITI-020303,Áncash,Antonio Raymondi,Chaccho,020303,0,99.99,35.00,65.00,28.00,100,199.99,30.00,60.00,24.00,200,299.99,25.00,55.00,20.00,300,,20.00,50.00,16.00,Envío estándar,Entrega en 2 a 5 días hábiles,Envío express,Entrega en 24 horas,Envío programado,Elige el día de entrega,,
105,mi-tienda,MITI-020304,Áncash,Antonio Raymondi,Chingas,020304,0,99.99,35.00,65.00,28.00,100,199.99,30.00,60.00,24.00,200,299.99,25.00,55.00,20.00,300,,20.00,50.00,16.00,Envío estándar,Entrega en 2 a 5 días hábiles,Envío express,Entrega en 24 horas,Envío programado,Elige el día de entrega,,
106,mi-tienda,MITI-020305,Áncash,Antonio Raymondi,Mirgas,020305,0,99.99,35.00,65.00,28.00,100,199.99,30.00,60.00,24.00,200,299.99,25.00,55.00,20.00,300,,20.00,50.00,16.00,Envío estándar,Entrega en 2 a 5 días hábiles,Envío express,Entrega en 24 horas,Envío programado,Elige el día de entrega,,
107,mi-tienda,MITI-020306,Áncash,Antonio Raymondi,San Juan de Rontoy,020306,0,99.99,35.00,65.00,28.00,100,199.99,30.00,60.00,24.00,200,299.99,25.00,55.00,20.00,300,,20.00,50.00,16.00,Envío estándar,Entrega en 2 a 5 días hábiles,Envío express,Entrega en 24 horas,Envío programado,Elige el día de entrega,,
108,mi-tienda,MITI-020401,Áncash,Asunción,Chacas,020401,0,99.99,35.00,65.00,28.00,100,199.99,30.00,60.00,24.00,200,299.99,25.00,55.00,20.00,300,,20.00,50.00,16.00,Envío estándar,Entrega en 2 a 5 días hábiles,Envío express,Entrega en 24 horas,Envío programado,Elige el día de entrega,,
109,mi-tienda,MITI-020402,Áncash,Asunción,Acochaca,020402,0,99.99,35.00,65.00,28.00,100,199.99,30.00,60.00,24.00,200,299.99,25.00,55.00,20.00,300,,20.00,50.00,16.00,Envío estándar,Entrega en 2 a 5 días hábiles,Envío express,Entrega en 24 horas,Envío programado,Elige el día de entrega,,
110,mi-tienda,MITI-020501,Áncash,Bolognesi,Chiquian,020501,0,99.99,35.00,65.00,28.00,100,199.99,30.00,60.00,24.00,200,299.99,25.00,55.00,20.00,300,,20.00,50.00,16.00,Envío estándar,Entrega en 2 a 5 días hábiles,Envío express,Entrega en 24 horas,Envío programado,Elige el día de entrega,,
111,mi-tienda,MITI-020502,Áncash,Bolognesi,Abelardo Pardo Lezameta,020502,0,99.99,35.00,65.00,28.00,100,199.99,30.00,60.00,24.00,200,299.99,25.00,55.00,20.00,300,,20.00,50.00,16.00,Envío estándar,Entrega en 2 a 5 días hábiles,Envío express,Entrega en 24 horas,Envío programado,Elige el día de entrega,,
112,mi-tienda,MITI-020503,Áncash,Bolognesi,Antonio Raymondi,020503,0,99.99,35.00,65.00,28.00,100,199.99,30.00,60.00,24.00,200,299.99,25.00,55.00,20.00,300,,20.00,50.00,16.00,Envío estándar,Entrega en 2 a 5 días hábiles,Envío express,Entrega en 24 horas,Envío programado,Elige el día de entrega,,
113,mi-tienda,MITI-020504,Áncash,Bolognesi,Aquia,020504,0,99.99,35.00,65.00,28.00,100,199.99,30.00,60.00,24.00,200,299.99,25.00,55.00,20.00,300,,20.00,50.00,16.00,Envío estándar,Entrega en 2 a 5 días hábiles,Envío express,Entrega en 24 horas,Envío programado,Elige el día de entrega,,
114,mi-tienda,MITI-020505,Áncash,Bolognesi,Cajacay,020505,0,99.99,35.00,65.00,28.00,100,199.99,30.00,60.00,24.00,200,299.99,25.00,55.00,20.00,300,,20.00,50.00,16.00,Envío estándar,Entrega en 2 a 5 días hábiles,Envío express,Entrega en 24 horas,Envío programado,Elige el día de entrega,,
115,mi-tienda,MITI-020506,Áncash,Bolognesi,Canis,020506,0,99.99,35.00,65.00,28.00,100,199.99,30.00,60.00,24.00,200,299.99,25.00,55.00,20.00,300,,20.00,50.00,16.00,Envío estándar,Entrega en 2 a 5 días hábiles,Envío express,Entrega en 24 horas,Envío programado,Elige el día de entrega,,
116,mi-tienda,MITI-020507,Áncash,Bolognesi,Colquioc,020507,0,99.99,35.00,65.00,28.00,100,199.99,30.00,60.00,24.00,200,299.99,25.00,55.00,20.00,300,,20.00,50.00,16.00,Envío estándar,Entrega en 2 a 5 días hábiles,Envío express,Entrega en 24 horas,Envío programado,Elige el día de entrega,,
117,mi-tienda,MITI-020508,Áncash,Bolognesi,Huallanca,020508,0,99.99,35.00,65.00,28.00,100,199.99,30.00,60.00,24.00,200,299.99,25.00,55.00,20.00,300,,20.00,50.00,16.00,Envío estándar,Entrega en 2 a 5 días hábiles,Envío express,Entrega en 24 horas,Envío programado,Elige el día de entrega,,
118,mi-tienda,MITI-020509,Áncash,Bolognesi,Huasta,020509,0,99.99,35.00,65.00,28.00,100,199.99,30.00,60.00,24.00,200,299.99,25.00,55.00,20.00,300,,20.00,50.00,16.00,Envío estándar,Entrega en 2 a 5 días hábiles,Envío express,Entrega en 24 horas,Envío programado,Elige el día de entrega,,
119,mi-tienda,MITI-020510,Áncash,Bolognesi,Huayllacayan,020510,0,99.99,35.00,65.00,28.00,100,199.99,30.00,60.00,24.00,200,299.99,25.00,55.00,20.00,300,,20.00,50.00,16.00,Envío estándar,Entrega en 2 a 5 días hábiles,Envío express,Entrega en 24 horas,Envío programado,Elige el día de entrega,,
120,mi-tienda,MITI-020511,Áncash,Bolognesi,La Primavera,020511,0,99.99,35.00,65.00,28.00,100,199.99,30.00,60.00,24.00,200,299.99,25.00,55.00,20.00,300,,20.00,50.00,16.00,Envío estándar,Entrega en 2 a 5 días hábiles,Envío express,Entrega en 24 horas,Envío programado,Elige el día de entrega,,
121,mi-tienda,MITI-020512,Áncash,Bolognesi,Mangas,020512,0,99.99,35.00,65.00,28.00,100,199.99,30.00,60.00,24.00,200,299.99,25.00,55.00,20.00,300,,20.00,50.00,16.00,Envío estándar,Entrega en 2 a 5 días hábiles,Envío express,Entrega en 24 horas,Envío programado,Elige el día de entrega,,
122,mi-tienda,MITI-020513,Áncash,Bolognesi,Pacllon,020513,0,99.99,35.00,65.00,28.00,100,199.99,30.00,60.00,24.00,200,299.99,25.00,55.00,20.00,300,,20.00,50.00,16.00,Envío estándar,Entrega en 2 a 5 días hábiles,Envío express,Entrega en 24 horas,Envío programado,Elige el día de entrega,,
123,mi-tienda,MITI-020514,Áncash,Bolognesi,San Miguel de Corpanqui,020514,0,99.99,35.00,65.00,28.00,100,199.99,30.00,60.00,24.00,200,299.99,25.00,55.00,20.00,300,,20.00,50.00,16.00,Envío estándar,Entrega en 2 a 5 días hábiles,Envío express,Entrega en 24 horas,Envío programado,Elige el día de entrega,,
124,mi-tienda,MITI-020515,Áncash,Bolognesi,Ticllos,020515,0,99.99,35.00,65.00,28.00,100,199.99,30.00,60.00,24.00,200,299.99,25.00,55.00,20.00,300,,20.00,50.00,16.00,Envío estándar,Entrega en 2 a 5 días hábiles,Envío express,Entrega en 24 horas,Envío programado,Elige el día de entrega,,
125,mi-tienda,MITI-020601,Áncash,Carhuaz,Carhuaz,020601,0,99.99,35.00,65.00,28.00,100,199.99,30.00,60.00,24.00,200,299.99,25.00,55.00,20.00,300,,20.00,50.00,16.00,Envío estándar,Entrega en 2 a 5 días hábiles,Envío express,Entrega en 24 horas,Envío programado,Elige el día de entrega,,
126,mi-tienda,MITI-020602,Áncash,Carhuaz,Acopampa,020602,0,99.99,35.00,65.00,28.00,100,199.99,30.00,60.00,24.00,200,299.99,25.00,55.00,20.00,300,,20.00,50.00,16.00,Envío estándar,Entrega en 2 a 5 días hábiles,Envío express,Entrega en 24 horas,Envío programado,Elige el día de entrega,,
127,mi-tienda,MITI-020603,Áncash,Carhuaz,Amashca,020603,0,99.99,35.00,65.00,28.00,100,199.99,30.00,60.00,24.00,200,299.99,25.00,55.00,20.00,300,,20.00,50.00,16.00,Envío estándar,Entrega en 2 a 5 días hábiles,Envío express,Entrega en 24 horas,Envío programado,Elige el día de entrega,,
128,mi-tienda,MITI-020604,Áncash,Carhuaz,Anta,020604,0,99.99,35.00,65.00,28.00,100,199.99,30.00,60.00,24.00,200,299.99,25.00,55.00,20.00,300,,20.00,50.00,16.00,Envío estándar,Entrega en 2 a 5 días hábiles,Envío express,Entrega en 24 horas,Envío programado,Elige el día de entrega,,
129,mi-tienda,MITI-020605,Áncash,Carhuaz,Ataquero,020605,0,99.99,35.00,65.00,28.00,100,199.99,30.00,60.00,24.00,200,299.99,25.00,55.00,20.00,300,,20.00,50.00,16.00,Envío estándar,Entrega en 2 a 5 días hábiles,Envío express,Entrega en 24 horas,Envío programado,Elige el día de entrega,,
130,mi-tienda,MITI-020606,Áncash,Carhuaz,Marcara,020606,0,99.99,35.00,65.00,28.00,100,199.99,30.00,60.00,24.00,200,299.99,25.00,55.00,20.00,300,,20.00,50.00,16.00,Envío estándar,Entrega en 2 a 5 días hábiles,Envío express,Entrega en 24 horas,Envío programado,Elige el día de entrega,,
131,mi-tienda,MITI-020607,Áncash,Carhuaz,Pariahuanca,020607,0,99.99,35.00,65.00,28.00,100,199.99,30.00,60.00,24.00,200,299.99,25.00,55.00,20.00,300,,20.00,50.00,16.00,Envío estándar,Entrega en 2 a 5 días hábiles,Envío express,Entrega en 24 horas,Envío programado,Elige el día de entrega,,
132,mi-tienda,MITI-020608,Áncash,Carhuaz,San Miguel de Aco,020608,0,99.99,35.00,65.00,28.00,100,199.99,30.00,60.00,24.00,200,299.99,25.00,55.00,20.00,300,,20.00,50.00,16.00,Envío estándar,Entrega en 2 a 5 días hábiles,Envío express,Entrega en 24 horas,Envío programado,Elige el día de entrega,,
133,mi-tienda,MITI-020609,Áncash,Carhuaz,Shilla,020609,0,99.99,35.00,65.00,28.00,100,199.99,30.00,60.00,24.00,200,299.99,25.00,55.00,20.00,300,,20.00,50.00,16.00,Envío estándar,Entrega en 2 a 5 días hábiles,Envío express,Entrega en 24 horas,Envío programado,Elige el día de entrega,,
134,mi-tienda,MITI-020610,Áncash,Carhuaz,Tinco,020610,0,99.99,35.00,65.00,28.00,100,199.99,30.00,60.00,24.00,200,299.99,25.00,55.00,20.00,300,,20.00,50.00,16.00,Envío estándar,Entrega en 2 a 5 días hábiles,Envío express,Entrega en 24 horas,Envío programado,Elige el día de entrega,,
135,mi-tienda,MITI-020611,Áncash,Carhuaz,Yungar,020611,0,99.99,35.00,65.00,28.00,100,199.99,30.00,60.00,24.00,200,299.99,25.00,55.00,20.00,300,,20.00,50.00,16.00,Envío estándar,Entrega en 2 a 5 días hábiles,Envío express,Entrega en 24 horas,Envío programado,Elige el día de entrega,,
136,mi-tienda,MITI-020701,Áncash,Carlos Fermín Fitzcarral,San Luis,020701,0,99.99,35.00,65.00,28.00,100,199.99,30.00,60.00,24.00,200,299.99,25.00,55.00,20.00,300,,20.00,50.00,16.00,Envío estándar,Entrega en 2 a 5 días hábiles,Envío express,Entrega en 24 horas,Envío programado,Elige el día de entrega,,
137,mi-tienda,MITI-020702,Áncash,Carlos Fermín Fitzcarral,San Nicolas,020702,0,99.99,35.00,65.00,28.00,100,199.99,30.00,60.00,24.00,200,299.99,25.00,55.00,20.00,300,,20.00,50.00,16.00,Envío estándar,Entrega en 2 a 5 días hábiles,Envío express,Entrega en 24 horas,Envío programado,Elige el día de entrega,,
138,mi-tienda,MITI-020703,Áncash,Carlos Fermín Fitzcarral,Yauya,020703,0,99.99,35.00,65.00,28.00,100,199.99,30.00,60.00,24.00,200,299.99,25.00,55.00,20.00,300,,20.00,50.00,16.00,Envío estándar,Entrega en 2 a 5 días hábiles,Envío express,Entrega en 24 horas,Envío programado,Elige el día de entrega,,
139,mi-tienda,MITI-020801,Áncash,Casma,Casma,020801,0,99.99,35.00,65.00,28.00,100,199.99,30.00,60.00,24.00,200,299.99,25.00,55.00,20.00,300,,20.00,50.00,16.00,Envío estándar,Entrega en 2 a 5 días hábiles,Envío express,Entrega en 24 horas,Envío programado,Elige el día de entrega,,
140,mi-tienda,MITI-020802,Áncash,Casma,Buena Vista Alta,020802,0,99.99,35.00,65.00,28.00,100,199.99,30.00,60.00,24.00,200,299.99,25.00,55.00,20.00,300,,20.00,50.00,16.00,Envío estándar,Entrega en 2 a 5 días hábiles,Envío express,Entrega en 24 horas,Envío programado,Elige el día de entrega,,
141,mi-tienda,MITI-020803,Áncash,Casma,Comandante Noel,020803,0,99.99,35.00,65.00,28.00,100,199.99,30.00,60.00,24.00,200,299.99,25.00,55.00,20.00,300,,20.00,50.00,16.00,Envío estándar,Entrega en 2 a 5 días hábiles,Envío express,Entrega en 24 horas,Envío programado,Elige el día de entrega,,
142,mi-tienda,MITI-020804,Áncash,Casma,Yautan,020804,0,99.99,35.00,65.00,28.00,100,199.99,30.00,60.00,24.00,200,299.99,25.00,55.00,20.00,300,,20.00,50.00,16.00,Envío estándar,Entrega en 2 a 5 días hábiles,Envío express,Entrega en 24 horas,Envío programado,Elige el día de entrega,,
143,mi-tienda,MITI-020901,Áncash,Corongo,Corongo,020901,0,99.99,35.00,65.00,28.00,100,199.99,30.00,60.00,24.00,200,299.99,25.00,55.00,20.00,300,,20.00,50.00,16.00,Envío estándar,Entrega en 2 a 5 días hábiles,Envío express,Entrega en 24 horas,Envío programado,Elige el día de entrega,,
144,mi-tienda,MITI-020902,Áncash,Corongo,Aco,020902,0,99.99,35.00,65.00,28.00,100,199.99,30.00,60.00,24.00,200,299.99,25.00,55.00,20.00,300,,20.00,50.00,16.00,Envío estándar,Entrega en 2 a 5 días hábiles,Envío express,Entrega en 24 horas,Envío programado,Elige el día de entrega,,
145,mi-tienda,MITI-020903,Áncash,Corongo,Bambas,020903,0,99.99,35.00,65.00,28.00,100,199.99,30.00,60.00,24.00,200,299.99,25.00,55.00,20.00,300,,20.00,50.00,16.00,Envío estándar,Entrega en 2 a 5 días hábiles,Envío express,Entrega en 24 horas,Envío programado,Elige el día de entrega,,
146,mi-tienda,MITI-020904,Áncash,Corongo,Cusca,020904,0,99.99,35.00,65.00,28.00,100,199.99,30.00,60.00,24.00,200,299.99,25.00,55.00,20.00,300,,20.00,50.00,16.00,Envío estándar,Entrega en 2 a 5 días hábiles,Envío express,Entrega en 24 horas,Envío programado,Elige el día de entrega,,
147,mi-tienda,MITI-020905,Áncash,Corongo,La Pampa,020905,0,99.99,35.00,65.00,28.00,100,199.99,30.00,60.00,24.00,200,299.99,25.00,55.00,20.00,300,,20.00,50.00,16.00,Envío estándar,Entrega en 2 a 5 días hábiles,Envío express,Entrega en 24 horas,Envío programado,Elige el día de entrega,,
148,mi-tienda,MITI-020906,Áncash,Corongo,Yanac,020906,0,99.99,35.00,65.00,28.00,100,199.99,30.00,60.00,24.00,200,299.99,25.00,55.00,20.00,300,,20.00,50.00,16.00,Envío estándar,Entrega en 2 a 5 días hábiles,Envío express,Entrega en 24 horas,Envío programado,Elige el día de entrega,,
149,mi-tienda,MITI-020907,Áncash,Corongo,Yupan,020907,0,99.99,35.00,65.00,28.00,100,199.99,30.00,60.00,24.00,200,299.99,25.00,55.00,20.00,300,,20.00,50.00,16.00,Envío estándar,Entrega en 2 a 5 días hábiles,Envío express,Entrega en 24 horas,Envío programado,Elige el día de entrega,,
150,mi-tienda,MITI-021001,Áncash,Huari,Huari,021001,0,99.99,35.00,65.00,28.00,100,199.99,30.00,60.00,24.00,200,299.99,25.00,55.00,20.00,300,,20.00,50.00,16.00,Envío estándar,Entrega en 2 a 5 días hábiles,Envío express,Entrega en 24 horas,Envío programado,Elige el día de entrega,,
151,mi-tienda,MITI-021002,Áncash,Huari,Anra,021002,0,99.99,35.00,65.00,28.00,100,199.99,30.00,60.00,24.00,200,299.99,25.00,55.00,20.00,300,,20.00,50.00,16.00,Envío estándar,Entrega en 2 a 5 días hábiles,Envío express,Entrega en 24 horas,Envío programado,Elige el día de entrega,,
152,mi-tienda,MITI-021003,Áncash,Huari,Cajay,021003,0,99.99,35.00,65.00,28.00,100,199.99,30.00,60.00,24.00,200,299.99,25.00,55.00,20.00,300,,20.00,50.00,16.00,Envío estándar,Entrega en 2 a 5 días hábiles,Envío express,Entrega en 24 horas,Envío programado,Elige el día de entrega,,
153,mi-tienda,MITI-021004,Áncash,Huari,Chavin de Huantar,021004,0,99.99,35.00,65.00,28.00,100,199.99,30.00,60.00,24.00,200,299.99,25.00,55.00,20.00,300,,20.00,50.00,16.00,Envío estándar,Entrega en 2 a 5 días hábiles,Envío express,Entrega en 24 horas,Envío programado,Elige el día de entrega,,
154,mi-tienda,MITI-021005,Áncash,Huari,Huacachi,021005,0,99.99,35.00,65.00,28.00,100,199.99,30.00,60.00,24.00,200,299.99,25.00,55.00,20.00,300,,20.00,50.00,16.00,Envío estándar,Entrega en 2 a 5 días hábiles,Envío express,Entrega en 24 horas,Envío programado,Elige el día de entrega,,
155,mi-tienda,MITI-021006,Áncash,Huari,Huacchis,021006,0,99.99,35.00,65.00,28.00,100,199.99,30.00,60.00,24.00,200,299.99,25.00,55.00,20.00,300,,20.00,50.00,16.00,Envío estándar,Entrega en 2 a 5 días hábiles,Envío express,Entrega en 24 horas,Envío programado,Elige el día de entrega,,
156,mi-tienda,MITI-021007,Áncash,Huari,Huachis,021007,0,99.99,35.00,65.00,28.00,100,199.99,30.00,60.00,24.00,200,299.99,25.00,55.00,20.00,300,,20.00,50.00,16.00,Envío estándar,Entrega en 2 a 5 días hábiles,Envío express,Entrega en 24 horas,Envío programado,Elige el día de entrega,,
157,mi-tienda,MITI-021008,Áncash,Huari,Huantar,021008,0,99.99,35.00,65.00,28.00,100,199.99,30.00,60.00,24.00,200,299.99,25.00,55.00,20.00,300,,20.00,50.00,16.00,Envío estándar,Entrega en 2 a 5 días hábiles,Envío express,Entrega en 24 horas,Envío programado,Elige el día de entrega,,
158,mi-tienda,MITI-021009,Áncash,Huari,Masin,021009,0,99.99,35.00,65.00,28.00,100,199.99,30.00,60.00,24.00,200,299.99,25.00,55.00,20.00,300,,20.00,50.00,16.00,Envío estándar,Entrega en 2 a 5 días hábiles,Envío express,Entrega en 24 horas,Envío programado,Elige el día de entrega,,
159,mi-tienda,MITI-021010,Áncash,Huari,Paucas,021010,0,99.99,35.00,65.00,28.00,100,199.99,30.00,60.00,24.00,200,299.99,25.00,55.00,20.00,300,,20.00,50.00,16.00,Envío estándar,Entrega en 2 a 5 días hábiles,Envío express,Entrega en 24 horas,Envío programado,Elige el día de entrega,,
160,mi-tienda,MITI-021011,Áncash,Huari,Ponto,021011,0,99.99,35.00,65.00,28.00,100,199.99,30.00,60.00,24.00,200,299.99,25.00,55.00,20.00,300,,20.00,50.00,16.00,Envío estándar,Entrega en 2 a 5 días hábiles,Envío express,Entrega en 24 horas,Envío programado,Elige el día de entrega,,
161,mi-tienda,MITI-021012,Áncash,Huari,Rahuapampa,021012,0,99.99,35.00,65.00,28.00,100,199.99,30.00,60.00,24.00,200,299.99,25.00,55.00,20.00,300,,20.00,50.00,16.00,Envío estándar,Entrega en 2 a 5 días hábiles,Envío express,Entrega en 24 horas,Envío programado,Elige el día de entrega,,
162,mi-tienda,MITI-021013,Áncash,Huari,Rapayan,021013,0,99.99,35.00,65.00,28.00,100,199.99,30.00,60.00,24.00,200,299.99,25.00,55.00,20.00,300,,20.00,50.00,16.00,Envío estándar,Entrega en 2 a 5 días hábiles,Envío express,Entrega en 24 horas,Envío programado,Elige el día de entrega,,
163,mi-tienda,MITI-021014,Áncash,Huari,San Marcos,021014,0,99.99,35.00,65.00,28.00,100,199.99,30.00,60.00,24.00,200,299.99,25.00,55.00,20.00,300,,20.00,50.00,16.00,Envío estándar,Entrega en 2 a 5 días hábiles,Envío express,Entrega en 24 horas,Envío programado,Elige el día de entrega,,
164,mi-tienda,MITI-021015,Áncash,Huari,San Pedro de Chana,021015,0,99.99,35.00,65.00,28.00,100,199.99,30.00,60.00,24.00,200,299.99,25.00,55.00,20.00,300,,20.00,50.00,16.00,Envío estándar,Entrega en 2 a 5 días hábiles,Envío express,Entrega en 24 horas,Envío programado,Elige el día de entrega,,
165,mi-tienda,MITI-021016,Áncash,Huari,Uco,021016,0,99.99,35.00,65.00,28.00,100,199.99,30.00,60.00,24.00,200,299.99,25.00,55.00,20.00,300,,20.00,50.00,16.00,Envío estándar,Entrega en 2 a 5 días hábiles,Envío express,Entrega en 24 horas,Envío programado,Elige el día de entrega,,
166,mi-tienda,MITI-021101,Áncash,Huarmey,Huarmey,021101,0,99.99,35.00,65.00,28.00,100,199.99,30.00,60.00,24.00,200,299.99,25.00,55.00,20.00,300,,20.00,50.00,16.00,Envío estándar,Entrega en 2 a 5 días hábiles,Envío express,Entrega en 24 horas,Envío programado,Elige el día de entrega,,
167,mi-tienda,MITI-021102,Áncash,Huarmey,Cochapeti,021102,0,99.99,35.00,65.00,28.00,100,199.99,30.00,60.00,24.00,200,299.99,25.00,55.00,20.00,300,,20.00,50.00,16.00,Envío estándar,Entrega en 2 a 5 días hábiles,Envío express,Entrega en 24 horas,Envío programado,Elige el día de entrega,,
168,mi-tienda,MITI-021103,Áncash,Huarmey,Culebras,021103,0,99.99,35.00,65.00,28.00,100,199.99,30.00,60.00,24.00,200,299.99,25.00,55.00,20.00,300,,20.00,50.00,16.00,Envío estándar,Entrega en 2 a 5 días hábiles,Envío express,Entrega en 24 horas,Envío programado,Elige el día de entrega,,
169,mi-tienda,MITI-021104,Áncash,Huarmey,Huayan,021104,0,99.99,35.00,65.00,28.00,100,199.99,30.00,60.00,24.00,200,299.99,25.00,55.00,20.00,300,,20.00,50.00,16.00,Envío estándar,Entrega en 2 a 5 días hábiles,Envío express,Entrega en 24 horas,Envío programado,Elige el día de entrega,,
170,mi-tienda,MITI-021105,Áncash,Huarmey,Malvas,021105,0,99.99,35.00,65.00,28.00,100,199.99,30.00,60.00,24.00,200,299.99,25.00,55.00,20.00,300,,20.00,50.00,16.00,Envío estándar,Entrega en 2 a 5 días hábiles,Envío express,Entrega en 24 horas,Envío programado,Elige el día de entrega,,
171,mi-tienda,MITI-021201,Áncash,Huaylas,Caraz,021201,0,99.99,35.00,65.00,28.00,100,199.99,30.00,60.00,24.00,200,299.99,25.00,55.00,20.00,300,,20.00,50.00,16.00,Envío estándar,Entrega en 2 a 5 días hábiles,Envío express,Entrega en 24 horas,Envío programado,Elige el día de entrega,,
172,mi-tienda,MITI-021202,Áncash,Huaylas,Huallanca,021202,0,99.99,35.00,65.00,28.00,100,199.99,30.00,60.00,24.00,200,299.99,25.00,55.00,20.00,300,,20.00,50.00,16.00,Envío estándar,Entrega en 2 a 5 días hábiles,Envío express,Entrega en 24 horas,Envío programado,Elige el día de entrega,,
173,mi-tienda,MITI-021203,Áncash,Huaylas,Huata,021203,0,99.99,35.00,65.00,28.00,100,199.99,30.00,60.00,24.00,200,299.99,25.00,55.00,20.00,300,,20.00,50.00,16.00,Envío estándar,Entrega en 2 a 5 días hábiles,Envío express,Entrega en 24 horas,Envío programado,Elige el día de entrega,,
174,mi-tienda,MITI-021204,Áncash,Huaylas,Huaylas,021204,0,99.99,35.00,65.00,28.00,100,199.99,30.00,60.00,24.00,200,299.99,25.00,55.00,20.00,300,,20.00,50.00,16.00,Envío estándar,Entrega en 2 a 5 días hábiles,Envío express,Entrega en 24 horas,Envío programado,Elige el día de entrega,,
175,mi-tienda,MITI-021205,Áncash,Huaylas,Mato,021205,0,99.99,35.00,65.00,28.00,100,199.99,30.00,60.00,24.00,200,299.99,25.00,55.00,20.00,300,,20.00,50.00,16.00,Envío estándar,Entrega en 2 a 5 días hábiles,Envío express,Entrega en 24 horas,Envío programado,Elige el día de entrega,,
176,mi-tienda,MITI-021206,Áncash,Huaylas,Pamparomas,021206,0,99.99,35.00,65.00,28.00,100,199.99,30.00,60.00,24.00,200,299.99,25.00,55.00,20.00,300,,20.00,50.00,16.00,Envío estándar,Entrega en 2 a 5 días hábiles,Envío express,Entrega en 24 horas,Envío programado,Elige el día de entrega,,
177,mi-tienda,MITI-021207,Áncash,Huaylas,Pueblo Libre,021207,0,99.99,35.00,65.00,28.00,100,199.99,30.00,60.00,24.00,200,299.99,25.00,55.00,20.00,300,,20.00,50.00,16.00,Envío estándar,Entrega en 2 a 5 días hábiles,Envío express,Entrega en 24 horas,Envío programado,Elige el día de entrega,,
178,mi-tienda,MITI-021208,Áncash,Huaylas,Santa Cruz,021208,0,99.99,35.00,65.00,28.00,100,199.99,30.00,60.00,24.00,200,299.99,25.00,55.00,20.00,300,,20.00,50.00,16.00,Envío estándar,Entrega en 2 a 5 días hábiles,Envío express,Entrega en 24 horas,Envío programado,Elige el día de entrega,,
179,mi-tienda,MITI-021209,Áncash,Huaylas,Santo Toribio,021209,0,99.99,35.00,65.00,28.00,100,199.99,30.00,60.00,24.00,200,299.99,25.00,55.00,20.00,300,,20.00,50.00,16.00,Envío estándar,Entrega en 2 a 5 días hábiles,Envío express,Entrega en 24 horas,Envío programado,Elige el día de entrega,,
180,mi-tienda,MITI-021210,Áncash,Huaylas,Yuracmarca,021210,0,99.99,35.00,65.00,28.00,100,199.99,30.00,60.00,24.00,200,299.99,25.00,55.00,20.00,300,,20.00,50.00,16.00,Envío estándar,Entrega en 2 a 5 días hábiles,Envío express,Entrega en 24 horas,Envío programado,Elige el día de entrega,,
181,mi-tienda,MITI-021301,Áncash,Mariscal Luzuriaga,Piscobamba,021301,0,99.99,35.00,65.00,28.00,100,199.99,30.00,60.00,24.00,200,299.99,25.00,55.00,20.00,300,,20.00,50.00,16.00,Envío estándar,Entrega en 2 a 5 días hábiles,Envío express,Entrega en 24 horas,Envío programado,Elige el día de entrega,,
182,mi-tienda,MITI-021302,Áncash,Mariscal Luzuriaga,Casca,021302,0,99.99,35.00,65.00,28.00,100,199.99,30.00,60.00,24.00,200,299.99,25.00,55.00,20.00,300,,20.00,50.00,16.00,Envío estándar,Entrega en 2 a 5 días hábiles,Envío express,Entrega en 24 horas,Envío programado,Elige el día de entrega,,
183,mi-tienda,MITI-021303,Áncash,Mariscal Luzuriaga,Eleazar Guzmán Barron,021303,0,99.99,35.00,65.00,28.00,100,199.99,30.00,60.00,24.00,200,299.99,25.00,55.00,20.00,300,,20.00,50.00,16.00,Envío estándar,Entrega en 2 a 5 días hábiles,Envío express,Entrega en 24 horas,Envío programado,Elige el día de entrega,,
184,mi-tienda,MITI-021304,Áncash,Mariscal Luzuriaga,Fidel Olivas Escudero,021304,0,99.99,35.00,65.00,28.00,100,199.99,30.00,60.00,24.00,200,299.99,25.00,55.00,20.00,300,,20.00,50.00,16.00,Envío estándar,Entrega en 2 a 5 días hábiles,Envío express,Entrega en 24 horas,Envío programado,Elige el día de entrega,,
185,mi-tienda,MITI-021305,Áncash,Mariscal Luzuriaga,Llama,021305,0,99.99,35.00,65.00,28.00,100,199.99,30.00,60.00,24.00,200,299.99,25.00,55.00,20.00,300,,20.00,50.00,16.00,Envío estándar,Entrega en 2 a 5 días hábiles,Envío express,Entrega en 24 horas,Envío programado,Elige el día de entrega,,
186,mi-tienda,MITI-021306,Áncash,Mariscal Luzuriaga,Llumpa,021306,0,99.99,35.00,65.00,28.00,100,199.99,30.00,60.00,24.00,200,299.99,25.00,55.00,20.00,300,,20.00,50.00,16.00,Envío estándar,Entrega en 2 a 5 días hábiles,Envío express,Entrega en 24 horas,Envío programado,Elige el día de entrega,,
187,mi-tienda,MITI-021307,Áncash,Mariscal Luzuriaga,Lucma,021307,0,99.99,35.00,65.00,28.00,100,199.99,30.00,60.00,24.00,200,299.99,25.00,55.00,20.00,300,,20.00,50.00,16.00,Envío estándar,Entrega en 2 a 5 días hábiles,Envío express,Entrega en 24 horas,Envío programado,Elige el día de entrega,,
188,mi-tienda,MITI-021308,Áncash,Mariscal Luzuriaga,Musga,021308,0,99.99,35.00,65.00,28.00,100,199.99,30.00,60.00,24.00,200,299.99,25.00,55.00,20.00,300,,20.00,50.00,16.00,Envío estándar,Entrega en 2 a 5 días hábiles,Envío express,Entrega en 24 horas,Envío programado,Elige el día de entrega,,
189,mi-tienda,MITI-021401,Áncash,Ocros,Ocros,021401,0,99.99,35.00,65.00,28.00,100,199.99,30.00,60.00,24.00,200,299.99,25.00,55.00,20.00,300,,20.00,50.00,16.00,Envío estándar,Entrega en 2 a 5 días hábiles,Envío express,Entrega en 24 horas,Envío programado,Elige el día de entrega,,
190,mi-tienda,MITI-021402,Áncash,Ocros,Acas,021402,0,99.99,35.00,65.00,28.00,100,199.99,30.00,60.00,24.00,200,299.99,25.00,55.00,20.00,300,,20.00,50.00,16.00,Envío estándar,Entrega en 2 a 5 días hábiles,Envío express,Entrega en 24 horas,Envío programado,Elige el día de entrega,,
191,mi-tienda,MITI-021403,Áncash,Ocros,Cajamarquilla,021403,0,99.99,35.00,65.00,28.00,100,199.99,30.00,60.00,24.00,200,299.99,25.00,55.00,20.00,300,,20.00,50.00,16.00,Envío estándar,Entrega en 2 a 5 días hábiles,Envío express,Entrega en 24 horas,Envío programado,Elige el día de entrega,,
192,mi-tienda,MITI-021404,Áncash,Ocros,Carhuapampa,021404,0,99.99,35.00,65.00,28.00,100,199.99,30.00,60.00,24.00,200,299.99,25.00,55.00,20.00,300,,20.00,50.00,16.00,Envío estándar,Entrega en 2 a 5 días hábiles,Envío express,Entrega en 24 horas,Envío programado,Elige el día de entrega,,
193,mi-tienda,MITI-021405,Áncash,Ocros,Cochas,021405,0,99.99,35.00,65.00,28.00,100,199.99,30.00,60.00,24.00,200,299.99,25.00,55.00,20.00,300,,20.00,50.00,16.00,Envío estándar,Entrega en 2 a 5 días hábiles,Envío express,Entrega en 24 horas,Envío programado,Elige el día de entrega,,
194,mi-tienda,MITI-021406,Áncash,Ocros,Congas,021406,0,99.99,35.00,65.00,28.00,100,199.99,30.00,60.00,24.00,200,299.99,25.00,55.00,20.00,300,,20.00,50.00,16.00,Envío estándar,Entrega en 2 a 5 días hábiles,Envío express,Entrega en 24 horas,Envío programado,Elige el día de entrega,,
195,mi-tienda,MITI-021407,Áncash,Ocros,Llipa,021407,0,99.99,35.00,65.00,28.00,100,199.99,30.00,60.00,24.00,200,299.99,25.00,55.00,20.00,300,,20.00,50.00,16.00,Envío estándar,Entrega en 2 a 5 días hábiles,Envío express,Entrega en 24 horas,Envío programado,Elige el día de entrega,,
196,mi-tienda,MITI-021408,Áncash,Ocros,San Cristóbal de Rajan,021408,0,99.99,35.00,65.00,28.00,100,199.99,30.00,60.00,24.00,200,299.99,25.00,55.00,20.00,300,,20.00,50.00,16.00,Envío estándar,Entrega en 2 a 5 días hábiles,Envío express,Entrega en 24 horas,Envío programado,Elige el día de entrega,,
197,mi-tienda,MITI-021409,Áncash,Ocros,San Pedro,021409,0,99.99,35.00,65.00,28.00,100,199.99,30.00,60.00,24.00,200,299.99,25.00,55.00,20.00,300,,20.00,50.00,16.00,Envío estándar,Entrega en 2 a 5 días hábiles,Envío express,Entrega en 24 horas,Envío programado,Elige el día de entrega,,
198,mi-tienda,MITI-021410,Áncash,Ocros,Santiago de Chilcas,021410,0,99.99,35.00,65.00,28.00,100,199.99,30.00,60.00,24.00,200,299.99,25.00,55.00,20.00,300,,20.00,50.00,16.00,Envío estándar,Entrega en 2 a 5 días hábiles,Envío express,Entrega en 24 horas,Envío programado,Elige el día de entrega,,
199,mi-tienda,MITI-021501,Áncash,Pallasca,Cabana,021501,0,99.99,35.00,65.00,28.00,100,199.99,30.00,60.00,24.00,200,299.99,25.00,55.00,20.00,300,,20.00,50.00,16.00,Envío estándar,Entrega en 2 a 5 días hábiles,Envío express,Entrega en 24 horas,Envío programado,Elige el día de entrega,,
200,mi-tienda,MITI-021502,Áncash,Pallasca,Bolognesi,021502,0,99.99,35.00,65.00,28.00,100,199.99,30.00,60.00,24.00,200,299.99,25.00,55.00,20.00,300,,20.00,50.00,16.00,Envío estándar,Entrega en 2 a 5 días hábiles,Envío express,Entrega en 24 horas,Envío programado,Elige el día de entrega,,
201,mi-tienda,MITI-021503,Áncash,Pallasca,Conchucos,021503,0,99.99,35.00,65.00,28.00,100,199.99,30.00,60.00,24.00,200,299.99,25.00,55.00,20.00,300,,20.00,50.00,16.00,Envío estándar,Entrega en 2 a 5 días hábiles,Envío express,Entrega en 24 horas,Envío programado,Elige el día de entrega,,
202,mi-tienda,MITI-021504,Áncash,Pallasca,Huacaschuque,021504,0,99.99,35.00,65.00,28.00,100,199.99,30.00,60.00,24.00,200,299.99,25.00,55.00,20.00,300,,20.00,50.00,16.00,Envío estándar,Entrega en 2 a 5 días hábiles,Envío express,Entrega en 24 horas,Envío programado,Elige el día de entrega,,
203,mi-tienda,MITI-021505,Áncash,Pallasca,Huandoval,021505,0,99.99,35.00,65.00,28.00,100,199.99,30.00,60.00,24.00,200,299.99,25.00,55.00,20.00,300,,20.00,50.00,16.00,Envío estándar,Entrega en 2 a 5 días hábiles,Envío express,Entrega en 24 horas,Envío programado,Elige el día de entrega,,
204,mi-tienda,MITI-021506,Áncash,Pallasca,Lacabamba,021506,0,99.99,35.00,65.00,28.00,100,199.99,30.00,60.00,24.00,200,299.99,25.00,55.00,20.00,300,,20.00,50.00,16.00,Envío estándar,Entrega en 2 a 5 días hábiles,Envío express,Entrega en 24 horas,Envío programado,Elige el día de entrega,,
205,mi-tienda,MITI-021507,Áncash,Pallasca,Llapo,021507,0,99.99,35.00,65.00,28.00,100,199.99,30.00,60.00,24.00,200,299.99,25.00,55.00,20.00,300,,20.00,50.00,16.00,Envío estándar,Entrega en 2 a 5 días hábiles,Envío express,Entrega en 24 horas,Envío programado,Elige el día de entrega,,
206,mi-tienda,MITI-021508,Áncash,Pallasca,Pallasca,021508,0,99.99,35.00,65.00,28.00,100,199.99,30.00,60.00,24.00,200,299.99,25.00,55.00,20.00,300,,20.00,50.00,16.00,Envío estándar,Entrega en 2 a 5 días hábiles,Envío express,Entrega en 24 horas,Envío programado,Elige el día de entrega,,
207,mi-tienda,MITI-021509,Áncash,Pallasca,Pampas,021509,0,99.99,35.00,65.00,28.00,100,199.99,30.00,60.00,24.00,200,299.99,25.00,55.00,20.00,300,,20.00,50.00,16.00,Envío estándar,Entrega en 2 a 5 días hábiles,Envío express,Entrega en 24 horas,Envío programado,Elige el día de entrega,,
208,mi-tienda,MITI-021510,Áncash,Pallasca,Santa Rosa,021510,0,99.99,35.00,65.00,28.00,100,199.99,30.00,60.00,24.00,200,299.99,25.00,55.00,20.00,300,,20.00,50.00,16.00,Envío estándar,Entrega en 2 a 5 días hábiles,Envío express,Entrega en 24 horas,Envío programado,Elige el día de entrega,,
209,mi-tienda,MITI-021511,Áncash,Pallasca,Tauca,021511,0,99.99,35.00,65.00,28.00,100,199.99,30.00,60.00,24.00,200,299.99,25.00,55.00,20.00,300,,20.00,50.00,16.00,Envío estándar,Entrega en 2 a 5 días hábiles,Envío express,Entrega en 24 horas,Envío programado,Elige el día de entrega,,
210,mi-tienda,MITI-021601,Áncash,Pomabamba,Pomabamba,021601,0,99.99,35.00,65.00,28.00,100,199.99,30.00,60.00,24.00,200,299.99,25.00,55.00,20.00,300,,20.00,50.00,16.00,Envío estándar,Entrega en 2 a 5 días hábiles,Envío express,Entrega en 24 horas,Envío programado,Elige el día de entrega,,
211,mi-tienda,MITI-021602,Áncash,Pomabamba,Huayllan,021602,0,99.99,35.00,65.00,28.00,100,199.99,30.00,60.00,24.00,200,299.99,25.00,55.00,20.00,300,,20.00,50.00,16.00,Envío estándar,Entrega en 2 a 5 días hábiles,Envío express,Entrega en 24 horas,Envío programado,Elige el día de entrega,,
212,mi-tienda,MITI-021603,Áncash,Pomabamba,Parobamba,021603,0,99.99,35.00,65.00,28.00,100,199.99,30.00,60.00,24.00,200,299.99,25.00,55.00,20.00,300,,20.00,50.00,16.00,Envío estándar,Entrega en 2 a 5 días hábiles,Envío express,Entrega en 24 horas,Envío programado,Elige el día de entrega,,
213,mi-tienda,MITI-021604,Áncash,Pomabamba,Quinuabamba,021604,0,99.99,35.00,65.00,28.00,100,199.99,30.00,60.00,24.00,200,299.99,25.00,55.00,20.00,300,,20.00,50.00,16.00,Envío estándar,Entrega en 2 a 5 días hábiles,Envío express,Entrega en 24 horas,Envío programado,Elige el día de entrega,,
214,mi-tienda,MITI-021701,Áncash,Recuay,Recuay,021701,0,99.99,35.00,65.00,28.00,100,199.99,30.00,60.00,24.00,200,299.99,25.00,55.00,20.00,300,,20.00,50.00,16.00,Envío estándar,Entrega en 2 a 5 días hábiles,Envío express,Entrega en 24 horas,Envío programado,Elige el día de entrega,,
215,mi-tienda,MITI-021702,Áncash,Recuay,Catac,021702,0,99.99,35.00,65.00,28.00,100,199.99,30.00,60.00,24.00,200,299.99,25.00,55.00,20.00,300,,20.00,50.00,16.00,Envío estándar,Entrega en 2 a 5 días hábiles,Envío express,Entrega en 24 horas,Envío programado,Elige el día de entrega,,
216,mi-tienda,MITI-021703,Áncash,Recuay,Cotaparaco,021703,0,99.99,35.00,65.00,28.00,100,199.99,30.00,60.00,24.00,200,299.99,25.00,55.00,20.00,300,,20.00,50.00,16.00,Envío estándar,Entrega en 2 a 5 días hábiles,Envío express,Entrega en 24 horas,Envío programado,Elige el día de entrega,,
217,mi-tienda,MITI-021704,Áncash,Recuay,Huayllapampa,021704,0,99.99,35.00,65.00,28.00,100,199.99,30.00,60.00,24.00,200,299.99,25.00,55.00,20.00,300,,20.00,50.00,16.00,Envío estándar,Entrega en 2 a 5 días hábiles,Envío express,Entrega en 24 horas,Envío programado,Elige el día de entrega,,
218,mi-tienda,MITI-021705,Áncash,Recuay,Llacllin,021705,0,99.99,35.00,65.00,28.00,100,199.99,30.00,60.00,24.00,200,299.99,25.00,55.00,20.00,300,,20.00,50.00,16.00,Envío estándar,Entrega en 2 a 5 días hábiles,Envío express,Entrega en 24 horas,Envío programado,Elige el día de entrega,,
219,mi-tienda,MITI-021706,Áncash,Recuay,Marca,021706,0,99.99,35.00,65.00,28.00,100,199.99,30.00,60.00,24.00,200,299.99,25.00,55.00,20.00,300,,20.00,50.00,16.00,Envío estándar,Entrega en 2 a 5 días hábiles,Envío express,Entrega en 24 horas,Envío programado,Elige el día de entrega,,
220,mi-tienda,MITI-021707,Áncash,Recuay,Pampas Chico,021707,0,99.99,35.00,65.00,28.00,100,199.99,30.00,60.00,24.00,200,299.99,25.00,55.00,20.00,300,,20.00,50.00,16.00,Envío estándar,Entrega en 2 a 5 días hábiles,Envío express,Entrega en 24 horas,Envío programado,Elige el día de entrega,,
221,mi-tienda,MITI-021708,Áncash,Recuay,Pararin,021708,0,99.99,35.00,65.00,28.00,100,199.99,30.00,60.00,24.00,200,299.99,25.00,55.00,20.00,300,,20.00,50.00,16.00,Envío estándar,Entrega en 2 a 5 días hábiles,Envío express,Entrega en 24 horas,Envío programado,Elige el día de entrega,,
222,mi-tienda,MITI-021709,Áncash,Recuay,Tapacocha,021709,0,99.99,35.00,65.00,28.00,100,199.99,30.00,60.00,24.00,200,299.99,25.00,55.00,20.00,300,,20.00,50.00,16.00,Envío estándar,Entrega en 2 a 5 días hábiles,Envío express,Entrega en 24 horas,Envío programado,Elige el día de entrega,,
223,mi-tienda,MITI-021710,Áncash,Recuay,Ticapampa,021710,0,99.99,35.00,65.00,28.00,100,199.99,30.00,60.00,24.00,200,299.99,25.00,55.00,20.00,300,,20.00,50.00,16.00,Envío estándar,Entrega en 2 a 5 días hábiles,Envío express,Entrega en 24 horas,Envío programado,Elige el día de entrega,,
224,mi-tienda,MITI-021801,Áncash,Santa,Chimbote,021801,0,99.99,35.00,65.00,28.00,100,199.99,30.00,60.00,24.00,200,299.99,25.00,55.00,20.00,300,,20.00,50.00,16.00,Envío estándar,Entrega en 2 a 5 días hábiles,Envío express,Entrega en 24 horas,Envío programado,Elige el día de entrega,,
225,mi-tienda,MITI-021802,Áncash,Santa,Cáceres del Perú,021802,0,99.99,35.00,65.00,28.00,100,199.99,30.00,60.00,24.00,200,299.99,25.00,55.00,20.00,300,,20.00,50.00,16.00,Envío estándar,Entrega en 2 a 5 días hábiles,Envío express,Entrega en 24 horas,Envío programado,Elige el día de entrega,,
226,mi-tienda,MITI-021803,Áncash,Santa,Coishco,021803,0,99.99,35.00,65.00,28.00,100,199.99,30.00,60.00,24.00,200,299.99,25.00,55.00,20.00,300,,20.00,50.00,16.00,Envío estándar,Entrega en 2 a 5 días hábiles,Envío express,Entrega en 24 horas,Envío programado,Elige el día de entrega,,
227,mi-tienda,MITI-021804,Áncash,Santa,Macate,021804,0,99.99,35.00,65.00,28.00,100,199.99,30.00,60.00,24.00,200,299.99,25.00,55.00,20.00,300,,20.00,50.00,16.00,Envío estándar,Entrega en 2 a 5 días hábiles,Envío express,Entrega en 24 horas,Envío programado,Elige el día de entrega,,
228,mi-tienda,MITI-021805,Áncash,Santa,Moro,021805,0,99.99,35.00,65.00,28.00,100,199.99,30.00,60.00,24.00,200,299.99,25.00,55.00,20.00,300,,20.00,50.00,16.00,Envío estándar,Entrega en 2 a 5 días hábiles,Envío express,Entrega en 24 horas,Envío programado,Elige el día de entrega,,
229,mi-tienda,MITI-021806,Áncash,Santa,Nepeña,021806,0,99.99,35.00,65.00,28.00,100,199.99,30.00,60.00,24.00,200,299.99,25.00,55.00,20.00,300,,20.00,50.00,16.00,Envío estándar,Entrega en 2 a 5 días hábiles,Envío express,Entrega en 24 horas,Envío programado,Elige el día de entrega,,
230,mi-tienda,MITI-021807,Áncash,Santa,Samanco,021807,0,99.99,35.00,65.00,28.00,100,199.99,30.00,60.00,24.00,200,299.99,25.00,55.00,20.00,300,,20.00,50.00,16.00,Envío estándar,Entrega en 2 a 5 días hábiles,Envío express,Entrega en 24 horas,Envío programado,Elige el día de entrega,,
231,mi-tienda,MITI-021808,Áncash,Santa,Santa,021808,0,99.99,35.00,65.00,28.00,100,199.99,30.00,60.00,24.00,200,299.99,25.00,55.00,20.00,300,,20.00,50.00,16.00,Envío estándar,Entrega en 2 a 5 días hábiles,Envío express,Entrega en 24 horas,Envío programado,Elige el día de entrega,,
232,mi-tienda,MITI-021809,Áncash,Santa,Nuevo Chimbote,021809,0,99.99,35.00,65.00,28.00,100,199.99,30.00,60.00,24.00,200,299.99,25.00,55.00,20.00,300,,20.00,50.00,16.00,Envío estándar,Entrega en 2 a 5 días hábiles,Envío express,Entrega en 24 horas,Envío programado,Elige el día de entrega,,
233,mi-tienda,MITI-021901,Áncash,Sihuas,Sihuas,021901,0,99.99,35.00,65.00,28.00,100,199.99,30.00,60.00,24.00,200,299.99,25.00,55.00,20.00,300,,20.00,50.00,16.00,Envío estándar,Entrega en 2 a 5 días hábiles,Envío express,Entrega en 24 horas,Envío programado,Elige el día de entrega,,
234,mi-tienda,MITI-021902,Áncash,Sihuas,Acobamba,021902,0,99.99,35.00,65.00,28.00,100,199.99,30.00,60.00,24.00,200,299.99,25.00,55.00,20.00,300,,20.00,50.00,16.00,Envío estándar,Entrega en 2 a 5 días hábiles,Envío express,Entrega en 24 horas,Envío programado,Elige el día de entrega,,
235,mi-tienda,MITI-021903,Áncash,Sihuas,Alfonso Ugarte,021903,0,99.99,35.00,65.00,28.00,100,199.99,30.00,60.00,24.00,200,299.99,25.00,55.00,20.00,300,,20.00,50.00,16.00,Envío estándar,Entrega en 2 a 5 días hábiles,Envío express,Entrega en 24 horas,Envío programado,Elige el día de entrega,,
236,mi-tienda,MITI-021904,Áncash,Sihuas,Cashapampa,021904,0,99.99,35.00,65.00,28.00,100,199.99,30.00,60.00,24.00,200,299.99,25.00,55.00,20.00,300,,20.00,50.00,16.00,Envío estándar,Entrega en 2 a 5 días hábiles,Envío express,Entrega en 24 horas,Envío programado,Elige el día de entrega,,
237,mi-tienda,MITI-021905,Áncash,Sihuas,Chingalpo,021905,0,99.99,35.00,65.00,28.00,100,199.99,30.00,60.00,24.00,200,299.99,25.00,55.00,20.00,300,,20.00,50.00,16.00,Envío estándar,Entrega en 2 a 5 días hábiles,Envío express,Entrega en 24 horas,Envío programado,Elige el día de entrega,,
238,mi-tienda,MITI-021906,Áncash,Sihuas,Huayllabamba,021906,0,99.99,35.00,65.00,28.00,100,199.99,30.00,60.00,24.00,200,299.99,25.00,55.00,20.00,300,,20.00,50.00,16.00,Envío estándar,Entrega en 2 a 5 días hábiles,Envío express,Entrega en 24 horas,Envío programado,Elige el día de entrega,,
239,mi-tienda,MITI-021907,Áncash,Sihuas,Quiches,021907,0,99.99,35.00,65.00,28.00,100,199.99,30.00,60.00,24.00,200,299.99,25.00,55.00,20.00,300,,20.00,50.00,16.00,Envío estándar,Entrega en 2 a 5 días hábiles,Envío express,Entrega en 24 horas,Envío programado,Elige el día de entrega,,
240,mi-tienda,MITI-021908,Áncash,Sihuas,Ragash,021908,0,99.99,35.00,65.00,28.00,100,199.99,30.00,60.00,24.00,200,299.99,25.00,55.00,20.00,300,,20.00,50.00,16.00,Envío estándar,Entrega en 2 a 5 días hábiles,Envío express,Entrega en 24 horas,Envío programado,Elige el día de entrega,,
241,mi-tienda,MITI-021909,Áncash,Sihuas,San Juan,021909,0,99.99,35.00,65.00,28.00,100,199.99,30.00,60.00,24.00,200,299.99,25.00,55.00,20.00,300,,20.00,50.00,16.00,Envío estándar,Entrega en 2 a 5 días hábiles,Envío express,Entrega en 24 horas,Envío programado,Elige el día de entrega,,
242,mi-tienda,MITI-021910,Áncash,Sihuas,Sicsibamba,021910,0,99.99,35.00,65.00,28.00,100,199.99,30.00,60.00,24.00,200,299.99,25.00,55.00,20.00,300,,20.00,50.00,16.00,Envío estándar,Entrega en 2 a 5 días hábiles,Envío express,Entrega en 24 horas,Envío programado,Elige el día de entrega,,
243,mi-tienda,MITI-022001,Áncash,Yungay,Yungay,022001,0,99.99,35.00,65.00,28.00,100,199.99,30.00,60.00,24.00,200,299.99,25.00,55.00,20.00,300,,20.00,50.00,16.00,Envío estándar,Entrega en 2 a 5 días hábiles,Envío express,Entrega en 24 horas,Envío programado,Elige el día de entrega,,
244,mi-tienda,MITI-022002,Áncash,Yungay,Cascapara,022002,0,99.99,35.00,65.00,28.00,100,199.99,30.00,60.00,24.00,200,299.99,25.00,55.00,20.00,300,,20.00,50.00,16.00,Envío estándar,Entrega en 2 a 5 días hábiles,Envío express,Entrega en 24 horas,Envío programado,Elige el día de entrega,,
245,mi-tienda,MITI-022003,Áncash,Yungay,Mancos,022003,0,99.99,35.00,65.00,28.00,100,199.99,30.00,60.00,24.00,200,299.99,25.00,55.00,20.00,300,,20.00,50.00,16.00,Envío estándar,Entrega en 2 a 5 días hábiles,Envío express,Entrega en 24 horas,Envío programado,Elige el día de entrega,,
246,mi-tienda,MITI-022004,Áncash,Yungay,Matacoto,022004,0,99.99,35.00,65.00,28.00,100,199.99,30.00,60.00,24.00,200,299.99,25.00,55.00,20.00,300,,20.00,50.00,16.00,Envío estándar,Entrega en 2 a 5 días hábiles,Envío express,Entrega en 24 horas,Envío programado,Elige el día de entrega,,
247,mi-tienda,MITI-022005,Áncash,Yungay,Quillo,022005,0,99.99,35.00,65.00,28.00,100,199.99,30.00,60.00,24.00,200,299.99,25.00,55.00,20.00,300,,20.00,50.00,16.00,Envío estándar,Entrega en 2 a 5 días hábiles,Envío express,Entrega en 24 horas,Envío programado,Elige el día de entrega,,
248,mi-tienda,MITI-022006,Áncash,Yungay,Ranrahirca,022006,0,99.99,35.00,65.00,28.00,100,199.99,30.00,60.00,24.00,200,299.99,25.00,55.00,20.00,300,,20.00,50.00,16.00,Envío estándar,Entrega en 2 a 5 días hábiles,Envío express,Entrega en 24 horas,Envío programado,Elige el día de entrega,,
249,mi-tienda,MITI-022007,Áncash,Yungay,Shupluy,022007,0,99.99,35.00,65.00,28.00,100,199.99,30.00,60.00,24.00,200,299.99,25.00,55.00,20.00,300,,20.00,50.00,16.00,Envío estándar,Entrega en 2 a 5 días hábiles,Envío express,Entrega en 24 horas,Envío programado,Elige el día de entrega,,
250,mi-tienda,MITI-022008,Áncash,Yungay,Yanama,022008,0,99.99,35.00,65.00,28.00,100,199.99,30.00,60.00,24.00,200,299.99,25.00,55.00,20.00,300,,20.00,50.00,16.00,Envío estándar,Entrega en 2 a 5 días hábiles,Envío express,Entrega en 24 horas,Envío programado,Elige el día de entrega,,
251,mi-tienda,MITI-030101,Apurímac,Abancay,Abancay,030101,0,99.99,35.00,65.00,28.00,100,199.99,30.00,60.00,24.00,200,299.99,25.00,55.00,20.00,300,,20.00,50.00,16.00,Envío estándar,Entrega en 2 a 5 días hábiles,Envío express,Entrega en 24 horas,Envío programado,Elige el día de entrega,,
252,mi-tienda,MITI-030102,Apurímac,Abancay,Chacoche,030102,0,99.99,35.00,65.00,28.00,100,199.99,30.00,60.00,24.00,200,299.99,25.00,55.00,20.00,300,,20.00,50.00,16.00,Envío estándar,Entrega en 2 a 5 días hábiles,Envío express,Entrega en 24 horas,Envío programado,Elige el día de entrega,,
253,mi-tienda,MITI-030103,Apurímac,Abancay,Circa,030103,0,99.99,35.00,65.00,28.00,100,199.99,30.00,60.00,24.00,200,299.99,25.00,55.00,20.00,300,,20.00,50.00,16.00,Envío estándar,Entrega en 2 a 5 días hábiles,Envío express,Entrega en 24 horas,Envío programado,Elige el día de entrega,,
254,mi-tienda,MITI-030104,Apurímac,Abancay,Curahuasi,030104,0,99.99,35.00,65.00,28.00,100,199.99,30.00,60.00,24.00,200,299.99,25.00,55.00,20.00,300,,20.00,50.00,16.00,Envío estándar,Entrega en 2 a 5 días hábiles,Envío express,Entrega en 24 horas,Envío programado,Elige el día de entrega,,
255,mi-tienda,MITI-030105,Apurímac,Abancay,Huanipaca,030105,0,99.99,35.00,65.00,28.00,100,199.99,30.00,60.00,24.00,200,299.99,25.00,55.00,20.00,300,,20.00,50.00,16.00,Envío estándar,Entrega en 2 a 5 días hábiles,Envío express,Entrega en 24 horas,Envío programado,Elige el día de entrega,,
256,mi-tienda,MITI-030106,Apurímac,Abancay,Lambrama,030106,0,99.99,35.00,65.00,28.00,100,199.99,30.00,60.00,24.00,200,299.99,25.00,55.00,20.00,300,,20.00,50.00,16.00,Envío estándar,Entrega en 2 a 5 días hábiles,Envío express,Entrega en 24 horas,Envío programado,Elige el día de entrega,,
257,mi-tienda,MITI-030107,Apurímac,Abancay,Pichirhua,030107,0,99.99,35.00,65.00,28.00,100,199.99,30.00,60.00,24.00,200,299.99,25.00,55.00,20.00,300,,20.00,50.00,16.00,Envío estándar,Entrega en 2 a 5 días hábiles,Envío express,Entrega en 24 horas,Envío programado,Elige el día de entrega,,
258,mi-tienda,MITI-030108,Apurímac,Abancay,San Pedro de Cachora,030108,0,99.99,35.00,65.00,28.00,100,199.99,30.00,60.00,24.00,200,299.99,25.00,55.00,20.00,300,,20.00,50.00,16.00,Envío estándar,Entrega en 2 a 5 días hábiles,Envío express,Entrega en 24 horas,Envío programado,Elige el día de entrega,,
259,mi-tienda,MITI-030109,Apurímac,Abancay,Tamburco,030109,0,99.99,35.00,65.00,28.00,100,199.99,30.00,60.00,24.00,200,299.99,25.00,55.00,20.00,300,,20.00,50.00,16.00,Envío estándar,Entrega en 2 a 5 días hábiles,Envío express,Entrega en 24 horas,Envío programado,Elige el día de entrega,,
260,mi-tienda,MITI-030201,Apurímac,Andahuaylas,Andahuaylas,030201,0,99.99,35.00,65.00,28.00,100,199.99,30.00,60.00,24.00,200,299.99,25.00,55.00,20.00,300,,20.00,50.00,16.00,Envío estándar,Entrega en 2 a 5 días hábiles,Envío express,Entrega en 24 horas,Envío programado,Elige el día de entrega,,
261,mi-tienda,MITI-030202,Apurímac,Andahuaylas,Andarapa,030202,0,99.99,35.00,65.00,28.00,100,199.99,30.00,60.00,24.00,200,299.99,25.00,55.00,20.00,300,,20.00,50.00,16.00,Envío estándar,Entrega en 2 a 5 días hábiles,Envío express,Entrega en 24 horas,Envío programado,Elige el día de entrega,,
262,mi-tienda,MITI-030203,Apurímac,Andahuaylas,Chiara,030203,0,99.99,35.00,65.00,28.00,100,199.99,30.00,60.00,24.00,200,299.99,25.00,55.00,20.00,300,,20.00,50.00,16.00,Envío estándar,Entrega en 2 a 5 días hábiles,Envío express,Entrega en 24 horas,Envío programado,Elige el día de entrega,,
263,mi-tienda,MITI-030204,Apurímac,Andahuaylas,Huancarama,030204,0,99.99,35.00,65.00,28.00,100,199.99,30.00,60.00,24.00,200,299.99,25.00,55.00,20.00,300,,20.00,50.00,16.00,Envío estándar,Entrega en 2 a 5 días hábiles,Envío express,Entrega en 24 horas,Envío programado,Elige el día de entrega,,
264,mi-tienda,MITI-030205,Apurímac,Andahuaylas,Huancaray,030205,0,99.99,35.00,65.00,28.00,100,199.99,30.00,60.00,24.00,200,299.99,25.00,55.00,20.00,300,,20.00,50.00,16.00,Envío estándar,Entrega en 2 a 5 días hábiles,Envío express,Entrega en 24 horas,Envío programado,Elige el día de entrega,,
265,mi-tienda,MITI-030206,Apurímac,Andahuaylas,Huayana,030206,0,99.99,35.00,65.00,28.00,100,199.99,30.00,60.00,24.00,200,299.99,25.00,55.00,20.00,300,,20.00,50.00,16.00,Envío estándar,Entrega en 2 a 5 días hábiles,Envío express,Entrega en 24 horas,Envío programado,Elige el día de entrega,,
266,mi-tienda,MITI-030207,Apurímac,Andahuaylas,Kishuara,030207,0,99.99,35.00,65.00,28.00,100,199.99,30.00,60.00,24.00,200,299.99,25.00,55.00,20.00,300,,20.00,50.00,16.00,Envío estándar,Entrega en 2 a 5 días hábiles,Envío express,Entrega en 24 horas,Envío programado,Elige el día de entrega,,
267,mi-tienda,MITI-030208,Apurímac,Andahuaylas,Pacobamba,030208,0,99.99,35.00,65.00,28.00,100,199.99,30.00,60.00,24.00,200,299.99,25.00,55.00,20.00,300,,20.00,50.00,16.00,Envío estándar,Entrega en 2 a 5 días hábiles,Envío express,Entrega en 24 horas,Envío programado,Elige el día de entrega,,
268,mi-tienda,MITI-030209,Apurímac,Andahuaylas,Pacucha,030209,0,99.99,35.00,65.00,28.00,100,199.99,30.00,60.00,24.00,200,299.99,25.00,55.00,20.00,300,,20.00,50.00,16.00,Envío estándar,Entrega en 2 a 5 días hábiles,Envío express,Entrega en 24 horas,Envío programado,Elige el día de entrega,,
269,mi-tienda,MITI-030210,Apurímac,Andahuaylas,Pampachiri,030210,0,99.99,35.00,65.00,28.00,100,199.99,30.00,60.00,24.00,200,299.99,25.00,55.00,20.00,300,,20.00,50.00,16.00,Envío estándar,Entrega en 2 a 5 días hábiles,Envío express,Entrega en 24 horas,Envío programado,Elige el día de entrega,,
270,mi-tienda,MITI-030211,Apurímac,Andahuaylas,Pomacocha,030211,0,99.99,35.00,65.00,28.00,100,199.99,30.00,60.00,24.00,200,299.99,25.00,55.00,20.00,300,,20.00,50.00,16.00,Envío estándar,Entrega en 2 a 5 días hábiles,Envío express,Entrega en 24 horas,Envío programado,Elige el día de entrega,,
271,mi-tienda,MITI-030212,Apurímac,Andahuaylas,San Antonio de Cachi,030212,0,99.99,35.00,65.00,28.00,100,199.99,30.00,60.00,24.00,200,299.99,25.00,55.00,20.00,300,,20.00,50.00,16.00,Envío estándar,Entrega en 2 a 5 días hábiles,Envío express,Entrega en 24 horas,Envío programado,Elige el día de entrega,,
272,mi-tienda,MITI-030213,Apurímac,Andahuaylas,San Jerónimo,030213,0,99.99,35.00,65.00,28.00,100,199.99,30.00,60.00,24.00,200,299.99,25.00,55.00,20.00,300,,20.00,50.00,16.00,Envío estándar,Entrega en 2 a 5 días hábiles,Envío express,Entrega en 24 horas,Envío programado,Elige el día de entrega,,
273,mi-tienda,MITI-030214,Apurímac,Andahuaylas,San Miguel de Chaccrampa,030214,0,99.99,35.00,65.00,28.00,100,199.99,30.00,60.00,24.00,200,299.99,25.00,55.00,20.00,300,,20.00,50.00,16.00,Envío estándar,Entrega en 2 a 5 días hábiles,Envío express,Entrega en 24 horas,Envío programado,Elige el día de entrega,,
274,mi-tienda,MITI-030215,Apurímac,Andahuaylas,Santa Maria de Chicmo,030215,0,99.99,35.00,65.00,28.00,100,199.99,30.00,60.00,24.00,200,299.99,25.00,55.00,20.00,300,,20.00,50.00,16.00,Envío estándar,Entrega en 2 a 5 días hábiles,Envío express,Entrega en 24 horas,Envío programado,Elige el día de entrega,,
275,mi-tienda,MITI-030216,Apurímac,Andahuaylas,Talavera,030216,0,99.99,35.00,65.00,28.00,100,199.99,30.00,60.00,24.00,200,299.99,25.00,55.00,20.00,300,,20.00,50.00,16.00,Envío estándar,Entrega en 2 a 5 días hábiles,Envío express,Entrega en 24 horas,Envío programado,Elige el día de entrega,,
276,mi-tienda,MITI-030217,Apurímac,Andahuaylas,Tumay Huaraca,030217,0,99.99,35.00,65.00,28.00,100,199.99,30.00,60.00,24.00,200,299.99,25.00,55.00,20.00,300,,20.00,50.00,16.00,Envío estándar,Entrega en 2 a 5 días hábiles,Envío express,Entrega en 24 horas,Envío programado,Elige el día de entrega,,
277,mi-tienda,MITI-030218,Apurímac,Andahuaylas,Turpo,030218,0,99.99,35.00,65.00,28.00,100,199.99,30.00,60.00,24.00,200,299.99,25.00,55.00,20.00,300,,20.00,50.00,16.00,Envío estándar,Entrega en 2 a 5 días hábiles,Envío express,Entrega en 24 horas,Envío programado,Elige el día de entrega,,
278,mi-tienda,MITI-030219,Apurímac,Andahuaylas,Kaquiabamba,030219,0,99.99,35.00,65.00,28.00,100,199.99,30.00,60.00,24.00,200,299.99,25.00,55.00,20.00,300,,20.00,50.00,16.00,Envío estándar,Entrega en 2 a 5 días hábiles,Envío express,Entrega en 24 horas,Envío programado,Elige el día de entrega,,
279,mi-tienda,MITI-030220,Apurímac,Andahuaylas,José María Arguedas,030220,0,99.99,35.00,65.00,28.00,100,199.99,30.00,60.00,24.00,200,299.99,25.00,55.00,20.00,300,,20.00,50.00,16.00,Envío estándar,Entrega en 2 a 5 días hábiles,Envío express,Entrega en 24 horas,Envío programado,Elige el día de entrega,,
280,mi-tienda,MITI-030301,Apurímac,Antabamba,Antabamba,030301,0,99.99,35.00,65.00,28.00,100,199.99,30.00,60.00,24.00,200,299.99,25.00,55.00,20.00,300,,20.00,50.00,16.00,Envío estándar,Entrega en 2 a 5 días hábiles,Envío express,Entrega en 24 horas,Envío programado,Elige el día de entrega,,
281,mi-tienda,MITI-030302,Apurímac,Antabamba,El Oro,030302,0,99.99,35.00,65.00,28.00,100,199.99,30.00,60.00,24.00,200,299.99,25.00,55.00,20.00,300,,20.00,50.00,16.00,Envío estándar,Entrega en 2 a 5 días hábiles,Envío express,Entrega en 24 horas,Envío programado,Elige el día de entrega,,
282,mi-tienda,MITI-030303,Apurímac,Antabamba,Huaquirca,030303,0,99.99,35.00,65.00,28.00,100,199.99,30.00,60.00,24.00,200,299.99,25.00,55.00,20.00,300,,20.00,50.00,16.00,Envío estándar,Entrega en 2 a 5 días hábiles,Envío express,Entrega en 24 horas,Envío programado,Elige el día de entrega,,
283,mi-tienda,MITI-030304,Apurímac,Antabamba,Juan Espinoza Medrano,030304,0,99.99,35.00,65.00,28.00,100,199.99,30.00,60.00,24.00,200,299.99,25.00,55.00,20.00,300,,20.00,50.00,16.00,Envío estándar,Entrega en 2 a 5 días hábiles,Envío express,Entrega en 24 horas,Envío programado,Elige el día de entrega,,
284,mi-tienda,MITI-030305,Apurímac,Antabamba,Oropesa,030305,0,99.99,35.00,65.00,28.00,100,199.99,30.00,60.00,24.00,200,299.99,25.00,55.00,20.00,300,,20.00,50.00,16.00,Envío estándar,Entrega en 2 a 5 días hábiles,Envío express,Entrega en 24 horas,Envío programado,Elige el día de entrega,,
285,mi-tienda,MITI-030306,Apurímac,Antabamba,Pachaconas,030306,0,99.99,35.00,65.00,28.00,100,199.99,30.00,60.00,24.00,200,299.99,25.00,55.00,20.00,300,,20.00,50.00,16.00,Envío estándar,Entrega en 2 a 5 días hábiles,Envío express,Entrega en 24 horas,Envío programado,Elige el día de entrega,,
286,mi-tienda,MITI-030307,Apurímac,Antabamba,Sabaino,030307,0,99.99,35.00,65.00,28.00,100,199.99,30.00,60.00,24.00,200,299.99,25.00,55.00,20.00,300,,20.00,50.00,16.00,Envío estándar,Entrega en 2 a 5 días hábiles,Envío express,Entrega en 24 horas,Envío programado,Elige el día de entrega,,
287,mi-tienda,MITI-030401,Apurímac,Aymaraes,Chalhuanca,030401,0,99.99,35.00,65.00,28.00,100,199.99,30.00,60.00,24.00,200,299.99,25.00,55.00,20.00,300,,20.00,50.00,16.00,Envío estándar,Entrega en 2 a 5 días hábiles,Envío express,Entrega en 24 horas,Envío programado,Elige el día de entrega,,
288,mi-tienda,MITI-030402,Apurímac,Aymaraes,Capaya,030402,0,99.99,35.00,65.00,28.00,100,199.99,30.00,60.00,24.00,200,299.99,25.00,55.00,20.00,300,,20.00,50.00,16.00,Envío estándar,Entrega en 2 a 5 días hábiles,Envío express,Entrega en 24 horas,Envío programado,Elige el día de entrega,,
289,mi-tienda,MITI-030403,Apurímac,Aymaraes,Caraybamba,030403,0,99.99,35.00,65.00,28.00,100,199.99,30.00,60.00,24.00,200,299.99,25.00,55.00,20.00,300,,20.00,50.00,16.00,Envío estándar,Entrega en 2 a 5 días hábiles,Envío express,Entrega en 24 horas,Envío programado,Elige el día de entrega,,
290,mi-tienda,MITI-030404,Apurímac,Aymaraes,Chapimarca,030404,0,99.99,35.00,65.00,28.00,100,199.99,30.00,60.00,24.00,200,299.99,25.00,55.00,20.00,300,,20.00,50.00,16.00,Envío estándar,Entrega en 2 a 5 días hábiles,Envío express,Entrega en 24 horas,Envío programado,Elige el día de entrega,,
291,mi-tienda,MITI-030405,Apurímac,Aymaraes,Colcabamba,030405,0,99.99,35.00,65.00,28.00,100,199.99,30.00,60.00,24.00,200,299.99,25.00,55.00,20.00,300,,20.00,50.00,16.00,Envío estándar,Entrega en 2 a 5 días hábiles,Envío express,Entrega en 24 horas,Envío programado,Elige el día de entrega,,
292,mi-tienda,MITI-030406,Apurímac,Aymaraes,Cotaruse,030406,0,99.99,35.00,65.00,28.00,100,199.99,30.00,60.00,24.00,200,299.99,25.00,55.00,20.00,300,,20.00,50.00,16.00,Envío estándar,Entrega en 2 a 5 días hábiles,Envío express,Entrega en 24 horas,Envío programado,Elige el día de entrega,,
293,mi-tienda,MITI-030407,Apurímac,Aymaraes,Huayllo,030407,0,99.99,35.00,65.00,28.00,100,199.99,30.00,60.00,24.00,200,299.99,25.00,55.00,20.00,300,,20.00,50.00,16.00,Envío estándar,Entrega en 2 a 5 días hábiles,Envío express,Entrega en 24 horas,Envío programado,Elige el día de entrega,,
294,mi-tienda,MITI-030408,Apurímac,Aymaraes,Justo Apu Sahuaraura,030408,0,99.99,35.00,65.00,28.00,100,199.99,30.00,60.00,24.00,200,299.99,25.00,55.00,20.00,300,,20.00,50.00,16.00,Envío estándar,Entrega en 2 a 5 días hábiles,Envío express,Entrega en 24 horas,Envío programado,Elige el día de entrega,,
295,mi-tienda,MITI-030409,Apurímac,Aymaraes,Lucre,030409,0,99.99,35.00,65.00,28.00,100,199.99,30.00,60.00,24.00,200,299.99,25.00,55.00,20.00,300,,20.00,50.00,16.00,Envío estándar,Entrega en 2 a 5 días hábiles,Envío express,Entrega en 24 horas,Envío programado,Elige el día de entrega,,
296,mi-tienda,MITI-030410,Apurímac,Aymaraes,Pocohuanca,030410,0,99.99,35.00,65.00,28.00,100,199.99,30.00,60.00,24.00,200,299.99,25.00,55.00,20.00,300,,20.00,50.00,16.00,Envío estándar,Entrega en 2 a 5 días hábiles,Envío express,Entrega en 24 horas,Envío programado,Elige el día de entrega,,
297,mi-tienda,MITI-030411,Apurímac,Aymaraes,San Juan de Chacña,030411,0,99.99,35.00,65.00,28.00,100,199.99,30.00,60.00,24.00,200,299.99,25.00,55.00,20.00,300,,20.00,50.00,16.00,Envío estándar,Entrega en 2 a 5 días hábiles,Envío express,Entrega en 24 horas,Envío programado,Elige el día de entrega,,
298,mi-tienda,MITI-030412,Apurímac,Aymaraes,Sañayca,030412,0,99.99,35.00,65.00,28.00,100,199.99,30.00,60.00,24.00,200,299.99,25.00,55.00,20.00,300,,20.00,50.00,16.00,Envío estándar,Entrega en 2 a 5 días hábiles,Envío express,Entrega en 24 horas,Envío programado,Elige el día de entrega,,
299,mi-tienda,MITI-030413,Apurímac,Aymaraes,Soraya,030413,0,99.99,35.00,65.00,28.00,100,199.99,30.00,60.00,24.00,200,299.99,25.00,55.00,20.00,300,,20.00,50.00,16.00,Envío estándar,Entrega en 2 a 5 días hábiles,Envío express,Entrega en 24 horas,Envío programado,Elige el día de entrega,,
300,mi-tienda,MITI-030414,Apurímac,Aymaraes,Tapairihua,030414,0,99.99,35.00,65.00,28.00,100,199.99,30.00,60.00,24.00,200,299.99,25.00,55.00,20.00,300,,20.00,50.00,16.00,Envío estándar,Entrega en 2 a 5 días hábiles,Envío express,Entrega en 24 horas,Envío programado,Elige el día de entrega,,
301,mi-tienda,MITI-030415,Apurímac,Aymaraes,Tintay,030415,0,99.99,35.00,65.00,28.00,100,199.99,30.00,60.00,24.00,200,299.99,25.00,55.00,20.00,300,,20.00,50.00,16.00,Envío estándar,Entrega en 2 a 5 días hábiles,Envío express,Entrega en 24 horas,Envío programado,Elige el día de entrega,,
302,mi-tienda,MITI-030416,Apurímac,Aymaraes,Toraya,030416,0,99.99,35.00,65.00,28.00,100,199.99,30.00,60.00,24.00,200,299.99,25.00,55.00,20.00,300,,20.00,50.00,16.00,Envío estándar,Entrega en 2 a 5 días hábiles,Envío express,Entrega en 24 horas,Envío programado,Elige el día de entrega,,
303,mi-tienda,MITI-030417,Apurímac,Aymaraes,Yanaca,030417,0,99.99,35.00,65.00,28.00,100,199.99,30.00,60.00,24.00,200,299.99,25.00,55.00,20.00,300,,20.00,50.00,16.00,Envío estándar,Entrega en 2 a 5 días hábiles,Envío express,Entrega en 24 horas,Envío programado,Elige el día de entrega,,
304,mi-tienda,MITI-030501,Apurímac,Cotabambas,Tambobamba,030501,0,99.99,35.00,65.00,28.00,100,199.99,30.00,60.00,24.00,200,299.99,25.00,55.00,20.00,300,,20.00,50.00,16.00,Envío estándar,Entrega en 2 a 5 días hábiles,Envío express,Entrega en 24 horas,Envío programado,Elige el día de entrega,,
305,mi-tienda,MITI-030502,Apurímac,Cotabambas,Cotabambas,030502,0,99.99,35.00,65.00,28.00,100,199.99,30.00,60.00,24.00,200,299.99,25.00,55.00,20.00,300,,20.00,50.00,16.00,Envío estándar,Entrega en 2 a 5 días hábiles,Envío express,Entrega en 24 horas,Envío programado,Elige el día de entrega,,
306,mi-tienda,MITI-030503,Apurímac,Cotabambas,Coyllurqui,030503,0,99.99,35.00,65.00,28.00,100,199.99,30.00,60.00,24.00,200,299.99,25.00,55.00,20.00,300,,20.00,50.00,16.00,Envío estándar,Entrega en 2 a 5 días hábiles,Envío express,Entrega en 24 horas,Envío programado,Elige el día de entrega,,
307,mi-tienda,MITI-030504,Apurímac,Cotabambas,Haquira,030504,0,99.99,35.00,65.00,28.00,100,199.99,30.00,60.00,24.00,200,299.99,25.00,55.00,20.00,300,,20.00,50.00,16.00,Envío estándar,Entrega en 2 a 5 días hábiles,Envío express,Entrega en 24 horas,Envío programado,Elige el día de entrega,,
308,mi-tienda,MITI-030505,Apurímac,Cotabambas,Mara,030505,0,99.99,35.00,65.00,28.00,100,199.99,30.00,60.00,24.00,200,299.99,25.00,55.00,20.00,300,,20.00,50.00,16.00,Envío estándar,Entrega en 2 a 5 días hábiles,Envío express,Entrega en 24 horas,Envío programado,Elige el día de entrega,,
309,mi-tienda,MITI-030506,Apurímac,Cotabambas,Challhuahuacho,030506,0,99.99,35.00,65.00,28.00,100,199.99,30.00,60.00,24.00,200,299.99,25.00,55.00,20.00,300,,20.00,50.00,16.00,Envío estándar,Entrega en 2 a 5 días hábiles,Envío express,Entrega en 24 horas,Envío programado,Elige el día de entrega,,
310,mi-tienda,MITI-030601,Apurímac,Chincheros,Chincheros,030601,0,99.99,35.00,65.00,28.00,100,199.99,30.00,60.00,24.00,200,299.99,25.00,55.00,20.00,300,,20.00,50.00,16.00,Envío estándar,Entrega en 2 a 5 días hábiles,Envío express,Entrega en 24 horas,Envío programado,Elige el día de entrega,,
311,mi-tienda,MITI-030602,Apurímac,Chincheros,Anco Huallo,030602,0,99.99,35.00,65.00,28.00,100,199.99,30.00,60.00,24.00,200,299.99,25.00,55.00,20.00,300,,20.00,50.00,16.00,Envío estándar,Entrega en 2 a 5 días hábiles,Envío express,Entrega en 24 horas,Envío programado,Elige el día de entrega,,
312,mi-tienda,MITI-030603,Apurímac,Chincheros,Cocharcas,030603,0,99.99,35.00,65.00,28.00,100,199.99,30.00,60.00,24.00,200,299.99,25.00,55.00,20.00,300,,20.00,50.00,16.00,Envío estándar,Entrega en 2 a 5 días hábiles,Envío express,Entrega en 24 horas,Envío programado,Elige el día de entrega,,
313,mi-tienda,MITI-030604,Apurímac,Chincheros,Huaccana,030604,0,99.99,35.00,65.00,28.00,100,199.99,30.00,60.00,24.00,200,299.99,25.00,55.00,20.00,300,,20.00,50.00,16.00,Envío estándar,Entrega en 2 a 5 días hábiles,Envío express,Entrega en 24 horas,Envío programado,Elige el día de entrega,,
314,mi-tienda,MITI-030605,Apurímac,Chincheros,Ocobamba,030605,0,99.99,35.00,65.00,28.00,100,199.99,30.00,60.00,24.00,200,299.99,25.00,55.00,20.00,300,,20.00,50.00,16.00,Envío estándar,Entrega en 2 a 5 días hábiles,Envío express,Entrega en 24 horas,Envío programado,Elige el día de entrega,,
315,mi-tienda,MITI-030606,Apurímac,Chincheros,Ongoy,030606,0,99.99,35.00,65.00,28.00,100,199.99,30.00,60.00,24.00,200,299.99,25.00,55.00,20.00,300,,20.00,50.00,16.00,Envío estándar,Entrega en 2 a 5 días hábiles,Envío express,Entrega en 24 horas,Envío programado,Elige el día de entrega,,
316,mi-tienda,MITI-030607,Apurímac,Chincheros,Uranmarca,030607,0,99.99,35.00,65.00,28.00,100,199.99,30.00,60.00,24.00,200,299.99,25.00,55.00,20.00,300,,20.00,50.00,16.00,Envío estándar,Entrega en 2 a 5 días hábiles,Envío express,Entrega en 24 horas,Envío programado,Elige el día de entrega,,
317,mi-tienda,MITI-030608,Apurímac,Chincheros,Ranracancha,030608,0,99.99,35.00,65.00,28.00,100,199.99,30.00,60.00,24.00,200,299.99,25.00,55.00,20.00,300,,20.00,50.00,16.00,Envío estándar,Entrega en 2 a 5 días hábiles,Envío express,Entrega en 24 horas,Envío programado,Elige el día de entrega,,
318,mi-tienda,MITI-030609,Apurímac,Chincheros,Rocchacc,030609,0,99.99,35.00,65.00,28.00,100,199.99,30.00,60.00,24.00,200,299.99,25.00,55.00,20.00,300,,20.00,50.00,16.00,Envío estándar,Entrega en 2 a 5 días hábiles,Envío express,Entrega en 24 horas,Envío programado,Elige el día de entrega,,
319,mi-tienda,MITI-030610,Apurímac,Chincheros,El Porvenir,030610,0,99.99,35.00,65.00,28.00,100,199.99,30.00,60.00,24.00,200,299.99,25.00,55.00,20.00,300,,20.00,50.00,16.00,Envío estándar,Entrega en 2 a 5 días hábiles,Envío express,Entrega en 24 horas,Envío programado,Elige el día de entrega,,
320,mi-tienda,MITI-030611,Apurímac,Chincheros,Los Chankas,030611,0,99.99,35.00,65.00,28.00,100,199.99,30.00,60.00,24.00,200,299.99,25.00,55.00,20.00,300,,20.00,50.00,16.00,Envío estándar,Entrega en 2 a 5 días hábiles,Envío express,Entrega en 24 horas,Envío programado,Elige el día de entrega,,
321,mi-tienda,MITI-030701,Apurímac,Grau,Chuquibambilla,030701,0,99.99,35.00,65.00,28.00,100,199.99,30.00,60.00,24.00,200,299.99,25.00,55.00,20.00,300,,20.00,50.00,16.00,Envío estándar,Entrega en 2 a 5 días hábiles,Envío express,Entrega en 24 horas,Envío programado,Elige el día de entrega,,
322,mi-tienda,MITI-030702,Apurímac,Grau,Curpahuasi,030702,0,99.99,35.00,65.00,28.00,100,199.99,30.00,60.00,24.00,200,299.99,25.00,55.00,20.00,300,,20.00,50.00,16.00,Envío estándar,Entrega en 2 a 5 días hábiles,Envío express,Entrega en 24 horas,Envío programado,Elige el día de entrega,,
323,mi-tienda,MITI-030703,Apurímac,Grau,Gamarra,030703,0,99.99,35.00,65.00,28.00,100,199.99,30.00,60.00,24.00,200,299.99,25.00,55.00,20.00,300,,20.00,50.00,16.00,Envío estándar,Entrega en 2 a 5 días hábiles,Envío express,Entrega en 24 horas,Envío programado,Elige el día de entrega,,
324,mi-tienda,MITI-030704,Apurímac,Grau,Huayllati,030704,0,99.99,35.00,65.00,28.00,100,199.99,30.00,60.00,24.00,200,299.99,25.00,55.00,20.00,300,,20.00,50.00,16.00,Envío estándar,Entrega en 2 a 5 días hábiles,Envío express,Entrega en 24 horas,Envío programado,Elige el día de entrega,,
325,mi-tienda,MITI-030705,Apurímac,Grau,Mamara,030705,0,99.99,35.00,65.00,28.00,100,199.99,30.00,60.00,24.00,200,299.99,25.00,55.00,20.00,300,,20.00,50.00,16.00,Envío estándar,Entrega en 2 a 5 días hábiles,Envío express,Entrega en 24 horas,Envío programado,Elige el día de entrega,,
326,mi-tienda,MITI-030706,Apurímac,Grau,Micaela Bastidas,030706,0,99.99,35.00,65.00,28.00,100,199.99,30.00,60.00,24.00,200,299.99,25.00,55.00,20.00,300,,20.00,50.00,16.00,Envío estándar,Entrega en 2 a 5 días hábiles,Envío express,Entrega en 24 horas,Envío programado,Elige el día de entrega,,
327,mi-tienda,MITI-030707,Apurímac,Grau,Pataypampa,030707,0,99.99,35.00,65.00,28.00,100,199.99,30.00,60.00,24.00,200,299.99,25.00,55.00,20.00,300,,20.00,50.00,16.00,Envío estándar,Entrega en 2 a 5 días hábiles,Envío express,Entrega en 24 horas,Envío programado,Elige el día de entrega,,
328,mi-tienda,MITI-030708,Apurímac,Grau,Progreso,030708,0,99.99,35.00,65.00,28.00,100,199.99,30.00,60.00,24.00,200,299.99,25.00,55.00,20.00,300,,20.00,50.00,16.00,Envío estándar,Entrega en 2 a 5 días hábiles,Envío express,Entrega en 24 horas,Envío programado,Elige el día de entrega,,
329,mi-tienda,MITI-030709,Apurímac,Grau,San Antonio,030709,0,99.99,35.00,65.00,28.00,100,199.99,30.00,60.00,24.00,200,299.99,25.00,55.00,20.00,300,,20.00,50.00,16.00,Envío estándar,Entrega en 2 a 5 días hábiles,Envío express,Entrega en 24 horas,Envío programado,Elige el día de entrega,,
330,mi-tienda,MITI-030710,Apurímac,Grau,Santa Rosa,030710,0,99.99,35.00,65.00,28.00,100,199.99,30.00,60.00,24.00,200,299.99,25.00,55.00,20.00,300,,20.00,50.00,16.00,Envío estándar,Entrega en 2 a 5 días hábiles,Envío express,Entrega en 24 horas,Envío programado,Elige el día de entrega,,
331,mi-tienda,MITI-030711,Apurímac,Grau,Turpay,030711,0,99.99,35.00,65.00,28.00,100,199.99,30.00,60.00,24.00,200,299.99,25.00,55.00,20.00,300,,20.00,50.00,16.00,Envío estándar,Entrega en 2 a 5 días hábiles,Envío express,Entrega en 24 horas,Envío programado,Elige el día de entrega,,
332,mi-tienda,MITI-030712,Apurímac,Grau,Vilcabamba,030712,0,99.99,35.00,65.00,28.00,100,199.99,30.00,60.00,24.00,200,299.99,25.00,55.00,20.00,300,,20.00,50.00,16.00,Envío estándar,Entrega en 2 a 5 días hábiles,Envío express,Entrega en 24 horas,Envío programado,Elige el día de entrega,,
333,mi-tienda,MITI-030713,Apurímac,Grau,Virundo,030713,0,99.99,35.00,65.00,28.00,100,199.99,30.00,60.00,24.00,200,299.99,25.00,55.00,20.00,300,,20.00,50.00,16.00,Envío estándar,Entrega en 2 a 5 días hábiles,Envío express,Entrega en 24 horas,Envío programado,Elige el día de entrega,,
334,mi-tienda,MITI-030714,Apurímac,Grau,Curasco,030714,0,99.99,35.00,65.00,28.00,100,199.99,30.00,60.00,24.00,200,299.99,25.00,55.00,20.00,300,,20.00,50.00,16.00,Envío estándar,Entrega en 2 a 5 días hábiles,Envío express,Entrega en 24 horas,Envío programado,Elige el día de entrega,,
335,mi-tienda,MITI-040101,Arequipa,Arequipa,Arequipa,040101,0,99.99,30.00,55.00,24.00,100,199.99,25.00,50.00,20.00,200,299.99,20.00,45.00,16.00,300,,15.00,40.00,12.00,Envío estándar,Entrega en 2 a 5 días hábiles,Envío express,Entrega en 24 horas,Envío programado,Elige el día de entrega,,
336,mi-tienda,MITI-040102,Arequipa,Arequipa,Alto Selva Alegre,040102,0,99.99,30.00,55.00,24.00,100,199.99,25.00,50.00,20.00,200,299.99,20.00,45.00,16.00,300,,15.00,40.00,12.00,Envío estándar,Entrega en 2 a 5 días hábiles,Envío express,Entrega en 24 horas,Envío programado,Elige el día de entrega,,
337,mi-tienda,MITI-040103,Arequipa,Arequipa,Cayma,040103,0,99.99,30.00,55.00,24.00,100,199.99,25.00,50.00,20.00,200,299.99,20.00,45.00,16.00,300,,15.00,40.00,12.00,Envío estándar,Entrega en 2 a 5 días hábiles,Envío express,Entrega en 24 horas,Envío programado,Elige el día de entrega,,
338,mi-tienda,MITI-040104,Arequipa,Arequipa,Cerro Colorado,040104,0,99.99,30.00,55.00,24.00,100,199.99,25.00,50.00,20.00,200,299.99,20.00,45.00,16.00,300,,15.00,40.00,12.00,Envío estándar,Entrega en 2 a 5 días hábiles,Envío express,Entrega en 24 horas,Envío programado,Elige el día de entrega,,
339,mi-tienda,MITI-040105,Arequipa,Arequipa,Characato,040105,0,99.99,30.00,55.00,24.00,100,199.99,25.00,50.00,20.00,200,299.99,20.00,45.00,16.00,300,,15.00,40.00,12.00,Envío estándar,Entrega en 2 a 5 días hábiles,Envío express,Entrega en 24 horas,Envío programado,Elige el día de entrega,,
340,mi-tienda,MITI-040106,Arequipa,Arequipa,Chiguata,040106,0,99.99,30.00,55.00,24.00,100,199.99,25.00,50.00,20.00,200,299.99,20.00,45.00,16.00,300,,15.00,40.00,12.00,Envío estándar,Entrega en 2 a 5 días hábiles,Envío express,Entrega en 24 horas,Envío programado,Elige el día de entrega,,
341,mi-tienda,MITI-040107,Arequipa,Arequipa,Jacobo Hunter,040107,0,99.99,30.00,55.00,24.00,100,199.99,25.00,50.00,20.00,200,299.99,20.00,45.00,16.00,300,,15.00,40.00,12.00,Envío estándar,Entrega en 2 a 5 días hábiles,Envío express,Entrega en 24 horas,Envío programado,Elige el día de entrega,,
342,mi-tienda,MITI-040108,Arequipa,Arequipa,La Joya,040108,0,99.99,30.00,55.00,24.00,100,199.99,25.00,50.00,20.00,200,299.99,20.00,45.00,16.00,300,,15.00,40.00,12.00,Envío estándar,Entrega en 2 a 5 días hábiles,Envío express,Entrega en 24 horas,Envío programado,Elige el día de entrega,,
343,mi-tienda,MITI-040109,Arequipa,Arequipa,Mariano Melgar,040109,0,99.99,30.00,55.00,24.00,100,199.99,25.00,50.00,20.00,200,299.99,20.00,45.00,16.00,300,,15.00,40.00,12.00,Envío estándar,Entrega en 2 a 5 días hábiles,Envío express,Entrega en 24 horas,Envío programado,Elige el día de entrega,,
344,mi-tienda,MITI-040110,Arequipa,Arequipa,Miraflores,040110,0,99.99,30.00,55.00,24.00,100,199.99,25.00,50.00,20.00,200,299.99,20.00,45.00,16.00,300,,15.00,40.00,12.00,Envío estándar,Entrega en 2 a 5 días hábiles,Envío express,Entrega en 24 horas,Envío programado,Elige el día de entrega,,
345,mi-tienda,MITI-040111,Arequipa,Arequipa,Mollebaya,040111,0,99.99,30.00,55.00,24.00,100,199.99,25.00,50.00,20.00,200,299.99,20.00,45.00,16.00,300,,15.00,40.00,12.00,Envío estándar,Entrega en 2 a 5 días hábiles,Envío express,Entrega en 24 horas,Envío programado,Elige el día de entrega,,
346,mi-tienda,MITI-040112,Arequipa,Arequipa,Paucarpata,040112,0,99.99,30.00,55.00,24.00,100,199.99,25.00,50.00,20.00,200,299.99,20.00,45.00,16.00,300,,15.00,40.00,12.00,Envío estándar,Entrega en 2 a 5 días hábiles,Envío express,Entrega en 24 horas,Envío programado,Elige el día de entrega,,
347,mi-tienda,MITI-040113,Arequipa,Arequipa,Pocsi,040113,0,99.99,30.00,55.00,24.00,100,199.99,25.00,50.00,20.00,200,299.99,20.00,45.00,16.00,300,,15.00,40.00,12.00,Envío estándar,Entrega en 2 a 5 días hábiles,Envío express,Entrega en 24 horas,Envío programado,Elige el día de entrega,,
348,mi-tienda,MITI-040114,Arequipa,Arequipa,Polobaya,040114,0,99.99,30.00,55.00,24.00,100,199.99,25.00,50.00,20.00,200,299.99,20.00,45.00,16.00,300,,15.00,40.00,12.00,Envío estándar,Entrega en 2 a 5 días hábiles,Envío express,Entrega en 24 horas,Envío programado,Elige el día de entrega,,
349,mi-tienda,MITI-040115,Arequipa,Arequipa,Quequeña,040115,0,99.99,30.00,55.00,24.00,100,199.99,25.00,50.00,20.00,200,299.99,20.00,45.00,16.00,300,,15.00,40.00,12.00,Envío estándar,Entrega en 2 a 5 días hábiles,Envío express,Entrega en 24 horas,Envío programado,Elige el día de entrega,,
350,mi-tienda,MITI-040116,Arequipa,Arequipa,Sabandia,040116,0,99.99,30.00,55.00,24.00,100,199.99,25.00,50.00,20.00,200,299.99,20.00,45.00,16.00,300,,15.00,40.00,12.00,Envío estándar,Entrega en 2 a 5 días hábiles,Envío express,Entrega en 24 horas,Envío programado,Elige el día de entrega,,
351,mi-tienda,MITI-040117,Arequipa,Arequipa,Sachaca,040117,0,99.99,30.00,55.00,24.00,100,199.99,25.00,50.00,20.00,200,299.99,20.00,45.00,16.00,300,,15.00,40.00,12.00,Envío estándar,Entrega en 2 a 5 días hábiles,Envío express,Entrega en 24 horas,Envío programado,Elige el día de entrega,,
352,mi-tienda,MITI-040118,Arequipa,Arequipa,San Juan de Siguas,040118,0,99.99,30.00,55.00,24.00,100,199.99,25.00,50.00,20.00,200,299.99,20.00,45.00,16.00,300,,15.00,40.00,12.00,Envío estándar,Entrega en 2 a 5 días hábiles,Envío express,Entrega en 24 horas,Envío programado,Elige el día de entrega,,
353,mi-tienda,MITI-040119,Arequipa,Arequipa,San Juan de Tarucani,040119,0,99.99,30.00,55.00,24.00,100,199.99,25.00,50.00,20.00,200,299.99,20.00,45.00,16.00,300,,15.00,40.00,12.00,Envío estándar,Entrega en 2 a 5 días hábiles,Envío express,Entrega en 24 horas,Envío programado,Elige el día de entrega,,
354,mi-tienda,MITI-040120,Arequipa,Arequipa,Santa Isabel de Siguas,040120,0,99.99,30.00,55.00,24.00,100,199.99,25.00,50.00,20.00,200,299.99,20.00,45.00,16.00,300,,15.00,40.00,12.00,Envío estándar,Entrega en 2 a 5 días hábiles,Envío express,Entrega en 24 horas,Envío programado,Elige el día de entrega,,
355,mi-tienda,MITI-040121,Arequipa,Arequipa,Santa Rita de Siguas,040121,0,99.99,30.00,55.00,24.00,100,199.99,25.00,50.00,20.00,200,299.99,20.00,45.00,16.00,300,,15.00,40.00,12.00,Envío estándar,Entrega en 2 a 5 días hábiles,Envío express,Entrega en 24 horas,Envío programado,Elige el día de entrega,,
356,mi-tienda,MITI-040122,Arequipa,Arequipa,Socabaya,040122,0,99.99,30.00,55.00,24.00,100,199.99,25.00,50.00,20.00,200,299.99,20.00,45.00,16.00,300,,15.00,40.00,12.00,Envío estándar,Entrega en 2 a 5 días hábiles,Envío express,Entrega en 24 horas,Envío programado,Elige el día de entrega,,
357,mi-tienda,MITI-040123,Arequipa,Arequipa,Tiabaya,040123,0,99.99,30.00,55.00,24.00,100,199.99,25.00,50.00,20.00,200,299.99,20.00,45.00,16.00,300,,15.00,40.00,12.00,Envío estándar,Entrega en 2 a 5 días hábiles,Envío express,Entrega en 24 horas,Envío programado,Elige el día de entrega,,
358,mi-tienda,MITI-040124,Arequipa,Arequipa,Uchumayo,040124,0,99.99,30.00,55.00,24.00,100,199.99,25.00,50.00,20.00,200,299.99,20.00,45.00,16.00,300,,15.00,40.00,12.00,Envío estándar,Entrega en 2 a 5 días hábiles,Envío express,Entrega en 24 horas,Envío programado,Elige el día de entrega,,
359,mi-tienda,MITI-040125,Arequipa,Arequipa,Vitor,040125,0,99.99,30.00,55.00,24.00,100,199.99,25.00,50.00,20.00,200,299.99,20.00,45.00,16.00,300,,15.00,40.00,12.00,Envío estándar,Entrega en 2 a 5 días hábiles,Envío express,Entrega en 24 horas,Envío programado,Elige el día de entrega,,
360,mi-tienda,MITI-040126,Arequipa,Arequipa,Yanahuara,040126,0,99.99,30.00,55.00,24.00,100,199.99,25.00,50.00,20.00,200,299.99,20.00,45.00,16.00,300,,15.00,40.00,12.00,Envío estándar,Entrega en 2 a 5 días hábiles,Envío express,Entrega en 24 horas,Envío programado,Elige el día de entrega,,
361,mi-tienda,MITI-040127,Arequipa,Arequipa,Yarabamba,040127,0,99.99,30.00,55.00,24.00,100,199.99,25.00,50.00,20.00,200,299.99,20.00,45.00,16.00,300,,15.00,40.00,12.00,Envío estándar,Entrega en 2 a 5 días hábiles,Envío express,Entrega en 24 horas,Envío programado,Elige el día de entrega,,
362,mi-tienda,MITI-040128,Arequipa,Arequipa,Yura,040128,0,99.99,30.00,55.00,24.00,100,199.99,25.00,50.00,20.00,200,299.99,20.00,45.00,16.00,300,,15.00,40.00,12.00,Envío estándar,Entrega en 2 a 5 días hábiles,Envío express,Entrega en 24 horas,Envío programado,Elige el día de entrega,,
363,mi-tienda,MITI-040129,Arequipa,Arequipa,Jose Luis Bustamante y Rivero,040129,0,99.99,30.00,55.00,24.00,100,199.99,25.00,50.00,20.00,200,299.99,20.00,45.00,16.00,300,,15.00,40.00,12.00,Envío estándar,Entrega en 2 a 5 días hábiles,Envío express,Entrega en 24 horas,Envío programado,Elige el día de entrega,,
364,mi-tienda,MITI-040201,Arequipa,Camaná,Camaná,040201,0,99.99,30.00,55.00,24.00,100,199.99,25.00,50.00,20.00,200,299.99,20.00,45.00,16.00,300,,15.00,40.00,12.00,Envío estándar,Entrega en 2 a 5 días hábiles,Envío express,Entrega en 24 horas,Envío programado,Elige el día de entrega,,
365,mi-tienda,MITI-040202,Arequipa,Camaná,Jose Maria Quimper,040202,0,99.99,30.00,55.00,24.00,100,199.99,25.00,50.00,20.00,200,299.99,20.00,45.00,16.00,300,,15.00,40.00,12.00,Envío estándar,Entrega en 2 a 5 días hábiles,Envío express,Entrega en 24 horas,Envío programado,Elige el día de entrega,,
366,mi-tienda,MITI-040203,Arequipa,Camaná,Mariano Nicolas Valcárcel,040203,0,99.99,30.00,55.00,24.00,100,199.99,25.00,50.00,20.00,200,299.99,20.00,45.00,16.00,300,,15.00,40.00,12.00,Envío estándar,Entrega en 2 a 5 días hábiles,Envío express,Entrega en 24 horas,Envío programado,Elige el día de entrega,,
367,mi-tienda,MITI-040204,Arequipa,Camaná,Mariscal Cáceres,040204,0,99.99,30.00,55.00,24.00,100,199.99,25.00,50.00,20.00,200,299.99,20.00,45.00,16.00,300,,15.00,40.00,12.00,Envío estándar,Entrega en 2 a 5 días hábiles,Envío express,Entrega en 24 horas,Envío programado,Elige el día de entrega,,
368,mi-tienda,MITI-040205,Arequipa,Camaná,Nicolas de Pierola,040205,0,99.99,30.00,55.00,24.00,100,199.99,25.00,50.00,20.00,200,299.99,20.00,45.00,16.00,300,,15.00,40.00,12.00,Envío estándar,Entrega en 2 a 5 días hábiles,Envío express,Entrega en 24 horas,Envío programado,Elige el día de entrega,,
369,mi-tienda,MITI-040206,Arequipa,Camaná,Ocoña,040206,0,99.99,30.00,55.00,24.00,100,199.99,25.00,50.00,20.00,200,299.99,20.00,45.00,16.00,300,,15.00,40.00,12.00,Envío estándar,Entrega en 2 a 5 días hábiles,Envío express,Entrega en 24 horas,Envío programado,Elige el día de entrega,,
370,mi-tienda,MITI-040207,Arequipa,Camaná,Quilca,040207,0,99.99,30.00,55.00,24.00,100,199.99,25.00,50.00,20.00,200,299.99,20.00,45.00,16.00,300,,15.00,40.00,12.00,Envío estándar,Entrega en 2 a 5 días hábiles,Envío express,Entrega en 24 horas,Envío programado,Elige el día de entrega,,
371,mi-tienda,MITI-040208,Arequipa,Camaná,Samuel Pastor,040208,0,99.99,30.00,55.00,24.00,100,199.99,25.00,50.00,20.00,200,299.99,20.00,45.00,16.00,300,,15.00,40.00,12.00,Envío estándar,Entrega en 2 a 5 días hábiles,Envío express,Entrega en 24 horas,Envío programado,Elige el día de entrega,,
372,mi-tienda,MITI-040301,Arequipa,Caravelí,Caravelí,040301,0,99.99,30.00,55.00,24.00,100,199.99,25.00,50.00,20.00,200,299.99,20.00,45.00,16.00,300,,15.00,40.00,12.00,Envío estándar,Entrega en 2 a 5 días hábiles,Envío express,Entrega en 24 horas,Envío programado,Elige el día de entrega,,
373,mi-tienda,MITI-040302,Arequipa,Caravelí,Acarí,040302,0,99.99,30.00,55.00,24.00,100,199.99,25.00,50.00,20.00,200,299.99,20.00,45.00,16.00,300,,15.00,40.00,12.00,Envío estándar,Entrega en 2 a 5 días hábiles,Envío express,Entrega en 24 horas,Envío programado,Elige el día de entrega,,
374,mi-tienda,MITI-040303,Arequipa,Caravelí,Atico,040303,0,99.99,30.00,55.00,24.00,100,199.99,25.00,50.00,20.00,200,299.99,20.00,45.00,16.00,300,,15.00,40.00,12.00,Envío estándar,Entrega en 2 a 5 días hábiles,Envío express,Entrega en 24 horas,Envío programado,Elige el día de entrega,,
375,mi-tienda,MITI-040304,Arequipa,Caravelí,Atiquipa,040304,0,99.99,30.00,55.00,24.00,100,199.99,25.00,50.00,20.00,200,299.99,20.00,45.00,16.00,300,,15.00,40.00,12.00,Envío estándar,Entrega en 2 a 5 días hábiles,Envío express,Entrega en 24 horas,Envío programado,Elige el día de entrega,,
376,mi-tienda,MITI-040305,Arequipa,Caravelí,Bella Union,040305,0,99.99,30.00,55.00,24.00,100,199.99,25.00,50.00,20.00,200,299.99,20.00,45.00,16.00,300,,15.00,40.00,12.00,Envío estándar,Entrega en 2 a 5 días hábiles,Envío express,Entrega en 24 horas,Envío programado,Elige el día de entrega,,
377,mi-tienda,MITI-040306,Arequipa,Caravelí,Cahuacho,040306,0,99.99,30.00,55.00,24.00,100,199.99,25.00,50.00,20.00,200,299.99,20.00,45.00,16.00,300,,15.00,40.00,12.00,Envío estándar,Entrega en 2 a 5 días hábiles,Envío express,Entrega en 24 horas,Envío programado,Elige el día de entrega,,
378,mi-tienda,MITI-040307,Arequipa,Caravelí,Chala,040307,0,99.99,30.00,55.00,24.00,100,199.99,25.00,50.00,20.00,200,299.99,20.00,45.00,16.00,300,,15.00,40.00,12.00,Envío estándar,Entrega en 2 a 5 días hábiles,Envío express,Entrega en 24 horas,Envío programado,Elige el día de entrega,,
379,mi-tienda,MITI-040308,Arequipa,Caravelí,Chaparra,040308,0,99.99,30.00,55.00,24.00,100,199.99,25.00,50.00,20.00,200,299.99,20.00,45.00,16.00,300,,15.00,40.00,12.00,Envío estándar,Entrega en 2 a 5 días hábiles,Envío express,Entrega en 24 horas,Envío programado,Elige el día de entrega,,
380,mi-tienda,MITI-040309,Arequipa,Caravelí,Huanuhuanu,040309,0,99.99,30.00,55.00,24.00,100,199.99,25.00,50.00,20.00,200,299.99,20.00,45.00,16.00,300,,15.00,40.00,12.00,Envío estándar,Entrega en 2 a 5 días hábiles,Envío express,Entrega en 24 horas,Envío programado,Elige el día de entrega,,
381,mi-tienda,MITI-040310,Arequipa,Caravelí,Jaqui,040310,0,99.99,30.00,55.00,24.00,100,199.99,25.00,50.00,20.00,200,299.99,20.00,45.00,16.00,300,,15.00,40.00,12.00,Envío estándar,Entrega en 2 a 5 días hábiles,Envío express,Entrega en 24 horas,Envío programado,Elige el día de entrega,,
382,mi-tienda,MITI-040311,Arequipa,Caravelí,Lomas,040311,0,99.99,30.00,55.00,24.00,100,199.99,25.00,50.00,20.00,200,299.99,20.00,45.00,16.00,300,,15.00,40.00,12.00,Envío estándar,Entrega en 2 a 5 días hábiles,Envío express,Entrega en 24 horas,Envío programado,Elige el día de entrega,,
383,mi-tienda,MITI-040312,Arequipa,Caravelí,Quicacha,040312,0,99.99,30.00,55.00,24.00,100,199.99,25.00,50.00,20.00,200,299.99,20.00,45.00,16.00,300,,15.00,40.00,12.00,Envío estándar,Entrega en 2 a 5 días hábiles,Envío express,Entrega en 24 horas,Envío programado,Elige el día de entrega,,
384,mi-tienda,MITI-040313,Arequipa,Caravelí,Yauca,040313,0,99.99,30.00,55.00,24.00,100,199.99,25.00,50.00,20.00,200,299.99,20.00,45.00,16.00,300,,15.00,40.00,12.00,Envío estándar,Entrega en 2 a 5 días hábiles,Envío express,Entrega en 24 horas,Envío programado,Elige el día de entrega,,
385,mi-tienda,MITI-040401,Arequipa,Castilla,Aplao,040401,0,99.99,30.00,55.00,24.00,100,199.99,25.00,50.00,20.00,200,299.99,20.00,45.00,16.00,300,,15.00,40.00,12.00,Envío estándar,Entrega en 2 a 5 días hábiles,Envío express,Entrega en 24 horas,Envío programado,Elige el día de entrega,,
386,mi-tienda,MITI-040402,Arequipa,Castilla,Andagua,040402,0,99.99,30.00,55.00,24.00,100,199.99,25.00,50.00,20.00,200,299.99,20.00,45.00,16.00,300,,15.00,40.00,12.00,Envío estándar,Entrega en 2 a 5 días hábiles,Envío express,Entrega en 24 horas,Envío programado,Elige el día de entrega,,
387,mi-tienda,MITI-040403,Arequipa,Castilla,Ayo,040403,0,99.99,30.00,55.00,24.00,100,199.99,25.00,50.00,20.00,200,299.99,20.00,45.00,16.00,300,,15.00,40.00,12.00,Envío estándar,Entrega en 2 a 5 días hábiles,Envío express,Entrega en 24 horas,Envío programado,Elige el día de entrega,,
388,mi-tienda,MITI-040404,Arequipa,Castilla,Chachas,040404,0,99.99,30.00,55.00,24.00,100,199.99,25.00,50.00,20.00,200,299.99,20.00,45.00,16.00,300,,15.00,40.00,12.00,Envío estándar,Entrega en 2 a 5 días hábiles,Envío express,Entrega en 24 horas,Envío programado,Elige el día de entrega,,
389,mi-tienda,MITI-040405,Arequipa,Castilla,Chilcaymarca,040405,0,99.99,30.00,55.00,24.00,100,199.99,25.00,50.00,20.00,200,299.99,20.00,45.00,16.00,300,,15.00,40.00,12.00,Envío estándar,Entrega en 2 a 5 días hábiles,Envío express,Entrega en 24 horas,Envío programado,Elige el día de entrega,,
390,mi-tienda,MITI-040406,Arequipa,Castilla,Choco,040406,0,99.99,30.00,55.00,24.00,100,199.99,25.00,50.00,20.00,200,299.99,20.00,45.00,16.00,300,,15.00,40.00,12.00,Envío estándar,Entrega en 2 a 5 días hábiles,Envío express,Entrega en 24 horas,Envío programado,Elige el día de entrega,,
391,mi-tienda,MITI-040407,Arequipa,Castilla,Huancarqui,040407,0,99.99,30.00,55.00,24.00,100,199.99,25.00,50.00,20.00,200,299.99,20.00,45.00,16.00,300,,15.00,40.00,12.00,Envío estándar,Entrega en 2 a 5 días hábiles,Envío express,Entrega en 24 horas,Envío programado,Elige el día de entrega,,
392,mi-tienda,MITI-040408,Arequipa,Castilla,Machaguay,040408,0,99.99,30.00,55.00,24.00,100,199.99,25.00,50.00,20.00,200,299.99,20.00,45.00,16.00,300,,15.00,40.00,12.00,Envío estándar,Entrega en 2 a 5 días hábiles,Envío express,Entrega en 24 horas,Envío programado,Elige el día de entrega,,
393,mi-tienda,MITI-040409,Arequipa,Castilla,Orcopampa,040409,0,99.99,30.00,55.00,24.00,100,199.99,25.00,50.00,20.00,200,299.99,20.00,45.00,16.00,300,,15.00,40.00,12.00,Envío estándar,Entrega en 2 a 5 días hábiles,Envío express,Entrega en 24 horas,Envío programado,Elige el día de entrega,,
394,mi-tienda,MITI-040410,Arequipa,Castilla,Pampacolca,040410,0,99.99,30.00,55.00,24.00,100,199.99,25.00,50.00,20.00,200,299.99,20.00,45.00,16.00,300,,15.00,40.00,12.00,Envío estándar,Entrega en 2 a 5 días hábiles,Envío express,Entrega en 24 horas,Envío programado,Elige el día de entrega,,
395,mi-tienda,MITI-040411,Arequipa,Castilla,Tipan,040411,0,99.99,30.00,55.00,24.00,100,199.99,25.00,50.00,20.00,200,299.99,20.00,45.00,16.00,300,,15.00,40.00,12.00,Envío estándar,Entrega en 2 a 5 días hábiles,Envío express,Entrega en 24 horas,Envío programado,Elige el día de entrega,,
396,mi-tienda,MITI-040412,Arequipa,Castilla,Uñon,040412,0,99.99,30.00,55.00,24.00,100,199.99,25.00,50.00,20.00,200,299.99,20.00,45.00,16.00,300,,15.00,40.00,12.00,Envío estándar,Entrega en 2 a 5 días hábiles,Envío express,Entrega en 24 horas,Envío programado,Elige el día de entrega,,
397,mi-tienda,MITI-040413,Arequipa,Castilla,Uraca,040413,0,99.99,30.00,55.00,24.00,100,199.99,25.00,50.00,20.00,200,299.99,20.00,45.00,16.00,300,,15.00,40.00,12.00,Envío estándar,Entrega en 2 a 5 días hábiles,Envío express,Entrega en 24 horas,Envío programado,Elige el día de entrega,,
398,mi-tienda,MITI-040414,Arequipa,Castilla,Viraco,040414,0,99.99,30.00,55.00,24.00,100,199.99,25.00,50.00,20.00,200,299.99,20.00,45.00,16.00,300,,15.00,40.00,12.00,Envío estándar,Entrega en 2 a 5 días hábiles,Envío express,Entrega en 24 horas,Envío programado,Elige el día de entrega,,
399,mi-tienda,MITI-040501,Arequipa,Caylloma,Chivay,040501,0,99.99,30.00,55.00,24.00,100,199.99,25.00,50.00,20.00,200,299.99,20.00,45.00,16.00,300,,15.00,40.00,12.00,Envío estándar,Entrega en 2 a 5 días hábiles,Envío express,Entrega en 24 horas,Envío programado,Elige el día de entrega,,
400,mi-tienda,MITI-040502,Arequipa,Caylloma,Achoma,040502,0,99.99,30.00,55.00,24.00,100,199.99,25.00,50.00,20.00,200,299.99,20.00,45.00,16.00,300,,15.00,40.00,12.00,Envío estándar,Entrega en 2 a 5 días hábiles,Envío express,Entrega en 24 horas,Envío programado,Elige el día de entrega,,
401,mi-tienda,MITI-040503,Arequipa,Caylloma,Cabanaconde,040503,0,99.99,30.00,55.00,24.00,100,199.99,25.00,50.00,20.00,200,299.99,20.00,45.00,16.00,300,,15.00,40.00,12.00,Envío estándar,Entrega en 2 a 5 días hábiles,Envío express,Entrega en 24 horas,Envío programado,Elige el día de entrega,,
402,mi-tienda,MITI-040504,Arequipa,Caylloma,Callalli,040504,0,99.99,30.00,55.00,24.00,100,199.99,25.00,50.00,20.00,200,299.99,20.00,45.00,16.00,300,,15.00,40.00,12.00,Envío estándar,Entrega en 2 a 5 días hábiles,Envío express,Entrega en 24 horas,Envío programado,Elige el día de entrega,,
403,mi-tienda,MITI-040505,Arequipa,Caylloma,Caylloma,040505,0,99.99,30.00,55.00,24.00,100,199.99,25.00,50.00,20.00,200,299.99,20.00,45.00,16.00,300,,15.00,40.00,12.00,Envío estándar,Entrega en 2 a 5 días hábiles,Envío express,Entrega en 24 horas,Envío programado,Elige el día de entrega,,
404,mi-tienda,MITI-040506,Arequipa,Caylloma,Coporaque,040506,0,99.99,30.00,55.00,24.00,100,199.99,25.00,50.00,20.00,200,299.99,20.00,45.00,16.00,300,,15.00,40.00,12.00,Envío estándar,Entrega en 2 a 5 días hábiles,Envío express,Entrega en 24 horas,Envío programado,Elige el día de entrega,,
405,mi-tienda,MITI-040507,Arequipa,Caylloma,Huambo,040507,0,99.99,30.00,55.00,24.00,100,199.99,25.00,50.00,20.00,200,299.99,20.00,45.00,16.00,300,,15.00,40.00,12.00,Envío estándar,Entrega en 2 a 5 días hábiles,Envío express,Entrega en 24 horas,Envío programado,Elige el día de entrega,,
406,mi-tienda,MITI-040508,Arequipa,Caylloma,Huanca,040508,0,99.99,30.00,55.00,24.00,100,199.99,25.00,50.00,20.00,200,299.99,20.00,45.00,16.00,300,,15.00,40.00,12.00,Envío estándar,Entrega en 2 a 5 días hábiles,Envío express,Entrega en 24 horas,Envío programado,Elige el día de entrega,,
407,mi-tienda,MITI-040509,Arequipa,Caylloma,Ichupampa,040509,0,99.99,30.00,55.00,24.00,100,199.99,25.00,50.00,20.00,200,299.99,20.00,45.00,16.00,300,,15.00,40.00,12.00,Envío estándar,Entrega en 2 a 5 días hábiles,Envío express,Entrega en 24 horas,Envío programado,Elige el día de entrega,,
408,mi-tienda,MITI-040510,Arequipa,Caylloma,Lari,040510,0,99.99,30.00,55.00,24.00,100,199.99,25.00,50.00,20.00,200,299.99,20.00,45.00,16.00,300,,15.00,40.00,12.00,Envío estándar,Entrega en 2 a 5 días hábiles,Envío express,Entrega en 24 horas,Envío programado,Elige el día de entrega,,
409,mi-tienda,MITI-040511,Arequipa,Caylloma,Lluta,040511,0,99.99,30.00,55.00,24.00,100,199.99,25.00,50.00,20.00,200,299.99,20.00,45.00,16.00,300,,15.00,40.00,12.00,Envío estándar,Entrega en 2 a 5 días hábiles,Envío express,Entrega en 24 horas,Envío programado,Elige el día de entrega,,
410,mi-tienda,MITI-040512,Arequipa,Caylloma,Maca,040512,0,99.99,30.00,55.00,24.00,100,199.99,25.00,50.00,20.00,200,299.99,20.00,45.00,16.00,300,,15.00,40.00,12.00,Envío estándar,Entrega en 2 a 5 días hábiles,Envío express,Entrega en 24 horas,Envío programado,Elige el día de entrega,,
411,mi-tienda,MITI-040513,Arequipa,Caylloma,Madrigal,040513,0,99.99,30.00,55.00,24.00,100,199.99,25.00,50.00,20.00,200,299.99,20.00,45.00,16.00,300,,15.00,40.00,12.00,Envío estándar,Entrega en 2 a 5 días hábiles,Envío express,Entrega en 24 horas,Envío programado,Elige el día de entrega,,
412,mi-tienda,MITI-040514,Arequipa,Caylloma,San Antonio de Chuca,040514,0,99.99,30.00,55.00,24.00,100,199.99,25.00,50.00,20.00,200,299.99,20.00,45.00,16.00,300,,15.00,40.00,12.00,Envío estándar,Entrega en 2 a 5 días hábiles,Envío express,Entrega en 24 horas,Envío programado,Elige el día de entrega,,
413,mi-tienda,MITI-040515,Arequipa,Caylloma,Sibayo,040515,0,99.99,30.00,55.00,24.00,100,199.99,25.00,50.00,20.00,200,299.99,20.00,45.00,16.00,300,,15.00,40.00,12.00,Envío estándar,Entrega en 2 a 5 días hábiles,Envío express,Entrega en 24 horas,Envío programado,Elige el día de entrega,,
414,mi-tienda,MITI-040516,Arequipa,Caylloma,Tapay,040516,0,99.99,30.00,55.00,24.00,100,199.99,25.00,50.00,20.00,200,299.99,20.00,45.00,16.00,300,,15.00,40.00,12.00,Envío estándar,Entrega en 2 a 5 días hábiles,Envío express,Entrega en 24 horas,Envío programado,Elige el día de entrega,,
415,mi-tienda,MITI-040517,Arequipa,Caylloma,Tisco,040517,0,99.99,30.00,55.00,24.00,100,199.99,25.00,50.00,20.00,200,299.99,20.00,45.00,16.00,300,,15.00,40.00,12.00,Envío estándar,Entrega en 2 a 5 días hábiles,Envío express,Entrega en 24 horas,Envío programado,Elige el día de entrega,,
416,mi-tienda,MITI-040518,Arequipa,Caylloma,Tuti,040518,0,99.99,30.00,55.00,24.00,100,199.99,25.00,50.00,20.00,200,299.99,20.00,45.00,16.00,300,,15.00,40.00,12.00,Envío estándar,Entrega en 2 a 5 días hábiles,Envío express,Entrega en 24 horas,Envío programado,Elige el día de entrega,,
417,mi-tienda,MITI-040519,Arequipa,Caylloma,Yanque,040519,0,99.99,30.00,55.00,24.00,100,199.99,25.00,50.00,20.00,200,299.99,20.00,45.00,16.00,300,,15.00,40.00,12.00,Envío estándar,Entrega en 2 a 5 días hábiles,Envío express,Entrega en 24 horas,Envío programado,Elige el día de entrega,,
418,mi-tienda,MITI-040520,Arequipa,Caylloma,Majes,040520,0,99.99,30.00,55.00,24.00,100,199.99,25.00,50.00,20.00,200,299.99,20.00,45.00,16.00,300,,15.00,40.00,12.00,Envío estándar,Entrega en 2 a 5 días hábiles,Envío express,Entrega en 24 horas,Envío programado,Elige el día de entrega,,
419,mi-tienda,MITI-040601,Arequipa,Condesuyos,Chuquibamba,040601,0,99.99,30.00,55.00,24.00,100,199.99,25.00,50.00,20.00,200,299.99,20.00,45.00,16.00,300,,15.00,40.00,12.00,Envío estándar,Entrega en 2 a 5 días hábiles,Envío express,Entrega en 24 horas,Envío programado,Elige el día de entrega,,
420,mi-tienda,MITI-040602,Arequipa,Condesuyos,Andaray,040602,0,99.99,30.00,55.00,24.00,100,199.99,25.00,50.00,20.00,200,299.99,20.00,45.00,16.00,300,,15.00,40.00,12.00,Envío estándar,Entrega en 2 a 5 días hábiles,Envío express,Entrega en 24 horas,Envío programado,Elige el día de entrega,,
421,mi-tienda,MITI-040603,Arequipa,Condesuyos,Cayarani,040603,0,99.99,30.00,55.00,24.00,100,199.99,25.00,50.00,20.00,200,299.99,20.00,45.00,16.00,300,,15.00,40.00,12.00,Envío estándar,Entrega en 2 a 5 días hábiles,Envío express,Entrega en 24 horas,Envío programado,Elige el día de entrega,,
422,mi-tienda,MITI-040604,Arequipa,Condesuyos,Chichas,040604,0,99.99,30.00,55.00,24.00,100,199.99,25.00,50.00,20.00,200,299.99,20.00,45.00,16.00,300,,15.00,40.00,12.00,Envío estándar,Entrega en 2 a 5 días hábiles,Envío express,Entrega en 24 horas,Envío programado,Elige el día de entrega,,
423,mi-tienda,MITI-040605,Arequipa,Condesuyos,Iray,040605,0,99.99,30.00,55.00,24.00,100,199.99,25.00,50.00,20.00,200,299.99,20.00,45.00,16.00,300,,15.00,40.00,12.00,Envío estándar,Entrega en 2 a 5 días hábiles,Envío express,Entrega en 24 horas,Envío programado,Elige el día de entrega,,
424,mi-tienda,MITI-040606,Arequipa,Condesuyos,Rio Grande,040606,0,99.99,30.00,55.00,24.00,100,199.99,25.00,50.00,20.00,200,299.99,20.00,45.00,16.00,300,,15.00,40.00,12.00,Envío estándar,Entrega en 2 a 5 días hábiles,Envío express,Entrega en 24 horas,Envío programado,Elige el día de entrega,,
425,mi-tienda,MITI-040607,Arequipa,Condesuyos,Salamanca,040607,0,99.99,30.00,55.00,24.00,100,199.99,25.00,50.00,20.00,200,299.99,20.00,45.00,16.00,300,,15.00,40.00,12.00,Envío estándar,Entrega en 2 a 5 días hábiles,Envío express,Entrega en 24 horas,Envío programado,Elige el día de entrega,,
426,mi-tienda,MITI-040608,Arequipa,Condesuyos,Yanaquihua,040608,0,99.99,30.00,55.00,24.00,100,199.99,25.00,50.00,20.00,200,299.99,20.00,45.00,16.00,300,,15.00,40.00,12.00,Envío estándar,Entrega en 2 a 5 días hábiles,Envío express,Entrega en 24 horas,Envío programado,Elige el día de entrega,,
427,mi-tienda,MITI-040701,Arequipa,Islay,Mollendo,040701,0,99.99,30.00,55.00,24.00,100,199.99,25.00,50.00,20.00,200,299.99,20.00,45.00,16.00,300,,15.00,40.00,12.00,Envío estándar,Entrega en 2 a 5 días hábiles,Envío express,Entrega en 24 horas,Envío programado,Elige el día de entrega,,
428,mi-tienda,MITI-040702,Arequipa,Islay,Cocachacra,040702,0,99.99,30.00,55.00,24.00,100,199.99,25.00,50.00,20.00,200,299.99,20.00,45.00,16.00,300,,15.00,40.00,12.00,Envío estándar,Entrega en 2 a 5 días hábiles,Envío express,Entrega en 24 horas,Envío programado,Elige el día de entrega,,
429,mi-tienda,MITI-040703,Arequipa,Islay,Dean Valdivia,040703,0,99.99,30.00,55.00,24.00,100,199.99,25.00,50.00,20.00,200,299.99,20.00,45.00,16.00,300,,15.00,40.00,12.00,Envío estándar,Entrega en 2 a 5 días hábiles,Envío express,Entrega en 24 horas,Envío programado,Elige el día de entrega,,
430,mi-tienda,MITI-040704,Arequipa,Islay,Islay,040704,0,99.99,30.00,55.00,24.00,100,199.99,25.00,50.00,20.00,200,299.99,20.00,45.00,16.00,300,,15.00,40.00,12.00,Envío estándar,Entrega en 2 a 5 días hábiles,Envío express,Entrega en 24 horas,Envío programado,Elige el día de entrega,,
431,mi-tienda,MITI-040705,Arequipa,Islay,Mejia,040705,0,99.99,30.00,55.00,24.00,100,199.99,25.00,50.00,20.00,200,299.99,20.00,45.00,16.00,300,,15.00,40.00,12.00,Envío estándar,Entrega en 2 a 5 días hábiles,Envío express,Entrega en 24 horas,Envío programado,Elige el día de entrega,,
432,mi-tienda,MITI-040706,Arequipa,Islay,Punta de Bombón,040706,0,99.99,30.00,55.00,24.00,100,199.99,25.00,50.00,20.00,200,299.99,20.00,45.00,16.00,300,,15.00,40.00,12.00,Envío estándar,Entrega en 2 a 5 días hábiles,Envío express,Entrega en 24 horas,Envío programado,Elige el día de entrega,,
433,mi-tienda,MITI-040801,Arequipa,La Union,Cotahuasi,040801,0,99.99,30.00,55.00,24.00,100,199.99,25.00,50.00,20.00,200,299.99,20.00,45.00,16.00,300,,15.00,40.00,12.00,Envío estándar,Entrega en 2 a 5 días hábiles,Envío express,Entrega en 24 horas,Envío programado,Elige el día de entrega,,
434,mi-tienda,MITI-040802,Arequipa,La Union,Alca,040802,0,99.99,30.00,55.00,24.00,100,199.99,25.00,50.00,20.00,200,299.99,20.00,45.00,16.00,300,,15.00,40.00,12.00,Envío estándar,Entrega en 2 a 5 días hábiles,Envío express,Entrega en 24 horas,Envío programado,Elige el día de entrega,,
435,mi-tienda,MITI-040803,Arequipa,La Union,Charcana,040803,0,99.99,30.00,55.00,24.00,100,199.99,25.00,50.00,20.00,200,299.99,20.00,45.00,16.00,300,,15.00,40.00,12.00,Envío estándar,Entrega en 2 a 5 días hábiles,Envío express,Entrega en 24 horas,Envío programado,Elige el día de entrega,,
436,mi-tienda,MITI-040804,Arequipa,La Union,Huaynacotas,040804,0,99.99,30.00,55.00,24.00,100,199.99,25.00,50.00,20.00,200,299.99,20.00,45.00,16.00,300,,15.00,40.00,12.00,Envío estándar,Entrega en 2 a 5 días hábiles,Envío express,Entrega en 24 horas,Envío programado,Elige el día de entrega,,
437,mi-tienda,MITI-040805,Arequipa,La Union,Pampamarca,040805,0,99.99,30.00,55.00,24.00,100,199.99,25.00,50.00,20.00,200,299.99,20.00,45.00,16.00,300,,15.00,40.00,12.00,Envío estándar,Entrega en 2 a 5 días hábiles,Envío express,Entrega en 24 horas,Envío programado,Elige el día de entrega,,
438,mi-tienda,MITI-040806,Arequipa,La Union,Puyca,040806,0,99.99,30.00,55.00,24.00,100,199.99,25.00,50.00,20.00,200,299.99,20.00,45.00,16.00,300,,15.00,40.00,12.00,Envío estándar,Entrega en 2 a 5 días hábiles,Envío express,Entrega en 24 horas,Envío programado,Elige el día de entrega,,
439,mi-tienda,MITI-040807,Arequipa,La Union,Quechualla,040807,0,99.99,30.00,55.00,24.00,100,199.99,25.00,50.00,20.00,200,299.99,20.00,45.00,16.00,300,,15.00,40.00,12.00,Envío estándar,Entrega en 2 a 5 días hábiles,Envío express,Entrega en 24 horas,Envío programado,Elige el día de entrega,,
440,mi-tienda,MITI-040808,Arequipa,La Union,Sayla,040808,0,99.99,30.00,55.00,24.00,100,199.99,25.00,50.00,20.00,200,299.99,20.00,45.00,16.00,300,,15.00,40.00,12.00,Envío estándar,Entrega en 2 a 5 días hábiles,Envío express,Entrega en 24 horas,Envío programado,Elige el día de entrega,,
441,mi-tienda,MITI-040809,Arequipa,La Union,Tauria,040809,0,99.99,30.00,55.00,24.00,100,199.99,25.00,50.00,20.00,200,299.99,20.00,45.00,16.00,300,,15.00,40.00,12.00,Envío estándar,Entrega en 2 a 5 días hábiles,Envío express,Entrega en 24 horas,Envío programado,Elige el día de entrega,,
442,mi-tienda,MITI-040810,Arequipa,La Union,Tomepampa,040810,0,99.99,30.00,55.00,24.00,100,199.99,25.00,50.00,20.00,200,299.99,20.00,45.00,16.00,300,,15.00,40.00,12.00,Envío estándar,Entrega en 2 a 5 días hábiles,Envío express,Entrega en 24 horas,Envío programado,Elige el día de entrega,,
443,mi-tienda,MITI-040811,Arequipa,La Union,Toro,040811,0,99.99,30.00,55.00,24.00,100,199.99,25.00,50.00,20.00,200,299.99,20.00,45.00,16.00,300,,15.00,40.00,12.00,Envío estándar,Entrega en 2 a 5 días hábiles,Envío express,Entrega en 24 horas,Envío programado,Elige el día de entrega,,
444,mi-tienda,MITI-050101,Ayacucho,Huamanga,Ayacucho,050101,0,99.99,35.00,65.00,28.00,100,199.99,30.00,60.00,24.00,200,299.99,25.00,55.00,20.00,300,,20.00,50.00,16.00,Envío estándar,Entrega en 2 a 5 días hábiles,Envío express,Entrega en 24 horas,Envío programado,Elige el día de entrega,,
445,mi-tienda,MITI-050102,Ayacucho,Huamanga,Acocro,050102,0,99.99,35.00,65.00,28.00,100,199.99,30.00,60.00,24.00,200,299.99,25.00,55.00,20.00,300,,20.00,50.00,16.00,Envío estándar,Entrega en 2 a 5 días hábiles,Envío express,Entrega en 24 horas,Envío programado,Elige el día de entrega,,
446,mi-tienda,MITI-050103,Ayacucho,Huamanga,Acos Vinchos,050103,0,99.99,35.00,65.00,28.00,100,199.99,30.00,60.00,24.00,200,299.99,25.00,55.00,20.00,300,,20.00,50.00,16.00,Envío estándar,Entrega en 2 a 5 días hábiles,Envío express,Entrega en 24 horas,Envío programado,Elige el día de entrega,,
447,mi-tienda,MITI-050104,Ayacucho,Huamanga,Carmen Alto,050104,0,99.99,35.00,65.00,28.00,100,199.99,30.00,60.00,24.00,200,299.99,25.00,55.00,20.00,300,,20.00,50.00,16.00,Envío estándar,Entrega en 2 a 5 días hábiles,Envío express,Entrega en 24 horas,Envío programado,Elige el día de entrega,,
448,mi-tienda,MITI-050105,Ayacucho,Huamanga,Chiara,050105,0,99.99,35.00,65.00,28.00,100,199.99,30.00,60.00,24.00,200,299.99,25.00,55.00,20.00,300,,20.00,50.00,16.00,Envío estándar,Entrega en 2 a 5 días hábiles,Envío express,Entrega en 24 horas,Envío programado,Elige el día de entrega,,
449,mi-tienda,MITI-050106,Ayacucho,Huamanga,Ocros,050106,0,99.99,35.00,65.00,28.00,100,199.99,30.00,60.00,24.00,200,299.99,25.00,55.00,20.00,300,,20.00,50.00,16.00,Envío estándar,Entrega en 2 a 5 días hábiles,Envío express,Entrega en 24 horas,Envío programado,Elige el día de entrega,,
450,mi-tienda,MITI-050107,Ayacucho,Huamanga,Pacaycasa,050107,0,99.99,35.00,65.00,28.00,100,199.99,30.00,60.00,24.00,200,299.99,25.00,55.00,20.00,300,,20.00,50.00,16.00,Envío estándar,Entrega en 2 a 5 días hábiles,Envío express,Entrega en 24 horas,Envío programado,Elige el día de entrega,,
451,mi-tienda,MITI-050108,Ayacucho,Huamanga,Quinua,050108,0,99.99,35.00,65.00,28.00,100,199.99,30.00,60.00,24.00,200,299.99,25.00,55.00,20.00,300,,20.00,50.00,16.00,Envío estándar,Entrega en 2 a 5 días hábiles,Envío express,Entrega en 24 horas,Envío programado,Elige el día de entrega,,
452,mi-tienda,MITI-050109,Ayacucho,Huamanga,San Jose de Ticllas,050109,0,99.99,35.00,65.00,28.00,100,199.99,30.00,60.00,24.00,200,299.99,25.00,55.00,20.00,300,,20.00,50.00,16.00,Envío estándar,Entrega en 2 a 5 días hábiles,Envío express,Entrega en 24 horas,Envío programado,Elige el día de entrega,,
453,mi-tienda,MITI-050110,Ayacucho,Huamanga,San Juan Bautista,050110,0,99.99,35.00,65.00,28.00,100,199.99,30.00,60.00,24.00,200,299.99,25.00,55.00,20.00,300,,20.00,50.00,16.00,Envío estándar,Entrega en 2 a 5 días hábiles,Envío express,Entrega en 24 horas,Envío programado,Elige el día de entrega,,
454,mi-tienda,MITI-050111,Ayacucho,Huamanga,Santiago de Pischa,050111,0,99.99,35.00,65.00,28.00,100,199.99,30.00,60.00,24.00,200,299.99,25.00,55.00,20.00,300,,20.00,50.00,16.00,Envío estándar,Entrega en 2 a 5 días hábiles,Envío express,Entrega en 24 horas,Envío programado,Elige el día de entrega,,
455,mi-tienda,MITI-050112,Ayacucho,Huamanga,Socos,050112,0,99.99,35.00,65.00,28.00,100,199.99,30.00,60.00,24.00,200,299.99,25.00,55.00,20.00,300,,20.00,50.00,16.00,Envío estándar,Entrega en 2 a 5 días hábiles,Envío express,Entrega en 24 horas,Envío programado,Elige el día de entrega,,
456,mi-tienda,MITI-050113,Ayacucho,Huamanga,Tambillo,050113,0,99.99,35.00,65.00,28.00,100,199.99,30.00,60.00,24.00,200,299.99,25.00,55.00,20.00,300,,20.00,50.00,16.00,Envío estándar,Entrega en 2 a 5 días hábiles,Envío express,Entrega en 24 horas,Envío programado,Elige el día de entrega,,
457,mi-tienda,MITI-050114,Ayacucho,Huamanga,Vinchos,050114,0,99.99,35.00,65.00,28.00,100,199.99,30.00,60.00,24.00,200,299.99,25.00,55.00,20.00,300,,20.00,50.00,16.00,Envío estándar,Entrega en 2 a 5 días hábiles,Envío express,Entrega en 24 horas,Envío programado,Elige el día de entrega,,
458,mi-tienda,MITI-050115,Ayacucho,Huamanga,Jesus Nazareno,050115,0,99.99,35.00,65.00,28.00,100,199.99,30.00,60.00,24.00,200,299.99,25.00,55.00,20.00,300,,20.00,50.00,16.00,Envío estándar,Entrega en 2 a 5 días hábiles,Envío express,Entrega en 24 horas,Envío programado,Elige el día de entrega,,
459,mi-tienda,MITI-050116,Ayacucho,Huamanga,Andrés Avelino Cáceres Dorregaray,050116,0,99.99,35.00,65.00,28.00,100,199.99,30.00,60.00,24.00,200,299.99,25.00,55.00,20.00,300,,20.00,50.00,16.00,Envío estándar,Entrega en 2 a 5 días hábiles,Envío express,Entrega en 24 horas,Envío programado,Elige el día de entrega,,
460,mi-tienda,MITI-050201,Ayacucho,Cangallo,Cangallo,050201,0,99.99,35.00,65.00,28.00,100,199.99,30.00,60.00,24.00,200,299.99,25.00,55.00,20.00,300,,20.00,50.00,16.00,Envío estándar,Entrega en 2 a 5 días hábiles,Envío express,Entrega en 24 horas,Envío programado,Elige el día de entrega,,
461,mi-tienda,MITI-050202,Ayacucho,Cangallo,Chuschi,050202,0,99.99,35.00,65.00,28.00,100,199.99,30.00,60.00,24.00,200,299.99,25.00,55.00,20.00,300,,20.00,50.00,16.00,Envío estándar,Entrega en 2 a 5 días hábiles,Envío express,Entrega en 24 horas,Envío programado,Elige el día de entrega,,
462,mi-tienda,MITI-050203,Ayacucho,Cangallo,Los Morochucos,050203,0,99.99,35.00,65.00,28.00,100,199.99,30.00,60.00,24.00,200,299.99,25.00,55.00,20.00,300,,20.00,50.00,16.00,Envío estándar,Entrega en 2 a 5 días hábiles,Envío express,Entrega en 24 horas,Envío programado,Elige el día de entrega,,
463,mi-tienda,MITI-050204,Ayacucho,Cangallo,Maria Parado de Bellido,050204,0,99.99,35.00,65.00,28.00,100,199.99,30.00,60.00,24.00,200,299.99,25.00,55.00,20.00,300,,20.00,50.00,16.00,Envío estándar,Entrega en 2 a 5 días hábiles,Envío express,Entrega en 24 horas,Envío programado,Elige el día de entrega,,
464,mi-tienda,MITI-050205,Ayacucho,Cangallo,Paras,050205,0,99.99,35.00,65.00,28.00,100,199.99,30.00,60.00,24.00,200,299.99,25.00,55.00,20.00,300,,20.00,50.00,16.00,Envío estándar,Entrega en 2 a 5 días hábiles,Envío express,Entrega en 24 horas,Envío programado,Elige el día de entrega,,
465,mi-tienda,MITI-050206,Ayacucho,Cangallo,Totos,050206,0,99.99,35.00,65.00,28.00,100,199.99,30.00,60.00,24.00,200,299.99,25.00,55.00,20.00,300,,20.00,50.00,16.00,Envío estándar,Entrega en 2 a 5 días hábiles,Envío express,Entrega en 24 horas,Envío programado,Elige el día de entrega,,
466,mi-tienda,MITI-050301,Ayacucho,Huanca Sancos,Sancos,050301,0,99.99,35.00,65.00,28.00,100,199.99,30.00,60.00,24.00,200,299.99,25.00,55.00,20.00,300,,20.00,50.00,16.00,Envío estándar,Entrega en 2 a 5 días hábiles,Envío express,Entrega en 24 horas,Envío programado,Elige el día de entrega,,
467,mi-tienda,MITI-050302,Ayacucho,Huanca Sancos,Carapo,050302,0,99.99,35.00,65.00,28.00,100,199.99,30.00,60.00,24.00,200,299.99,25.00,55.00,20.00,300,,20.00,50.00,16.00,Envío estándar,Entrega en 2 a 5 días hábiles,Envío express,Entrega en 24 horas,Envío programado,Elige el día de entrega,,
468,mi-tienda,MITI-050303,Ayacucho,Huanca Sancos,Sacsamarca,050303,0,99.99,35.00,65.00,28.00,100,199.99,30.00,60.00,24.00,200,299.99,25.00,55.00,20.00,300,,20.00,50.00,16.00,Envío estándar,Entrega en 2 a 5 días hábiles,Envío express,Entrega en 24 horas,Envío programado,Elige el día de entrega,,
469,mi-tienda,MITI-050304,Ayacucho,Huanca Sancos,Santiago de Lucanamarca,050304,0,99.99,35.00,65.00,28.00,100,199.99,30.00,60.00,24.00,200,299.99,25.00,55.00,20.00,300,,20.00,50.00,16.00,Envío estándar,Entrega en 2 a 5 días hábiles,Envío express,Entrega en 24 horas,Envío programado,Elige el día de entrega,,
470,mi-tienda,MITI-050401,Ayacucho,Huanta,Huanta,050401,0,99.99,35.00,65.00,28.00,100,199.99,30.00,60.00,24.00,200,299.99,25.00,55.00,20.00,300,,20.00,50.00,16.00,Envío estándar,Entrega en 2 a 5 días hábiles,Envío express,Entrega en 24 horas,Envío programado,Elige el día de entrega,,
471,mi-tienda,MITI-050402,Ayacucho,Huanta,Ayahuanco,050402,0,99.99,35.00,65.00,28.00,100,199.99,30.00,60.00,24.00,200,299.99,25.00,55.00,20.00,300,,20.00,50.00,16.00,Envío estándar,Entrega en 2 a 5 días hábiles,Envío express,Entrega en 24 horas,Envío programado,Elige el día de entrega,,
472,mi-tienda,MITI-050403,Ayacucho,Huanta,Huamanguilla,050403,0,99.99,35.00,65.00,28.00,100,199.99,30.00,60.00,24.00,200,299.99,25.00,55.00,20.00,300,,20.00,50.00,16.00,Envío estándar,Entrega en 2 a 5 días hábiles,Envío express,Entrega en 24 horas,Envío programado,Elige el día de entrega,,
473,mi-tienda,MITI-050404,Ayacucho,Huanta,Iguain,050404,0,99.99,35.00,65.00,28.00,100,199.99,30.00,60.00,24.00,200,299.99,25.00,55.00,20.00,300,,20.00,50.00,16.00,Envío estándar,Entrega en 2 a 5 días hábiles,Envío express,Entrega en 24 horas,Envío programado,Elige el día de entrega,,
474,mi-tienda,MITI-050405,Ayacucho,Huanta,Luricocha,050405,0,99.99,35.00,65.00,28.00,100,199.99,30.00,60.00,24.00,200,299.99,25.00,55.00,20.00,300,,20.00,50.00,16.00,Envío estándar,Entrega en 2 a 5 días hábiles,Envío express,Entrega en 24 horas,Envío programado,Elige el día de entrega,,
475,mi-tienda,MITI-050406,Ayacucho,Huanta,Santillana,050406,0,99.99,35.00,65.00,28.00,100,199.99,30.00,60.00,24.00,200,299.99,25.00,55.00,20.00,300,,20.00,50.00,16.00,Envío estándar,Entrega en 2 a 5 días hábiles,Envío express,Entrega en 24 horas,Envío programado,Elige el día de entrega,,
476,mi-tienda,MITI-050407,Ayacucho,Huanta,Sivia,050407,0,99.99,35.00,65.00,28.00,100,199.99,30.00,60.00,24.00,200,299.99,25.00,55.00,20.00,300,,20.00,50.00,16.00,Envío estándar,Entrega en 2 a 5 días hábiles,Envío express,Entrega en 24 horas,Envío programado,Elige el día de entrega,,
477,mi-tienda,MITI-050408,Ayacucho,Huanta,Llochegua,050408,0,99.99,35.00,65.00,28.00,100,199.99,30.00,60.00,24.00,200,299.99,25.00,55.00,20.00,300,,20.00,50.00,16.00,Envío estándar,Entrega en 2 a 5 días hábiles,Envío express,Entrega en 24 horas,Envío programado,Elige el día de entrega,,
478,mi-tienda,MITI-050409,Ayacucho,Huanta,Canayre,050409,0,99.99,35.00,65.00,28.00,100,199.99,30.00,60.00,24.00,200,299.99,25.00,55.00,20.00,300,,20.00,50.00,16.00,Envío estándar,Entrega en 2 a 5 días hábiles,Envío express,Entrega en 24 horas,Envío programado,Elige el día de entrega,,
479,mi-tienda,MITI-050410,Ayacucho,Huanta,Uchuraccay,050410,0,99.99,35.00,65.00,28.00,100,199.99,30.00,60.00,24.00,200,299.99,25.00,55.00,20.00,300,,20.00,50.00,16.00,Envío estándar,Entrega en 2 a 5 días hábiles,Envío express,Entrega en 24 horas,Envío programado,Elige el día de entrega,,
480,mi-tienda,MITI-050411,Ayacucho,Huanta,Pucacolpa,050411,0,99.99,35.00,65.00,28.00,100,199.99,30.00,60.00,24.00,200,299.99,25.00,55.00,20.00,300,,20.00,50.00,16.00,Envío estándar,Entrega en 2 a 5 días hábiles,Envío express,Entrega en 24 horas,Envío programado,Elige el día de entrega,,
481,mi-tienda,MITI-050412,Ayacucho,Huanta,Chaca,050412,0,99.99,35.00,65.00,28.00,100,199.99,30.00,60.00,24.00,200,299.99,25.00,55.00,20.00,300,,20.00,50.00,16.00,Envío estándar,Entrega en 2 a 5 días hábiles,Envío express,Entrega en 24 horas,Envío programado,Elige el día de entrega,,
482,mi-tienda,MITI-050501,Ayacucho,La Mar,San Miguel,050501,0,99.99,35.00,65.00,28.00,100,199.99,30.00,60.00,24.00,200,299.99,25.00,55.00,20.00,300,,20.00,50.00,16.00,Envío estándar,Entrega en 2 a 5 días hábiles,Envío express,Entrega en 24 horas,Envío programado,Elige el día de entrega,,
483,mi-tienda,MITI-050502,Ayacucho,La Mar,Anco,050502,0,99.99,35.00,65.00,28.00,100,199.99,30.00,60.00,24.00,200,299.99,25.00,55.00,20.00,300,,20.00,50.00,16.00,Envío estándar,Entrega en 2 a 5 días hábiles,Envío express,Entrega en 24 horas,Envío programado,Elige el día de entrega,,
484,mi-tienda,MITI-050503,Ayacucho,La Mar,Ayna,050503,0,99.99,35.00,65.00,28.00,100,199.99,30.00,60.00,24.00,200,299.99,25.00,55.00,20.00,300,,20.00,50.00,16.00,Envío estándar,Entrega en 2 a 5 días hábiles,Envío express,Entrega en 24 horas,Envío programado,Elige el día de entrega,,
485,mi-tienda,MITI-050504,Ayacucho,La Mar,Chilcas,050504,0,99.99,35.00,65.00,28.00,100,199.99,30.00,60.00,24.00,200,299.99,25.00,55.00,20.00,300,,20.00,50.00,16.00,Envío estándar,Entrega en 2 a 5 días hábiles,Envío express,Entrega en 24 horas,Envío programado,Elige el día de entrega,,
486,mi-tienda,MITI-050505,Ayacucho,La Mar,Chungui,050505,0,99.99,35.00,65.00,28.00,100,199.99,30.00,60.00,24.00,200,299.99,25.00,55.00,20.00,300,,20.00,50.00,16.00,Envío estándar,Entrega en 2 a 5 días hábiles,Envío express,Entrega en 24 horas,Envío programado,Elige el día de entrega,,
487,mi-tienda,MITI-050506,Ayacucho,La Mar,Luis Carranza,050506,0,99.99,35.00,65.00,28.00,100,199.99,30.00,60.00,24.00,200,299.99,25.00,55.00,20.00,300,,20.00,50.00,16.00,Envío estándar,Entrega en 2 a 5 días hábiles,Envío express,Entrega en 24 horas,Envío programado,Elige el día de entrega,,
488,mi-tienda,MITI-050507,Ayacucho,La Mar,Santa Rosa,050507,0,99.99,35.00,65.00,28.00,100,199.99,30.00,60.00,24.00,200,299.99,25.00,55.00,20.00,300,,20.00,50.00,16.00,Envío estándar,Entrega en 2 a 5 días hábiles,Envío express,Entrega en 24 horas,Envío programado,Elige el día de entrega,,
489,mi-tienda,MITI-050508,Ayacucho,La Mar,Tambo,050508,0,99.99,35.00,65.00,28.00,100,199.99,30.00,60.00,24.00,200,299.99,25.00,55.00,20.00,300,,20.00,50.00,16.00,Envío estándar,Entrega en 2 a 5 días hábiles,Envío express,Entrega en 24 horas,Envío programado,Elige el día de entrega,,
490,mi-tienda,MITI-050509,Ayacucho,La Mar,Samugari,050509,0,99.99,35.00,65.00,28.00,100,199.99,30.00,60.00,24.00,200,299.99,25.00,55.00,20.00,300,,20.00,50.00,16.00,Envío estándar,Entrega en 2 a 5 días hábiles,Envío express,Entrega en 24 horas,Envío programado,Elige el día de entrega,,
491,mi-tienda,MITI-050510,Ayacucho,La Mar,Anchihuay,050510,0,99.99,35.00,65.00,28.00,100,199.99,30.00,60.00,24.00,200,299.99,25.00,55.00,20.00,300,,20.00,50.00,16.00,Envío estándar,Entrega en 2 a 5 días hábiles,Envío express,Entrega en 24 horas,Envío programado,Elige el día de entrega,,
492,mi-tienda,MITI-050511,Ayacucho,La Mar,Oronccoy,050511,0,99.99,35.00,65.00,28.00,100,199.99,30.00,60.00,24.00,200,299.99,25.00,55.00,20.00,300,,20.00,50.00,16.00,Envío estándar,Entrega en 2 a 5 días hábiles,Envío express,Entrega en 24 horas,Envío programado,Elige el día de entrega,,
493,mi-tienda,MITI-050601,Ayacucho,Lucanas,Puquio,050601,0,99.99,35.00,65.00,28.00,100,199.99,30.00,60.00,24.00,200,299.99,25.00,55.00,20.00,300,,20.00,50.00,16.00,Envío estándar,Entrega en 2 a 5 días hábiles,Envío express,Entrega en 24 horas,Envío programado,Elige el día de entrega,,
494,mi-tienda,MITI-050602,Ayacucho,Lucanas,Aucara,050602,0,99.99,35.00,65.00,28.00,100,199.99,30.00,60.00,24.00,200,299.99,25.00,55.00,20.00,300,,20.00,50.00,16.00,Envío estándar,Entrega en 2 a 5 días hábiles,Envío express,Entrega en 24 horas,Envío programado,Elige el día de entrega,,
495,mi-tienda,MITI-050603,Ayacucho,Lucanas,Cabana,050603,0,99.99,35.00,65.00,28.00,100,199.99,30.00,60.00,24.00,200,299.99,25.00,55.00,20.00,300,,20.00,50.00,16.00,Envío estándar,Entrega en 2 a 5 días hábiles,Envío express,Entrega en 24 horas,Envío programado,Elige el día de entrega,,
496,mi-tienda,MITI-050604,Ayacucho,Lucanas,Carmen Salcedo,050604,0,99.99,35.00,65.00,28.00,100,199.99,30.00,60.00,24.00,200,299.99,25.00,55.00,20.00,300,,20.00,50.00,16.00,Envío estándar,Entrega en 2 a 5 días hábiles,Envío express,Entrega en 24 horas,Envío programado,Elige el día de entrega,,
497,mi-tienda,MITI-050605,Ayacucho,Lucanas,Chaviña,050605,0,99.99,35.00,65.00,28.00,100,199.99,30.00,60.00,24.00,200,299.99,25.00,55.00,20.00,300,,20.00,50.00,16.00,Envío estándar,Entrega en 2 a 5 días hábiles,Envío express,Entrega en 24 horas,Envío programado,Elige el día de entrega,,
498,mi-tienda,MITI-050606,Ayacucho,Lucanas,Chipao,050606,0,99.99,35.00,65.00,28.00,100,199.99,30.00,60.00,24.00,200,299.99,25.00,55.00,20.00,300,,20.00,50.00,16.00,Envío estándar,Entrega en 2 a 5 días hábiles,Envío express,Entrega en 24 horas,Envío programado,Elige el día de entrega,,
499,mi-tienda,MITI-050607,Ayacucho,Lucanas,Huac-Huas,050607,0,99.99,35.00,65.00,28.00,100,199.99,30.00,60.00,24.00,200,299.99,25.00,55.00,20.00,300,,20.00,50.00,16.00,Envío estándar,Entrega en 2 a 5 días hábiles,Envío express,Entrega en 24 horas,Envío programado,Elige el día de entrega,,
500,mi-tienda,MITI-050608,Ayacucho,Lucanas,Laramate,050608,0,99.99,35.00,65.00,28.00,100,199.99,30.00,60.00,24.00,200,299.99,25.00,55.00,20.00,300,,20.00,50.00,16.00,Envío estándar,Entrega en 2 a 5 días hábiles,Envío express,Entrega en 24 horas,Envío programado,Elige el día de entrega,,
501,mi-tienda,MITI-050609,Ayacucho,Lucanas,Leoncio Prado,050609,0,99.99,35.00,65.00,28.00,100,199.99,30.00,60.00,24.00,200,299.99,25.00,55.00,20.00,300,,20.00,50.00,16.00,Envío estándar,Entrega en 2 a 5 días hábiles,Envío express,Entrega en 24 horas,Envío programado,Elige el día de entrega,,
502,mi-tienda,MITI-050610,Ayacucho,Lucanas,Llauta,050610,0,99.99,35.00,65.00,28.00,100,199.99,30.00,60.00,24.00,200,299.99,25.00,55.00,20.00,300,,20.00,50.00,16.00,Envío estándar,Entrega en 2 a 5 días hábiles,Envío express,Entrega en 24 horas,Envío programado,Elige el día de entrega,,
503,mi-tienda,MITI-050611,Ayacucho,Lucanas,Lucanas,050611,0,99.99,35.00,65.00,28.00,100,199.99,30.00,60.00,24.00,200,299.99,25.00,55.00,20.00,300,,20.00,50.00,16.00,Envío estándar,Entrega en 2 a 5 días hábiles,Envío express,Entrega en 24 horas,Envío programado,Elige el día de entrega,,
504,mi-tienda,MITI-050612,Ayacucho,Lucanas,Ocaña,050612,0,99.99,35.00,65.00,28.00,100,199.99,30.00,60.00,24.00,200,299.99,25.00,55.00,20.00,300,,20.00,50.00,16.00,Envío estándar,Entrega en 2 a 5 días hábiles,Envío express,Entrega en 24 horas,Envío programado,Elige el día de entrega,,
505,mi-tienda,MITI-050613,Ayacucho,Lucanas,Otoca,050613,0,99.99,35.00,65.00,28.00,100,199.99,30.00,60.00,24.00,200,299.99,25.00,55.00,20.00,300,,20.00,50.00,16.00,Envío estándar,Entrega en 2 a 5 días hábiles,Envío express,Entrega en 24 horas,Envío programado,Elige el día de entrega,,
506,mi-tienda,MITI-050614,Ayacucho,Lucanas,Saisa,050614,0,99.99,35.00,65.00,28.00,100,199.99,30.00,60.00,24.00,200,299.99,25.00,55.00,20.00,300,,20.00,50.00,16.00,Envío estándar,Entrega en 2 a 5 días hábiles,Envío express,Entrega en 24 horas,Envío programado,Elige el día de entrega,,
507,mi-tienda,MITI-050615,Ayacucho,Lucanas,San Cristóbal,050615,0,99.99,35.00,65.00,28.00,100,199.99,30.00,60.00,24.00,200,299.99,25.00,55.00,20.00,300,,20.00,50.00,16.00,Envío estándar,Entrega en 2 a 5 días hábiles,Envío express,Entrega en 24 horas,Envío programado,Elige el día de entrega,,
508,mi-tienda,MITI-050616,Ayacucho,Lucanas,San Juan,050616,0,99.99,35.00,65.00,28.00,100,199.99,30.00,60.00,24.00,200,299.99,25.00,55.00,20.00,300,,20.00,50.00,16.00,Envío estándar,Entrega en 2 a 5 días hábiles,Envío express,Entrega en 24 horas,Envío programado,Elige el día de entrega,,
509,mi-tienda,MITI-050617,Ayacucho,Lucanas,San Pedro,050617,0,99.99,35.00,65.00,28.00,100,199.99,30.00,60.00,24.00,200,299.99,25.00,55.00,20.00,300,,20.00,50.00,16.00,Envío estándar,Entrega en 2 a 5 días hábiles,Envío express,Entrega en 24 horas,Envío programado,Elige el día de entrega,,
510,mi-tienda,MITI-050618,Ayacucho,Lucanas,San Pedro de Palco,050618,0,99.99,35.00,65.00,28.00,100,199.99,30.00,60.00,24.00,200,299.99,25.00,55.00,20.00,300,,20.00,50.00,16.00,Envío estándar,Entrega en 2 a 5 días hábiles,Envío express,Entrega en 24 horas,Envío programado,Elige el día de entrega,,
511,mi-tienda,MITI-050619,Ayacucho,Lucanas,Sancos,050619,0,99.99,35.00,65.00,28.00,100,199.99,30.00,60.00,24.00,200,299.99,25.00,55.00,20.00,300,,20.00,50.00,16.00,Envío estándar,Entrega en 2 a 5 días hábiles,Envío express,Entrega en 24 horas,Envío programado,Elige el día de entrega,,
512,mi-tienda,MITI-050620,Ayacucho,Lucanas,Santa Ana de Huaycahuacho,050620,0,99.99,35.00,65.00,28.00,100,199.99,30.00,60.00,24.00,200,299.99,25.00,55.00,20.00,300,,20.00,50.00,16.00,Envío estándar,Entrega en 2 a 5 días hábiles,Envío express,Entrega en 24 horas,Envío programado,Elige el día de entrega,,
513,mi-tienda,MITI-050621,Ayacucho,Lucanas,Santa Lucia,050621,0,99.99,35.00,65.00,28.00,100,199.99,30.00,60.00,24.00,200,299.99,25.00,55.00,20.00,300,,20.00,50.00,16.00,Envío estándar,Entrega en 2 a 5 días hábiles,Envío express,Entrega en 24 horas,Envío programado,Elige el día de entrega,,
514,mi-tienda,MITI-050701,Ayacucho,Parinacochas,Coracora,050701,0,99.99,35.00,65.00,28.00,100,199.99,30.00,60.00,24.00,200,299.99,25.00,55.00,20.00,300,,20.00,50.00,16.00,Envío estándar,Entrega en 2 a 5 días hábiles,Envío express,Entrega en 24 horas,Envío programado,Elige el día de entrega,,
515,mi-tienda,MITI-050702,Ayacucho,Parinacochas,Chumpi,050702,0,99.99,35.00,65.00,28.00,100,199.99,30.00,60.00,24.00,200,299.99,25.00,55.00,20.00,300,,20.00,50.00,16.00,Envío estándar,Entrega en 2 a 5 días hábiles,Envío express,Entrega en 24 horas,Envío programado,Elige el día de entrega,,
516,mi-tienda,MITI-050703,Ayacucho,Parinacochas,Coronel Castañeda,050703,0,99.99,35.00,65.00,28.00,100,199.99,30.00,60.00,24.00,200,299.99,25.00,55.00,20.00,300,,20.00,50.00,16.00,Envío estándar,Entrega en 2 a 5 días hábiles,Envío express,Entrega en 24 horas,Envío programado,Elige el día de entrega,,
517,mi-tienda,MITI-050704,Ayacucho,Parinacochas,Pacapausa,050704,0,99.99,35.00,65.00,28.00,100,199.99,30.00,60.00,24.00,200,299.99,25.00,55.00,20.00,300,,20.00,50.00,16.00,Envío estándar,Entrega en 2 a 5 días hábiles,Envío express,Entrega en 24 horas,Envío programado,Elige el día de entrega,,
518,mi-tienda,MITI-050705,Ayacucho,Parinacochas,Pullo,050705,0,99.99,35.00,65.00,28.00,100,199.99,30.00,60.00,24.00,200,299.99,25.00,55.00,20.00,300,,20.00,50.00,16.00,Envío estándar,Entrega en 2 a 5 días hábiles,Envío express,Entrega en 24 horas,Envío programado,Elige el día de entrega,,
519,mi-tienda,MITI-050706,Ayacucho,Parinacochas,Puyusca,050706,0,99.99,35.00,65.00,28.00,100,199.99,30.00,60.00,24.00,200,299.99,25.00,55.00,20.00,300,,20.00,50.00,16.00,Envío estándar,Entrega en 2 a 5 días hábiles,Envío express,Entrega en 24 horas,Envío programado,Elige el día de entrega,,
520,mi-tienda,MITI-050707,Ayacucho,Parinacochas,San Francisco de Ravacayco,050707,0,99.99,35.00,65.00,28.00,100,199.99,30.00,60.00,24.00,200,299.99,25.00,55.00,20.00,300,,20.00,50.00,16.00,Envío estándar,Entrega en 2 a 5 días hábiles,Envío express,Entrega en 24 horas,Envío programado,Elige el día de entrega,,
521,mi-tienda,MITI-050708,Ayacucho,Parinacochas,Upahuacho,050708,0,99.99,35.00,65.00,28.00,100,199.99,30.00,60.00,24.00,200,299.99,25.00,55.00,20.00,300,,20.00,50.00,16.00,Envío estándar,Entrega en 2 a 5 días hábiles,Envío express,Entrega en 24 horas,Envío programado,Elige el día de entrega,,
522,mi-tienda,MITI-050801,Ayacucho,Paucar del Sara Sara,Pausa,050801,0,99.99,35.00,65.00,28.00,100,199.99,30.00,60.00,24.00,200,299.99,25.00,55.00,20.00,300,,20.00,50.00,16.00,Envío estándar,Entrega en 2 a 5 días hábiles,Envío express,Entrega en 24 horas,Envío programado,Elige el día de entrega,,
523,mi-tienda,MITI-050802,Ayacucho,Paucar del Sara Sara,Colta,050802,0,99.99,35.00,65.00,28.00,100,199.99,30.00,60.00,24.00,200,299.99,25.00,55.00,20.00,300,,20.00,50.00,16.00,Envío estándar,Entrega en 2 a 5 días hábiles,Envío express,Entrega en 24 horas,Envío programado,Elige el día de entrega,,
524,mi-tienda,MITI-050803,Ayacucho,Paucar del Sara Sara,Corculla,050803,0,99.99,35.00,65.00,28.00,100,199.99,30.00,60.00,24.00,200,299.99,25.00,55.00,20.00,300,,20.00,50.00,16.00,Envío estándar,Entrega en 2 a 5 días hábiles,Envío express,Entrega en 24 horas,Envío programado,Elige el día de entrega,,
525,mi-tienda,MITI-050804,Ayacucho,Paucar del Sara Sara,Lampa,050804,0,99.99,35.00,65.00,28.00,100,199.99,30.00,60.00,24.00,200,299.99,25.00,55.00,20.00,300,,20.00,50.00,16.00,Envío estándar,Entrega en 2 a 5 días hábiles,Envío express,Entrega en 24 horas,Envío programado,Elige el día de entrega,,
526,mi-tienda,MITI-050805,Ayacucho,Paucar del Sara Sara,Marcabamba,050805,0,99.99,35.00,65.00,28.00,100,199.99,30.00,60.00,24.00,200,299.99,25.00,55.00,20.00,300,,20.00,50.00,16.00,Envío estándar,Entrega en 2 a 5 días hábiles,Envío express,Entrega en 24 horas,Envío programado,Elige el día de entrega,,
527,mi-tienda,MITI-050806,Ayacucho,Paucar del Sara Sara,Oyolo,050806,0,99.99,35.00,65.00,28.00,100,199.99,30.00,60.00,24.00,200,299.99,25.00,55.00,20.00,300,,20.00,50.00,16.00,Envío estándar,Entrega en 2 a 5 días hábiles,Envío express,Entrega en 24 horas,Envío programado,Elige el día de entrega,,
528,mi-tienda,MITI-050807,Ayacucho,Paucar del Sara Sara,Pararca,050807,0,99.99,35.00,65.00,28.00,100,199.99,30.00,60.00,24.00,200,299.99,25.00,55.00,20.00,300,,20.00,50.00,16.00,Envío estándar,Entrega en 2 a 5 días hábiles,Envío express,Entrega en 24 horas,Envío programado,Elige el día de entrega,,
529,mi-tienda,MITI-050808,Ayacucho,Paucar del Sara Sara,San Javier de Alpabamba,050808,0,99.99,35.00,65.00,28.00,100,199.99,30.00,60.00,24.00,200,299.99,25.00,55.00,20.00,300,,20.00,50.00,16.00,Envío estándar,Entrega en 2 a 5 días hábiles,Envío express,Entrega en 24 horas,Envío programado,Elige el día de entrega,,
530,mi-tienda,MITI-050809,Ayacucho,Paucar del Sara Sara,San Jose de Ushua,050809,0,99.99,35.00,65.00,28.00,100,199.99,30.00,60.00,24.00,200,299.99,25.00,55.00,20.00,300,,20.00,50.00,16.00,Envío estándar,Entrega en 2 a 5 días hábiles,Envío express,Entrega en 24 horas,Envío programado,Elige el día de entrega,,
531,mi-tienda,MITI-050810,Ayacucho,Paucar del Sara Sara,Sara Sara,050810,0,99.99,35.00,65.00,28.00,100,199.99,30.00,60.00,24.00,200,299.99,25.00,55.00,20.00,300,,20.00,50.00,16.00,Envío estándar,Entrega en 2 a 5 días hábiles,Envío express,Entrega en 24 horas,Envío programado,Elige el día de entrega,,
532,mi-tienda,MITI-050901,Ayacucho,Sucre,Querobamba,050901,0,99.99,35.00,65.00,28.00,100,199.99,30.00,60.00,24.00,200,299.99,25.00,55.00,20.00,300,,20.00,50.00,16.00,Envío estándar,Entrega en 2 a 5 días hábiles,Envío express,Entrega en 24 horas,Envío programado,Elige el día de entrega,,
533,mi-tienda,MITI-050902,Ayacucho,Sucre,Belén,050902,0,99.99,35.00,65.00,28.00,100,199.99,30.00,60.00,24.00,200,299.99,25.00,55.00,20.00,300,,20.00,50.00,16.00,Envío estándar,Entrega en 2 a 5 días hábiles,Envío express,Entrega en 24 horas,Envío programado,Elige el día de entrega,,
534,mi-tienda,MITI-050903,Ayacucho,Sucre,Chalcos,050903,0,99.99,35.00,65.00,28.00,100,199.99,30.00,60.00,24.00,200,299.99,25.00,55.00,20.00,300,,20.00,50.00,16.00,Envío estándar,Entrega en 2 a 5 días hábiles,Envío express,Entrega en 24 horas,Envío programado,Elige el día de entrega,,
535,mi-tienda,MITI-050904,Ayacucho,Sucre,Chilcayoc,050904,0,99.99,35.00,65.00,28.00,100,199.99,30.00,60.00,24.00,200,299.99,25.00,55.00,20.00,300,,20.00,50.00,16.00,Envío estándar,Entrega en 2 a 5 días hábiles,Envío express,Entrega en 24 horas,Envío programado,Elige el día de entrega,,
536,mi-tienda,MITI-050905,Ayacucho,Sucre,Huacaña,050905,0,99.99,35.00,65.00,28.00,100,199.99,30.00,60.00,24.00,200,299.99,25.00,55.00,20.00,300,,20.00,50.00,16.00,Envío estándar,Entrega en 2 a 5 días hábiles,Envío express,Entrega en 24 horas,Envío programado,Elige el día de entrega,,
537,mi-tienda,MITI-050906,Ayacucho,Sucre,Morcolla,050906,0,99.99,35.00,65.00,28.00,100,199.99,30.00,60.00,24.00,200,299.99,25.00,55.00,20.00,300,,20.00,50.00,16.00,Envío estándar,Entrega en 2 a 5 días hábiles,Envío express,Entrega en 24 horas,Envío programado,Elige el día de entrega,,
538,mi-tienda,MITI-050907,Ayacucho,Sucre,Paico,050907,0,99.99,35.00,65.00,28.00,100,199.99,30.00,60.00,24.00,200,299.99,25.00,55.00,20.00,300,,20.00,50.00,16.00,Envío estándar,Entrega en 2 a 5 días hábiles,Envío express,Entrega en 24 horas,Envío programado,Elige el día de entrega,,
539,mi-tienda,MITI-050908,Ayacucho,Sucre,San Pedro de Larcay,050908,0,99.99,35.00,65.00,28.00,100,199.99,30.00,60.00,24.00,200,299.99,25.00,55.00,20.00,300,,20.00,50.00,16.00,Envío estándar,Entrega en 2 a 5 días hábiles,Envío express,Entrega en 24 horas,Envío programado,Elige el día de entrega,,
540,mi-tienda,MITI-050909,Ayacucho,Sucre,San Salvador de Quije,050909,0,99.99,35.00,65.00,28.00,100,199.99,30.00,60.00,24.00,200,299.99,25.00,55.00,20.00,300,,20.00,50.00,16.00,Envío estándar,Entrega en 2 a 5 días hábiles,Envío express,Entrega en 24 horas,Envío programado,Elige el día de entrega,,
541,mi-tienda,MITI-050910,Ayacucho,Sucre,Santiago de Paucaray,050910,0,99.99,35.00,65.00,28.00,100,199.99,30.00,60.00,24.00,200,299.99,25.00,55.00,20.00,300,,20.00,50.00,16.00,Envío estándar,Entrega en 2 a 5 días hábiles,Envío express,Entrega en 24 horas,Envío programado,Elige el día de entrega,,
542,mi-tienda,MITI-050911,Ayacucho,Sucre,Soras,050911,0,99.99,35.00,65.00,28.00,100,199.99,30.00,60.00,24.00,200,299.99,25.00,55.00,20.00,300,,20.00,50.00,16.00,Envío estándar,Entrega en 2 a 5 días hábiles,Envío express,Entrega en 24 horas,Envío programado,Elige el día de entrega,,
543,mi-tienda,MITI-051001,Ayacucho,Victor Fajardo,Huancapi,051001,0,99.99,35.00,65.00,28.00,100,199.99,30.00,60.00,24.00,200,299.99,25.00,55.00,20.00,300,,20.00,50.00,16.00,Envío estándar,Entrega en 2 a 5 días hábiles,Envío express,Entrega en 24 horas,Envío programado,Elige el día de entrega,,
544,mi-tienda,MITI-051002,Ayacucho,Victor Fajardo,Alcamenca,051002,0,99.99,35.00,65.00,28.00,100,199.99,30.00,60.00,24.00,200,299.99,25.00,55.00,20.00,300,,20.00,50.00,16.00,Envío estándar,Entrega en 2 a 5 días hábiles,Envío express,Entrega en 24 horas,Envío programado,Elige el día de entrega,,
545,mi-tienda,MITI-051003,Ayacucho,Victor Fajardo,Apongo,051003,0,99.99,35.00,65.00,28.00,100,199.99,30.00,60.00,24.00,200,299.99,25.00,55.00,20.00,300,,20.00,50.00,16.00,Envío estándar,Entrega en 2 a 5 días hábiles,Envío express,Entrega en 24 horas,Envío programado,Elige el día de entrega,,
546,mi-tienda,MITI-051004,Ayacucho,Victor Fajardo,Asquipata,051004,0,99.99,35.00,65.00,28.00,100,199.99,30.00,60.00,24.00,200,299.99,25.00,55.00,20.00,300,,20.00,50.00,16.00,Envío estándar,Entrega en 2 a 5 días hábiles,Envío express,Entrega en 24 horas,Envío programado,Elige el día de entrega,,
547,mi-tienda,MITI-051005,Ayacucho,Victor Fajardo,Canaria,051005,0,99.99,35.00,65.00,28.00,100,199.99,30.00,60.00,24.00,200,299.99,25.00,55.00,20.00,300,,20.00,50.00,16.00,Envío estándar,Entrega en 2 a 5 días hábiles,Envío express,Entrega en 24 horas,Envío programado,Elige el día de entrega,,
548,mi-tienda,MITI-051006,Ayacucho,Victor Fajardo,Cayara,051006,0,99.99,35.00,65.00,28.00,100,199.99,30.00,60.00,24.00,200,299.99,25.00,55.00,20.00,300,,20.00,50.00,16.00,Envío estándar,Entrega en 2 a 5 días hábiles,Envío express,Entrega en 24 horas,Envío programado,Elige el día de entrega,,
549,mi-tienda,MITI-051007,Ayacucho,Victor Fajardo,Colca,051007,0,99.99,35.00,65.00,28.00,100,199.99,30.00,60.00,24.00,200,299.99,25.00,55.00,20.00,300,,20.00,50.00,16.00,Envío estándar,Entrega en 2 a 5 días hábiles,Envío express,Entrega en 24 horas,Envío programado,Elige el día de entrega,,
550,mi-tienda,MITI-051008,Ayacucho,Victor Fajardo,Huamanquiquia,051008,0,99.99,35.00,65.00,28.00,100,199.99,30.00,60.00,24.00,200,299.99,25.00,55.00,20.00,300,,20.00,50.00,16.00,Envío estándar,Entrega en 2 a 5 días hábiles,Envío express,Entrega en 24 horas,Envío programado,Elige el día de entrega,,
551,mi-tienda,MITI-051009,Ayacucho,Victor Fajardo,Huancaraylla,051009,0,99.99,35.00,65.00,28.00,100,199.99,30.00,60.00,24.00,200,299.99,25.00,55.00,20.00,300,,20.00,50.00,16.00,Envío estándar,Entrega en 2 a 5 días hábiles,Envío express,Entrega en 24 horas,Envío programado,Elige el día de entrega,,
552,mi-tienda,MITI-051010,Ayacucho,Victor Fajardo,Huaya,051010,0,99.99,35.00,65.00,28.00,100,199.99,30.00,60.00,24.00,200,299.99,25.00,55.00,20.00,300,,20.00,50.00,16.00,Envío estándar,Entrega en 2 a 5 días hábiles,Envío express,Entrega en 24 horas,Envío programado,Elige el día de entrega,,
553,mi-tienda,MITI-051011,Ayacucho,Victor Fajardo,Sarhua,051011,0,99.99,35.00,65.00,28.00,100,199.99,30.00,60.00,24.00,200,299.99,25.00,55.00,20.00,300,,20.00,50.00,16.00,Envío estándar,Entrega en 2 a 5 días hábiles,Envío express,Entrega en 24 horas,Envío programado,Elige el día de entrega,,
554,mi-tienda,MITI-051012,Ayacucho,Victor Fajardo,Vilcanchos,051012,0,99.99,35.00,65.00,28.00,100,199.99,30.00,60.00,24.00,200,299.99,25.00,55.00,20.00,300,,20.00,50.00,16.00,Envío estándar,Entrega en 2 a 5 días hábiles,Envío express,Entrega en 24 horas,Envío programado,Elige el día de entrega,,
555,mi-tienda,MITI-051101,Ayacucho,Vilcas Huaman,Vilcas Huaman,051101,0,99.99,35.00,65.00,28.00,100,199.99,30.00,60.00,24.00,200,299.99,25.00,55.00,20.00,300,,20.00,50.00,16.00,Envío estándar,Entrega en 2 a 5 días hábiles,Envío express,Entrega en 24 horas,Envío programado,Elige el día de entrega,,
556,mi-tienda,MITI-051102,Ayacucho,Vilcas Huaman,Accomarca,051102,0,99.99,35.00,65.00,28.00,100,199.99,30.00,60.00,24.00,200,299.99,25.00,55.00,20.00,300,,20.00,50.00,16.00,Envío estándar,Entrega en 2 a 5 días hábiles,Envío express,Entrega en 24 horas,Envío programado,Elige el día de entrega,,
557,mi-tienda,MITI-051103,Ayacucho,Vilcas Huaman,Carhuanca,051103,0,99.99,35.00,65.00,28.00,100,199.99,30.00,60.00,24.00,200,299.99,25.00,55.00,20.00,300,,20.00,50.00,16.00,Envío estándar,Entrega en 2 a 5 días hábiles,Envío express,Entrega en 24 horas,Envío programado,Elige el día de entrega,,
558,mi-tienda,MITI-051104,Ayacucho,Vilcas Huaman,Concepcion,051104,0,99.99,35.00,65.00,28.00,100,199.99,30.00,60.00,24.00,200,299.99,25.00,55.00,20.00,300,,20.00,50.00,16.00,Envío estándar,Entrega en 2 a 5 días hábiles,Envío express,Entrega en 24 horas,Envío programado,Elige el día de entrega,,
559,mi-tienda,MITI-051105,Ayacucho,Vilcas Huaman,Huambalpa,051105,0,99.99,35.00,65.00,28.00,100,199.99,30.00,60.00,24.00,200,299.99,25.00,55.00,20.00,300,,20.00,50.00,16.00,Envío estándar,Entrega en 2 a 5 días hábiles,Envío express,Entrega en 24 horas,Envío programado,Elige el día de entrega,,
560,mi-tienda,MITI-051106,Ayacucho,Vilcas Huaman,Independencia,051106,0,99.99,35.00,65.00,28.00,100,199.99,30.00,60.00,24.00,200,299.99,25.00,55.00,20.00,300,,20.00,50.00,16.00,Envío estándar,Entrega en 2 a 5 días hábiles,Envío express,Entrega en 24 horas,Envío programado,Elige el día de entrega,,
561,mi-tienda,MITI-051107,Ayacucho,Vilcas Huaman,Saurama,051107,0,99.99,35.00,65.00,28.00,100,199.99,30.00,60.00,24.00,200,299.99,25.00,55.00,20.00,300,,20.00,50.00,16.00,Envío estándar,Entrega en 2 a 5 días hábiles,Envío express,Entrega en 24 horas,Envío programado,Elige el día de entrega,,
562,mi-tienda,MITI-051108,Ayacucho,Vilcas Huaman,Vischongo,051108,0,99.99,35.00,65.00,28.00,100,199.99,30.00,60.00,24.00,200,299.99,25.00,55.00,20.00,300,,20.00,50.00,16.00,Envío estándar,Entrega en 2 a 5 días hábiles,Envío express,Entrega en 24 horas,Envío programado,Elige el día de entrega,,
563,mi-tienda,MITI-060101,Cajamarca,Cajamarca,Cajamarca,060101,0,99.99,35.00,65.00,28.00,100,199.99,30.00,60.00,24.00,200,299.99,25.00,55.00,20.00,300,,20.00,50.00,16.00,Envío estándar,Entrega en 2 a 5 días hábiles,Envío express,Entrega en 24 horas,Envío programado,Elige el día de entrega,,
564,mi-tienda,MITI-060102,Cajamarca,Cajamarca,Asunción,060102,0,99.99,35.00,65.00,28.00,100,199.99,30.00,60.00,24.00,200,299.99,25.00,55.00,20.00,300,,20.00,50.00,16.00,Envío estándar,Entrega en 2 a 5 días hábiles,Envío express,Entrega en 24 horas,Envío programado,Elige el día de entrega,,
565,mi-tienda,MITI-060103,Cajamarca,Cajamarca,Chetilla,060103,0,99.99,35.00,65.00,28.00,100,199.99,30.00,60.00,24.00,200,299.99,25.00,55.00,20.00,300,,20.00,50.00,16.00,Envío estándar,Entrega en 2 a 5 días hábiles,Envío express,Entrega en 24 horas,Envío programado,Elige el día de entrega,,
566,mi-tienda,MITI-060104,Cajamarca,Cajamarca,Cospan,060104,0,99.99,35.00,65.00,28.00,100,199.99,30.00,60.00,24.00,200,299.99,25.00,55.00,20.00,300,,20.00,50.00,16.00,Envío estándar,Entrega en 2 a 5 días hábiles,Envío express,Entrega en 24 horas,Envío programado,Elige el día de entrega,,
567,mi-tienda,MITI-060105,Cajamarca,Cajamarca,Encañada,060105,0,99.99,35.00,65.00,28.00,100,199.99,30.00,60.00,24.00,200,299.99,25.00,55.00,20.00,300,,20.00,50.00,16.00,Envío estándar,Entrega en 2 a 5 días hábiles,Envío express,Entrega en 24 horas,Envío programado,Elige el día de entrega,,
568,mi-tienda,MITI-060106,Cajamarca,Cajamarca,Jesus,060106,0,99.99,35.00,65.00,28.00,100,199.99,30.00,60.00,24.00,200,299.99,25.00,55.00,20.00,300,,20.00,50.00,16.00,Envío estándar,Entrega en 2 a 5 días hábiles,Envío express,Entrega en 24 horas,Envío programado,Elige el día de entrega,,
569,mi-tienda,MITI-060107,Cajamarca,Cajamarca,Llacanora,060107,0,99.99,35.00,65.00,28.00,100,199.99,30.00,60.00,24.00,200,299.99,25.00,55.00,20.00,300,,20.00,50.00,16.00,Envío estándar,Entrega en 2 a 5 días hábiles,Envío express,Entrega en 24 horas,Envío programado,Elige el día de entrega,,
570,mi-tienda,MITI-060108,Cajamarca,Cajamarca,Los Baños del Inca,060108,0,99.99,35.00,65.00,28.00,100,199.99,30.00,60.00,24.00,200,299.99,25.00,55.00,20.00,300,,20.00,50.00,16.00,Envío estándar,Entrega en 2 a 5 días hábiles,Envío express,Entrega en 24 horas,Envío programado,Elige el día de entrega,,
571,mi-tienda,MITI-060109,Cajamarca,Cajamarca,Magdalena,060109,0,99.99,35.00,65.00,28.00,100,199.99,30.00,60.00,24.00,200,299.99,25.00,55.00,20.00,300,,20.00,50.00,16.00,Envío estándar,Entrega en 2 a 5 días hábiles,Envío express,Entrega en 24 horas,Envío programado,Elige el día de entrega,,
572,mi-tienda,MITI-060110,Cajamarca,Cajamarca,Matara,060110,0,99.99,35.00,65.00,28.00,100,199.99,30.00,60.00,24.00,200,299.99,25.00,55.00,20.00,300,,20.00,50.00,16.00,Envío estándar,Entrega en 2 a 5 días hábiles,Envío express,Entrega en 24 horas,Envío programado,Elige el día de entrega,,
573,mi-tienda,MITI-060111,Cajamarca,Cajamarca,Namora,060111,0,99.99,35.00,65.00,28.00,100,199.99,30.00,60.00,24.00,200,299.99,25.00,55.00,20.00,300,,20.00,50.00,16.00,Envío estándar,Entrega en 2 a 5 días hábiles,Envío express,Entrega en 24 horas,Envío programado,Elige el día de entrega,,
574,mi-tienda,MITI-060112,Cajamarca,Cajamarca,San Juan,060112,0,99.99,35.00,65.00,28.00,100,199.99,30.00,60.00,24.00,200,299.99,25.00,55.00,20.00,300,,20.00,50.00,16.00,Envío estándar,Entrega en 2 a 5 días hábiles,Envío express,Entrega en 24 horas,Envío programado,Elige el día de entrega,,
575,mi-tienda,MITI-060201,Cajamarca,Cajabamba,Cajabamba,060201,0,99.99,35.00,65.00,28.00,100,199.99,30.00,60.00,24.00,200,299.99,25.00,55.00,20.00,300,,20.00,50.00,16.00,Envío estándar,Entrega en 2 a 5 días hábiles,Envío express,Entrega en 24 horas,Envío programado,Elige el día de entrega,,
576,mi-tienda,MITI-060202,Cajamarca,Cajabamba,Cachachi,060202,0,99.99,35.00,65.00,28.00,100,199.99,30.00,60.00,24.00,200,299.99,25.00,55.00,20.00,300,,20.00,50.00,16.00,Envío estándar,Entrega en 2 a 5 días hábiles,Envío express,Entrega en 24 horas,Envío programado,Elige el día de entrega,,
577,mi-tienda,MITI-060203,Cajamarca,Cajabamba,Condebamba,060203,0,99.99,35.00,65.00,28.00,100,199.99,30.00,60.00,24.00,200,299.99,25.00,55.00,20.00,300,,20.00,50.00,16.00,Envío estándar,Entrega en 2 a 5 días hábiles,Envío express,Entrega en 24 horas,Envío programado,Elige el día de entrega,,
578,mi-tienda,MITI-060204,Cajamarca,Cajabamba,Sitacocha,060204,0,99.99,35.00,65.00,28.00,100,199.99,30.00,60.00,24.00,200,299.99,25.00,55.00,20.00,300,,20.00,50.00,16.00,Envío estándar,Entrega en 2 a 5 días hábiles,Envío express,Entrega en 24 horas,Envío programado,Elige el día de entrega,,
579,mi-tienda,MITI-060301,Cajamarca,Celendín,Celendín,060301,0,99.99,35.00,65.00,28.00,100,199.99,30.00,60.00,24.00,200,299.99,25.00,55.00,20.00,300,,20.00,50.00,16.00,Envío estándar,Entrega en 2 a 5 días hábiles,Envío express,Entrega en 24 horas,Envío programado,Elige el día de entrega,,
580,mi-tienda,MITI-060302,Cajamarca,Celendín,Chumuch,060302,0,99.99,35.00,65.00,28.00,100,199.99,30.00,60.00,24.00,200,299.99,25.00,55.00,20.00,300,,20.00,50.00,16.00,Envío estándar,Entrega en 2 a 5 días hábiles,Envío express,Entrega en 24 horas,Envío programado,Elige el día de entrega,,
581,mi-tienda,MITI-060303,Cajamarca,Celendín,Cortegana,060303,0,99.99,35.00,65.00,28.00,100,199.99,30.00,60.00,24.00,200,299.99,25.00,55.00,20.00,300,,20.00,50.00,16.00,Envío estándar,Entrega en 2 a 5 días hábiles,Envío express,Entrega en 24 horas,Envío programado,Elige el día de entrega,,
582,mi-tienda,MITI-060304,Cajamarca,Celendín,Huasmin,060304,0,99.99,35.00,65.00,28.00,100,199.99,30.00,60.00,24.00,200,299.99,25.00,55.00,20.00,300,,20.00,50.00,16.00,Envío estándar,Entrega en 2 a 5 días hábiles,Envío express,Entrega en 24 horas,Envío programado,Elige el día de entrega,,
583,mi-tienda,MITI-060305,Cajamarca,Celendín,Jorge Chávez,060305,0,99.99,35.00,65.00,28.00,100,199.99,30.00,60.00,24.00,200,299.99,25.00,55.00,20.00,300,,20.00,50.00,16.00,Envío estándar,Entrega en 2 a 5 días hábiles,Envío express,Entrega en 24 horas,Envío programado,Elige el día de entrega,,
584,mi-tienda,MITI-060306,Cajamarca,Celendín,Jose Gálvez,060306,0,99.99,35.00,65.00,28.00,100,199.99,30.00,60.00,24.00,200,299.99,25.00,55.00,20.00,300,,20.00,50.00,16.00,Envío estándar,Entrega en 2 a 5 días hábiles,Envío express,Entrega en 24 horas,Envío programado,Elige el día de entrega,,
585,mi-tienda,MITI-060307,Cajamarca,Celendín,Miguel Iglesias,060307,0,99.99,35.00,65.00,28.00,100,199.99,30.00,60.00,24.00,200,299.99,25.00,55.00,20.00,300,,20.00,50.00,16.00,Envío estándar,Entrega en 2 a 5 días hábiles,Envío express,Entrega en 24 horas,Envío programado,Elige el día de entrega,,
586,mi-tienda,MITI-060308,Cajamarca,Celendín,Oxamarca,060308,0,99.99,35.00,65.00,28.00,100,199.99,30.00,60.00,24.00,200,299.99,25.00,55.00,20.00,300,,20.00,50.00,16.00,Envío estándar,Entrega en 2 a 5 días hábiles,Envío express,Entrega en 24 horas,Envío programado,Elige el día de entrega,,
587,mi-tienda,MITI-060309,Cajamarca,Celendín,Sorochuco,060309,0,99.99,35.00,65.00,28.00,100,199.99,30.00,60.00,24.00,200,299.99,25.00,55.00,20.00,300,,20.00,50.00,16.00,Envío estándar,Entrega en 2 a 5 días hábiles,Envío express,Entrega en 24 horas,Envío programado,Elige el día de entrega,,
588,mi-tienda,MITI-060310,Cajamarca,Celendín,Sucre,060310,0,99.99,35.00,65.00,28.00,100,199.99,30.00,60.00,24.00,200,299.99,25.00,55.00,20.00,300,,20.00,50.00,16.00,Envío estándar,Entrega en 2 a 5 días hábiles,Envío express,Entrega en 24 horas,Envío programado,Elige el día de entrega,,
589,mi-tienda,MITI-060311,Cajamarca,Celendín,Utco,060311,0,99.99,35.00,65.00,28.00,100,199.99,30.00,60.00,24.00,200,299.99,25.00,55.00,20.00,300,,20.00,50.00,16.00,Envío estándar,Entrega en 2 a 5 días hábiles,Envío express,Entrega en 24 horas,Envío programado,Elige el día de entrega,,
590,mi-tienda,MITI-060312,Cajamarca,Celendín,La Libertad de Pallan,060312,0,99.99,35.00,65.00,28.00,100,199.99,30.00,60.00,24.00,200,299.99,25.00,55.00,20.00,300,,20.00,50.00,16.00,Envío estándar,Entrega en 2 a 5 días hábiles,Envío express,Entrega en 24 horas,Envío programado,Elige el día de entrega,,
591,mi-tienda,MITI-060401,Cajamarca,Chota,Chota,060401,0,99.99,35.00,65.00,28.00,100,199.99,30.00,60.00,24.00,200,299.99,25.00,55.00,20.00,300,,20.00,50.00,16.00,Envío estándar,Entrega en 2 a 5 días hábiles,Envío express,Entrega en 24 horas,Envío programado,Elige el día de entrega,,
592,mi-tienda,MITI-060402,Cajamarca,Chota,Anguia,060402,0,99.99,35.00,65.00,28.00,100,199.99,30.00,60.00,24.00,200,299.99,25.00,55.00,20.00,300,,20.00,50.00,16.00,Envío estándar,Entrega en 2 a 5 días hábiles,Envío express,Entrega en 24 horas,Envío programado,Elige el día de entrega,,
593,mi-tienda,MITI-060403,Cajamarca,Chota,Chadin,060403,0,99.99,35.00,65.00,28.00,100,199.99,30.00,60.00,24.00,200,299.99,25.00,55.00,20.00,300,,20.00,50.00,16.00,Envío estándar,Entrega en 2 a 5 días hábiles,Envío express,Entrega en 24 horas,Envío programado,Elige el día de entrega,,
594,mi-tienda,MITI-060404,Cajamarca,Chota,Chiguirip,060404,0,99.99,35.00,65.00,28.00,100,199.99,30.00,60.00,24.00,200,299.99,25.00,55.00,20.00,300,,20.00,50.00,16.00,Envío estándar,Entrega en 2 a 5 días hábiles,Envío express,Entrega en 24 horas,Envío programado,Elige el día de entrega,,
595,mi-tienda,MITI-060405,Cajamarca,Chota,Chimban,060405,0,99.99,35.00,65.00,28.00,100,199.99,30.00,60.00,24.00,200,299.99,25.00,55.00,20.00,300,,20.00,50.00,16.00,Envío estándar,Entrega en 2 a 5 días hábiles,Envío express,Entrega en 24 horas,Envío programado,Elige el día de entrega,,
596,mi-tienda,MITI-060406,Cajamarca,Chota,Choropampa,060406,0,99.99,35.00,65.00,28.00,100,199.99,30.00,60.00,24.00,200,299.99,25.00,55.00,20.00,300,,20.00,50.00,16.00,Envío estándar,Entrega en 2 a 5 días hábiles,Envío express,Entrega en 24 horas,Envío programado,Elige el día de entrega,,
597,mi-tienda,MITI-060407,Cajamarca,Chota,Cochabamba,060407,0,99.99,35.00,65.00,28.00,100,199.99,30.00,60.00,24.00,200,299.99,25.00,55.00,20.00,300,,20.00,50.00,16.00,Envío estándar,Entrega en 2 a 5 días hábiles,Envío express,Entrega en 24 horas,Envío programado,Elige el día de entrega,,
598,mi-tienda,MITI-060408,Cajamarca,Chota,Conchan,060408,0,99.99,35.00,65.00,28.00,100,199.99,30.00,60.00,24.00,200,299.99,25.00,55.00,20.00,300,,20.00,50.00,16.00,Envío estándar,Entrega en 2 a 5 días hábiles,Envío express,Entrega en 24 horas,Envío programado,Elige el día de entrega,,
599,mi-tienda,MITI-060409,Cajamarca,Chota,Huambos,060409,0,99.99,35.00,65.00,28.00,100,199.99,30.00,60.00,24.00,200,299.99,25.00,55.00,20.00,300,,20.00,50.00,16.00,Envío estándar,Entrega en 2 a 5 días hábiles,Envío express,Entrega en 24 horas,Envío programado,Elige el día de entrega,,
600,mi-tienda,MITI-060410,Cajamarca,Chota,Lajas,060410,0,99.99,35.00,65.00,28.00,100,199.99,30.00,60.00,24.00,200,299.99,25.00,55.00,20.00,300,,20.00,50.00,16.00,Envío estándar,Entrega en 2 a 5 días hábiles,Envío express,Entrega en 24 horas,Envío programado,Elige el día de entrega,,
601,mi-tienda,MITI-060411,Cajamarca,Chota,Llama,060411,0,99.99,35.00,65.00,28.00,100,199.99,30.00,60.00,24.00,200,299.99,25.00,55.00,20.00,300,,20.00,50.00,16.00,Envío estándar,Entrega en 2 a 5 días hábiles,Envío express,Entrega en 24 horas,Envío programado,Elige el día de entrega,,
602,mi-tienda,MITI-060412,Cajamarca,Chota,Miracosta,060412,0,99.99,35.00,65.00,28.00,100,199.99,30.00,60.00,24.00,200,299.99,25.00,55.00,20.00,300,,20.00,50.00,16.00,Envío estándar,Entrega en 2 a 5 días hábiles,Envío express,Entrega en 24 horas,Envío programado,Elige el día de entrega,,
603,mi-tienda,MITI-060413,Cajamarca,Chota,Paccha,060413,0,99.99,35.00,65.00,28.00,100,199.99,30.00,60.00,24.00,200,299.99,25.00,55.00,20.00,300,,20.00,50.00,16.00,Envío estándar,Entrega en 2 a 5 días hábiles,Envío express,Entrega en 24 horas,Envío programado,Elige el día de entrega,,
604,mi-tienda,MITI-060414,Cajamarca,Chota,Pion,060414,0,99.99,35.00,65.00,28.00,100,199.99,30.00,60.00,24.00,200,299.99,25.00,55.00,20.00,300,,20.00,50.00,16.00,Envío estándar,Entrega en 2 a 5 días hábiles,Envío express,Entrega en 24 horas,Envío programado,Elige el día de entrega,,
605,mi-tienda,MITI-060415,Cajamarca,Chota,Querocoto,060415,0,99.99,35.00,65.00,28.00,100,199.99,30.00,60.00,24.00,200,299.99,25.00,55.00,20.00,300,,20.00,50.00,16.00,Envío estándar,Entrega en 2 a 5 días hábiles,Envío express,Entrega en 24 horas,Envío programado,Elige el día de entrega,,
606,mi-tienda,MITI-060416,Cajamarca,Chota,San Juan de Licupis,060416,0,99.99,35.00,65.00,28.00,100,199.99,30.00,60.00,24.00,200,299.99,25.00,55.00,20.00,300,,20.00,50.00,16.00,Envío estándar,Entrega en 2 a 5 días hábiles,Envío express,Entrega en 24 horas,Envío programado,Elige el día de entrega,,
607,mi-tienda,MITI-060417,Cajamarca,Chota,Tacabamba,060417,0,99.99,35.00,65.00,28.00,100,199.99,30.00,60.00,24.00,200,299.99,25.00,55.00,20.00,300,,20.00,50.00,16.00,Envío estándar,Entrega en 2 a 5 días hábiles,Envío express,Entrega en 24 horas,Envío programado,Elige el día de entrega,,
608,mi-tienda,MITI-060418,Cajamarca,Chota,Tocmoche,060418,0,99.99,35.00,65.00,28.00,100,199.99,30.00,60.00,24.00,200,299.99,25.00,55.00,20.00,300,,20.00,50.00,16.00,Envío estándar,Entrega en 2 a 5 días hábiles,Envío express,Entrega en 24 horas,Envío programado,Elige el día de entrega,,
609,mi-tienda,MITI-060419,Cajamarca,Chota,Chalamarca,060419,0,99.99,35.00,65.00,28.00,100,199.99,30.00,60.00,24.00,200,299.99,25.00,55.00,20.00,300,,20.00,50.00,16.00,Envío estándar,Entrega en 2 a 5 días hábiles,Envío express,Entrega en 24 horas,Envío programado,Elige el día de entrega,,
610,mi-tienda,MITI-060501,Cajamarca,Contumaza,Contumaza,060501,0,99.99,35.00,65.00,28.00,100,199.99,30.00,60.00,24.00,200,299.99,25.00,55.00,20.00,300,,20.00,50.00,16.00,Envío estándar,Entrega en 2 a 5 días hábiles,Envío express,Entrega en 24 horas,Envío programado,Elige el día de entrega,,
611,mi-tienda,MITI-060502,Cajamarca,Contumaza,Chilete,060502,0,99.99,35.00,65.00,28.00,100,199.99,30.00,60.00,24.00,200,299.99,25.00,55.00,20.00,300,,20.00,50.00,16.00,Envío estándar,Entrega en 2 a 5 días hábiles,Envío express,Entrega en 24 horas,Envío programado,Elige el día de entrega,,
612,mi-tienda,MITI-060503,Cajamarca,Contumaza,Cupisnique,060503,0,99.99,35.00,65.00,28.00,100,199.99,30.00,60.00,24.00,200,299.99,25.00,55.00,20.00,300,,20.00,50.00,16.00,Envío estándar,Entrega en 2 a 5 días hábiles,Envío express,Entrega en 24 horas,Envío programado,Elige el día de entrega,,
613,mi-tienda,MITI-060504,Cajamarca,Contumaza,Guzmango,060504,0,99.99,35.00,65.00,28.00,100,199.99,30.00,60.00,24.00,200,299.99,25.00,55.00,20.00,300,,20.00,50.00,16.00,Envío estándar,Entrega en 2 a 5 días hábiles,Envío express,Entrega en 24 horas,Envío programado,Elige el día de entrega,,
614,mi-tienda,MITI-060505,Cajamarca,Contumaza,San Benito,060505,0,99.99,35.00,65.00,28.00,100,199.99,30.00,60.00,24.00,200,299.99,25.00,55.00,20.00,300,,20.00,50.00,16.00,Envío estándar,Entrega en 2 a 5 días hábiles,Envío express,Entrega en 24 horas,Envío programado,Elige el día de entrega,,
615,mi-tienda,MITI-060506,Cajamarca,Contumaza,Santa Cruz de Toled,060506,0,99.99,35.00,65.00,28.00,100,199.99,30.00,60.00,24.00,200,299.99,25.00,55.00,20.00,300,,20.00,50.00,16.00,Envío estándar,Entrega en 2 a 5 días hábiles,Envío express,Entrega en 24 horas,Envío programado,Elige el día de entrega,,
616,mi-tienda,MITI-060507,Cajamarca,Contumaza,Tantarica,060507,0,99.99,35.00,65.00,28.00,100,199.99,30.00,60.00,24.00,200,299.99,25.00,55.00,20.00,300,,20.00,50.00,16.00,Envío estándar,Entrega en 2 a 5 días hábiles,Envío express,Entrega en 24 horas,Envío programado,Elige el día de entrega,,
617,mi-tienda,MITI-060508,Cajamarca,Contumaza,Yonan,060508,0,99.99,35.00,65.00,28.00,100,199.99,30.00,60.00,24.00,200,299.99,25.00,55.00,20.00,300,,20.00,50.00,16.00,Envío estándar,Entrega en 2 a 5 días hábiles,Envío express,Entrega en 24 horas,Envío programado,Elige el día de entrega,,
618,mi-tienda,MITI-060601,Cajamarca,Cutervo,Cutervo,060601,0,99.99,35.00,65.00,28.00,100,199.99,30.00,60.00,24.00,200,299.99,25.00,55.00,20.00,300,,20.00,50.00,16.00,Envío estándar,Entrega en 2 a 5 días hábiles,Envío express,Entrega en 24 horas,Envío programado,Elige el día de entrega,,
619,mi-tienda,MITI-060602,Cajamarca,Cutervo,Callayuc,060602,0,99.99,35.00,65.00,28.00,100,199.99,30.00,60.00,24.00,200,299.99,25.00,55.00,20.00,300,,20.00,50.00,16.00,Envío estándar,Entrega en 2 a 5 días hábiles,Envío express,Entrega en 24 horas,Envío programado,Elige el día de entrega,,
620,mi-tienda,MITI-060603,Cajamarca,Cutervo,Choros,060603,0,99.99,35.00,65.00,28.00,100,199.99,30.00,60.00,24.00,200,299.99,25.00,55.00,20.00,300,,20.00,50.00,16.00,Envío estándar,Entrega en 2 a 5 días hábiles,Envío express,Entrega en 24 horas,Envío programado,Elige el día de entrega,,
621,mi-tienda,MITI-060604,Cajamarca,Cutervo,Cujillo,060604,0,99.99,35.00,65.00,28.00,100,199.99,30.00,60.00,24.00,200,299.99,25.00,55.00,20.00,300,,20.00,50.00,16.00,Envío estándar,Entrega en 2 a 5 días hábiles,Envío express,Entrega en 24 horas,Envío programado,Elige el día de entrega,,
622,mi-tienda,MITI-060605,Cajamarca,Cutervo,La Ramada,060605,0,99.99,35.00,65.00,28.00,100,199.99,30.00,60.00,24.00,200,299.99,25.00,55.00,20.00,300,,20.00,50.00,16.00,Envío estándar,Entrega en 2 a 5 días hábiles,Envío express,Entrega en 24 horas,Envío programado,Elige el día de entrega,,
623,mi-tienda,MITI-060606,Cajamarca,Cutervo,Pimpingos,060606,0,99.99,35.00,65.00,28.00,100,199.99,30.00,60.00,24.00,200,299.99,25.00,55.00,20.00,300,,20.00,50.00,16.00,Envío estándar,Entrega en 2 a 5 días hábiles,Envío express,Entrega en 24 horas,Envío programado,Elige el día de entrega,,
624,mi-tienda,MITI-060607,Cajamarca,Cutervo,Querocotillo,060607,0,99.99,35.00,65.00,28.00,100,199.99,30.00,60.00,24.00,200,299.99,25.00,55.00,20.00,300,,20.00,50.00,16.00,Envío estándar,Entrega en 2 a 5 días hábiles,Envío express,Entrega en 24 horas,Envío programado,Elige el día de entrega,,
625,mi-tienda,MITI-060608,Cajamarca,Cutervo,San Andrés de Cutervo,060608,0,99.99,35.00,65.00,28.00,100,199.99,30.00,60.00,24.00,200,299.99,25.00,55.00,20.00,300,,20.00,50.00,16.00,Envío estándar,Entrega en 2 a 5 días hábiles,Envío express,Entrega en 24 horas,Envío programado,Elige el día de entrega,,
626,mi-tienda,MITI-060609,Cajamarca,Cutervo,San Juan de Cutervo,060609,0,99.99,35.00,65.00,28.00,100,199.99,30.00,60.00,24.00,200,299.99,25.00,55.00,20.00,300,,20.00,50.00,16.00,Envío estándar,Entrega en 2 a 5 días hábiles,Envío express,Entrega en 24 horas,Envío programado,Elige el día de entrega,,
627,mi-tienda,MITI-060610,Cajamarca,Cutervo,San Luis de Lucma,060610,0,99.99,35.00,65.00,28.00,100,199.99,30.00,60.00,24.00,200,299.99,25.00,55.00,20.00,300,,20.00,50.00,16.00,Envío estándar,Entrega en 2 a 5 días hábiles,Envío express,Entrega en 24 horas,Envío programado,Elige el día de entrega,,
628,mi-tienda,MITI-060611,Cajamarca,Cutervo,Santa Cruz,060611,0,99.99,35.00,65.00,28.00,100,199.99,30.00,60.00,24.00,200,299.99,25.00,55.00,20.00,300,,20.00,50.00,16.00,Envío estándar,Entrega en 2 a 5 días hábiles,Envío express,Entrega en 24 horas,Envío programado,Elige el día de entrega,,
629,mi-tienda,MITI-060612,Cajamarca,Cutervo,Santo Domingo de La Capilla,060612,0,99.99,35.00,65.00,28.00,100,199.99,30.00,60.00,24.00,200,299.99,25.00,55.00,20.00,300,,20.00,50.00,16.00,Envío estándar,Entrega en 2 a 5 días hábiles,Envío express,Entrega en 24 horas,Envío programado,Elige el día de entrega,,
630,mi-tienda,MITI-060613,Cajamarca,Cutervo,Santo Tomas,060613,0,99.99,35.00,65.00,28.00,100,199.99,30.00,60.00,24.00,200,299.99,25.00,55.00,20.00,300,,20.00,50.00,16.00,Envío estándar,Entrega en 2 a 5 días hábiles,Envío express,Entrega en 24 horas,Envío programado,Elige el día de entrega,,
631,mi-tienda,MITI-060614,Cajamarca,Cutervo,Socota,060614,0,99.99,35.00,65.00,28.00,100,199.99,30.00,60.00,24.00,200,299.99,25.00,55.00,20.00,300,,20.00,50.00,16.00,Envío estándar,Entrega en 2 a 5 días hábiles,Envío express,Entrega en 24 horas,Envío programado,Elige el día de entrega,,
632,mi-tienda,MITI-060615,Cajamarca,Cutervo,Toribio Casanova,060615,0,99.99,35.00,65.00,28.00,100,199.99,30.00,60.00,24.00,200,299.99,25.00,55.00,20.00,300,,20.00,50.00,16.00,Envío estándar,Entrega en 2 a 5 días hábiles,Envío express,Entrega en 24 horas,Envío programado,Elige el día de entrega,,
633,mi-tienda,MITI-060701,Cajamarca,Hualgayoc,Bambamarca,060701,0,99.99,35.00,65.00,28.00,100,199.99,30.00,60.00,24.00,200,299.99,25.00,55.00,20.00,300,,20.00,50.00,16.00,Envío estándar,Entrega en 2 a 5 días hábiles,Envío express,Entrega en 24 horas,Envío programado,Elige el día de entrega,,
634,mi-tienda,MITI-060702,Cajamarca,Hualgayoc,Chugur,060702,0,99.99,35.00,65.00,28.00,100,199.99,30.00,60.00,24.00,200,299.99,25.00,55.00,20.00,300,,20.00,50.00,16.00,Envío estándar,Entrega en 2 a 5 días hábiles,Envío express,Entrega en 24 horas,Envío programado,Elige el día de entrega,,
635,mi-tienda,MITI-060703,Cajamarca,Hualgayoc,Hualgayoc,060703,0,99.99,35.00,65.00,28.00,100,199.99,30.00,60.00,24.00,200,299.99,25.00,55.00,20.00,300,,20.00,50.00,16.00,Envío estándar,Entrega en 2 a 5 días hábiles,Envío express,Entrega en 24 horas,Envío programado,Elige el día de entrega,,
636,mi-tienda,MITI-060801,Cajamarca,Jaén,Jaén,060801,0,99.99,35.00,65.00,28.00,100,199.99,30.00,60.00,24.00,200,299.99,25.00,55.00,20.00,300,,20.00,50.00,16.00,Envío estándar,Entrega en 2 a 5 días hábiles,Envío express,Entrega en 24 horas,Envío programado,Elige el día de entrega,,
637,mi-tienda,MITI-060802,Cajamarca,Jaén,Bellavista,060802,0,99.99,35.00,65.00,28.00,100,199.99,30.00,60.00,24.00,200,299.99,25.00,55.00,20.00,300,,20.00,50.00,16.00,Envío estándar,Entrega en 2 a 5 días hábiles,Envío express,Entrega en 24 horas,Envío programado,Elige el día de entrega,,
638,mi-tienda,MITI-060803,Cajamarca,Jaén,Chontali,060803,0,99.99,35.00,65.00,28.00,100,199.99,30.00,60.00,24.00,200,299.99,25.00,55.00,20.00,300,,20.00,50.00,16.00,Envío estándar,Entrega en 2 a 5 días hábiles,Envío express,Entrega en 24 horas,Envío programado,Elige el día de entrega,,
639,mi-tienda,MITI-060804,Cajamarca,Jaén,Colasay,060804,0,99.99,35.00,65.00,28.00,100,199.99,30.00,60.00,24.00,200,299.99,25.00,55.00,20.00,300,,20.00,50.00,16.00,Envío estándar,Entrega en 2 a 5 días hábiles,Envío express,Entrega en 24 horas,Envío programado,Elige el día de entrega,,
640,mi-tienda,MITI-060805,Cajamarca,Jaén,Huabal,060805,0,99.99,35.00,65.00,28.00,100,199.99,30.00,60.00,24.00,200,299.99,25.00,55.00,20.00,300,,20.00,50.00,16.00,Envío estándar,Entrega en 2 a 5 días hábiles,Envío express,Entrega en 24 horas,Envío programado,Elige el día de entrega,,
641,mi-tienda,MITI-060806,Cajamarca,Jaén,Las Pirias,060806,0,99.99,35.00,65.00,28.00,100,199.99,30.00,60.00,24.00,200,299.99,25.00,55.00,20.00,300,,20.00,50.00,16.00,Envío estándar,Entrega en 2 a 5 días hábiles,Envío express,Entrega en 24 horas,Envío programado,Elige el día de entrega,,
642,mi-tienda,MITI-060807,Cajamarca,Jaén,Pomahuaca,060807,0,99.99,35.00,65.00,28.00,100,199.99,30.00,60.00,24.00,200,299.99,25.00,55.00,20.00,300,,20.00,50.00,16.00,Envío estándar,Entrega en 2 a 5 días hábiles,Envío express,Entrega en 24 horas,Envío programado,Elige el día de entrega,,
643,mi-tienda,MITI-060808,Cajamarca,Jaén,Pucara,060808,0,99.99,35.00,65.00,28.00,100,199.99,30.00,60.00,24.00,200,299.99,25.00,55.00,20.00,300,,20.00,50.00,16.00,Envío estándar,Entrega en 2 a 5 días hábiles,Envío express,Entrega en 24 horas,Envío programado,Elige el día de entrega,,
644,mi-tienda,MITI-060809,Cajamarca,Jaén,Sallique,060809,0,99.99,35.00,65.00,28.00,100,199.99,30.00,60.00,24.00,200,299.99,25.00,55.00,20.00,300,,20.00,50.00,16.00,Envío estándar,Entrega en 2 a 5 días hábiles,Envío express,Entrega en 24 horas,Envío programado,Elige el día de entrega,,
645,mi-tienda,MITI-060810,Cajamarca,Jaén,San Felipe,060810,0,99.99,35.00,65.00,28.00,100,199.99,30.00,60.00,24.00,200,299.99,25.00,55.00,20.00,300,,20.00,50.00,16.00,Envío estándar,Entrega en 2 a 5 días hábiles,Envío express,Entrega en 24 horas,Envío programado,Elige el día de entrega,,
646,mi-tienda,MITI-060811,Cajamarca,Jaén,San Jose del Alto,060811,0,99.99,35.00,65.00,28.00,100,199.99,30.00,60.00,24.00,200,299.99,25.00,55.00,20.00,300,,20.00,50.00,16.00,Envío estándar,Entrega en 2 a 5 días hábiles,Envío express,Entrega en 24 horas,Envío programado,Elige el día de entrega,,
647,mi-tienda,MITI-060812,Cajamarca,Jaén,Santa Rosa,060812,0,99.99,35.00,65.00,28.00,100,199.99,30.00,60.00,24.00,200,299.99,25.00,55.00,20.00,300,,20.00,50.00,16.00,Envío estándar,Entrega en 2 a 5 días hábiles,Envío express,Entrega en 24 horas,Envío programado,Elige el día de entrega,,
648,mi-tienda,MITI-060901,Cajamarca,San Ignacio,San Ignacio,060901,0,99.99,35.00,65.00,28.00,100,199.99,30.00,60.00,24.00,200,299.99,25.00,55.00,20.00,300,,20.00,50.00,16.00,Envío estándar,Entrega en 2 a 5 días hábiles,Envío express,Entrega en 24 horas,Envío programado,Elige el día de entrega,,
649,mi-tienda,MITI-060902,Cajamarca,San Ignacio,Chirinos,060902,0,99.99,35.00,65.00,28.00,100,199.99,30.00,60.00,24.00,200,299.99,25.00,55.00,20.00,300,,20.00,50.00,16.00,Envío estándar,Entrega en 2 a 5 días hábiles,Envío express,Entrega en 24 horas,Envío programado,Elige el día de entrega,,
650,mi-tienda,MITI-060903,Cajamarca,San Ignacio,Huarango,060903,0,99.99,35.00,65.00,28.00,100,199.99,30.00,60.00,24.00,200,299.99,25.00,55.00,20.00,300,,20.00,50.00,16.00,Envío estándar,Entrega en 2 a 5 días hábiles,Envío express,Entrega en 24 horas,Envío programado,Elige el día de entrega,,
651,mi-tienda,MITI-060904,Cajamarca,San Ignacio,La Coipa,060904,0,99.99,35.00,65.00,28.00,100,199.99,30.00,60.00,24.00,200,299.99,25.00,55.00,20.00,300,,20.00,50.00,16.00,Envío estándar,Entrega en 2 a 5 días hábiles,Envío express,Entrega en 24 horas,Envío programado,Elige el día de entrega,,
652,mi-tienda,MITI-060905,Cajamarca,San Ignacio,Namballe,060905,0,99.99,35.00,65.00,28.00,100,199.99,30.00,60.00,24.00,200,299.99,25.00,55.00,20.00,300,,20.00,50.00,16.00,Envío estándar,Entrega en 2 a 5 días hábiles,Envío express,Entrega en 24 horas,Envío programado,Elige el día de entrega,,
653,mi-tienda,MITI-060906,Cajamarca,San Ignacio,San Jose de Lourdes,060906,0,99.99,35.00,65.00,28.00,100,199.99,30.00,60.00,24.00,200,299.99,25.00,55.00,20.00,300,,20.00,50.00,16.00,Envío estándar,Entrega en 2 a 5 días hábiles,Envío express,Entrega en 24 horas,Envío programado,Elige el día de entrega,,
654,mi-tienda,MITI-060907,Cajamarca,San Ignacio,Tabaconas,060907,0,99.99,35.00,65.00,28.00,100,199.99,30.00,60.00,24.00,200,299.99,25.00,55.00,20.00,300,,20.00,50.00,16.00,Envío estándar,Entrega en 2 a 5 días hábiles,Envío express,Entrega en 24 horas,Envío programado,Elige el día de entrega,,
655,mi-tienda,MITI-061001,Cajamarca,San Marcos,Pedro Gálvez,061001,0,99.99,35.00,65.00,28.00,100,199.99,30.00,60.00,24.00,200,299.99,25.00,55.00,20.00,300,,20.00,50.00,16.00,Envío estándar,Entrega en 2 a 5 días hábiles,Envío express,Entrega en 24 horas,Envío programado,Elige el día de entrega,,
656,mi-tienda,MITI-061002,Cajamarca,San Marcos,Chancay,061002,0,99.99,35.00,65.00,28.00,100,199.99,30.00,60.00,24.00,200,299.99,25.00,55.00,20.00,300,,20.00,50.00,16.00,Envío estándar,Entrega en 2 a 5 días hábiles,Envío express,Entrega en 24 horas,Envío programado,Elige el día de entrega,,
657,mi-tienda,MITI-061003,Cajamarca,San Marcos,Eduardo Villanueva,061003,0,99.99,35.00,65.00,28.00,100,199.99,30.00,60.00,24.00,200,299.99,25.00,55.00,20.00,300,,20.00,50.00,16.00,Envío estándar,Entrega en 2 a 5 días hábiles,Envío express,Entrega en 24 horas,Envío programado,Elige el día de entrega,,
658,mi-tienda,MITI-061004,Cajamarca,San Marcos,Gregorio Pita,061004,0,99.99,35.00,65.00,28.00,100,199.99,30.00,60.00,24.00,200,299.99,25.00,55.00,20.00,300,,20.00,50.00,16.00,Envío estándar,Entrega en 2 a 5 días hábiles,Envío express,Entrega en 24 horas,Envío programado,Elige el día de entrega,,
659,mi-tienda,MITI-061005,Cajamarca,San Marcos,Ichocan,061005,0,99.99,35.00,65.00,28.00,100,199.99,30.00,60.00,24.00,200,299.99,25.00,55.00,20.00,300,,20.00,50.00,16.00,Envío estándar,Entrega en 2 a 5 días hábiles,Envío express,Entrega en 24 horas,Envío programado,Elige el día de entrega,,
660,mi-tienda,MITI-061006,Cajamarca,San Marcos,Jose Manuel Quiroz,061006,0,99.99,35.00,65.00,28.00,100,199.99,30.00,60.00,24.00,200,299.99,25.00,55.00,20.00,300,,20.00,50.00,16.00,Envío estándar,Entrega en 2 a 5 días hábiles,Envío express,Entrega en 24 horas,Envío programado,Elige el día de entrega,,
661,mi-tienda,MITI-061007,Cajamarca,San Marcos,Jose Sabogal,061007,0,99.99,35.00,65.00,28.00,100,199.99,30.00,60.00,24.00,200,299.99,25.00,55.00,20.00,300,,20.00,50.00,16.00,Envío estándar,Entrega en 2 a 5 días hábiles,Envío express,Entrega en 24 horas,Envío programado,Elige el día de entrega,,
662,mi-tienda,MITI-061101,Cajamarca,San Miguel,San Miguel,061101,0,99.99,35.00,65.00,28.00,100,199.99,30.00,60.00,24.00,200,299.99,25.00,55.00,20.00,300,,20.00,50.00,16.00,Envío estándar,Entrega en 2 a 5 días hábiles,Envío express,Entrega en 24 horas,Envío programado,Elige el día de entrega,,
663,mi-tienda,MITI-061102,Cajamarca,San Miguel,Bolivar,061102,0,99.99,35.00,65.00,28.00,100,199.99,30.00,60.00,24.00,200,299.99,25.00,55.00,20.00,300,,20.00,50.00,16.00,Envío estándar,Entrega en 2 a 5 días hábiles,Envío express,Entrega en 24 horas,Envío programado,Elige el día de entrega,,
664,mi-tienda,MITI-061103,Cajamarca,San Miguel,Calquis,061103,0,99.99,35.00,65.00,28.00,100,199.99,30.00,60.00,24.00,200,299.99,25.00,55.00,20.00,300,,20.00,50.00,16.00,Envío estándar,Entrega en 2 a 5 días hábiles,Envío express,Entrega en 24 horas,Envío programado,Elige el día de entrega,,
665,mi-tienda,MITI-061104,Cajamarca,San Miguel,Catilluc,061104,0,99.99,35.00,65.00,28.00,100,199.99,30.00,60.00,24.00,200,299.99,25.00,55.00,20.00,300,,20.00,50.00,16.00,Envío estándar,Entrega en 2 a 5 días hábiles,Envío express,Entrega en 24 horas,Envío programado,Elige el día de entrega,,
666,mi-tienda,MITI-061105,Cajamarca,San Miguel,El Prado,061105,0,99.99,35.00,65.00,28.00,100,199.99,30.00,60.00,24.00,200,299.99,25.00,55.00,20.00,300,,20.00,50.00,16.00,Envío estándar,Entrega en 2 a 5 días hábiles,Envío express,Entrega en 24 horas,Envío programado,Elige el día de entrega,,
667,mi-tienda,MITI-061106,Cajamarca,San Miguel,La Florida,061106,0,99.99,35.00,65.00,28.00,100,199.99,30.00,60.00,24.00,200,299.99,25.00,55.00,20.00,300,,20.00,50.00,16.00,Envío estándar,Entrega en 2 a 5 días hábiles,Envío express,Entrega en 24 horas,Envío programado,Elige el día de entrega,,
668,mi-tienda,MITI-061107,Cajamarca,San Miguel,Llapa,061107,0,99.99,35.00,65.00,28.00,100,199.99,30.00,60.00,24.00,200,299.99,25.00,55.00,20.00,300,,20.00,50.00,16.00,Envío estándar,Entrega en 2 a 5 días hábiles,Envío express,Entrega en 24 horas,Envío programado,Elige el día de entrega,,
669,mi-tienda,MITI-061108,Cajamarca,San Miguel,Nanchoc,061108,0,99.99,35.00,65.00,28.00,100,199.99,30.00,60.00,24.00,200,299.99,25.00,55.00,20.00,300,,20.00,50.00,16.00,Envío estándar,Entrega en 2 a 5 días hábiles,Envío express,Entrega en 24 horas,Envío programado,Elige el día de entrega,,
670,mi-tienda,MITI-061109,Cajamarca,San Miguel,Niepos,061109,0,99.99,35.00,65.00,28.00,100,199.99,30.00,60.00,24.00,200,299.99,25.00,55.00,20.00,300,,20.00,50.00,16.00,Envío estándar,Entrega en 2 a 5 días hábiles,Envío express,Entrega en 24 horas,Envío programado,Elige el día de entrega,,
671,mi-tienda,MITI-061110,Cajamarca,San Miguel,San Gregorio,061110,0,99.99,35.00,65.00,28.00,100,199.99,30.00,60.00,24.00,200,299.99,25.00,55.00,20.00,300,,20.00,50.00,16.00,Envío estándar,Entrega en 2 a 5 días hábiles,Envío express,Entrega en 24 horas,Envío programado,Elige el día de entrega,,
672,mi-tienda,MITI-061111,Cajamarca,San Miguel,San Silvestre de Cochan,061111,0,99.99,35.00,65.00,28.00,100,199.99,30.00,60.00,24.00,200,299.99,25.00,55.00,20.00,300,,20.00,50.00,16.00,Envío estándar,Entrega en 2 a 5 días hábiles,Envío express,Entrega en 24 horas,Envío programado,Elige el día de entrega,,
673,mi-tienda,MITI-061112,Cajamarca,San Miguel,Tongod,061112,0,99.99,35.00,65.00,28.00,100,199.99,30.00,60.00,24.00,200,299.99,25.00,55.00,20.00,300,,20.00,50.00,16.00,Envío estándar,Entrega en 2 a 5 días hábiles,Envío express,Entrega en 24 horas,Envío programado,Elige el día de entrega,,
674,mi-tienda,MITI-061113,Cajamarca,San Miguel,Union Agua Blanca,061113,0,99.99,35.00,65.00,28.00,100,199.99,30.00,60.00,24.00,200,299.99,25.00,55.00,20.00,300,,20.00,50.00,16.00,Envío estándar,Entrega en 2 a 5 días hábiles,Envío express,Entrega en 24 horas,Envío programado,Elige el día de entrega,,
675,mi-tienda,MITI-061201,Cajamarca,San Pablo,San Pablo,061201,0,99.99,35.00,65.00,28.00,100,199.99,30.00,60.00,24.00,200,299.99,25.00,55.00,20.00,300,,20.00,50.00,16.00,Envío estándar,Entrega en 2 a 5 días hábiles,Envío express,Entrega en 24 horas,Envío programado,Elige el día de entrega,,
676,mi-tienda,MITI-061202,Cajamarca,San Pablo,San Bernardino,061202,0,99.99,35.00,65.00,28.00,100,199.99,30.00,60.00,24.00,200,299.99,25.00,55.00,20.00,300,,20.00,50.00,16.00,Envío estándar,Entrega en 2 a 5 días hábiles,Envío express,Entrega en 24 horas,Envío programado,Elige el día de entrega,,
677,mi-tienda,MITI-061203,Cajamarca,San Pablo,San Luis,061203,0,99.99,35.00,65.00,28.00,100,199.99,30.00,60.00,24.00,200,299.99,25.00,55.00,20.00,300,,20.00,50.00,16.00,Envío estándar,Entrega en 2 a 5 días hábiles,Envío express,Entrega en 24 horas,Envío programado,Elige el día de entrega,,
678,mi-tienda,MITI-061204,Cajamarca,San Pablo,Tumbaden,061204,0,99.99,35.00,65.00,28.00,100,199.99,30.00,60.00,24.00,200,299.99,25.00,55.00,20.00,300,,20.00,50.00,16.00,Envío estándar,Entrega en 2 a 5 días hábiles,Envío express,Entrega en 24 horas,Envío programado,Elige el día de entrega,,
679,mi-tienda,MITI-061301,Cajamarca,Santa Cruz,Santa Cruz,061301,0,99.99,35.00,65.00,28.00,100,199.99,30.00,60.00,24.00,200,299.99,25.00,55.00,20.00,300,,20.00,50.00,16.00,Envío estándar,Entrega en 2 a 5 días hábiles,Envío express,Entrega en 24 horas,Envío programado,Elige el día de entrega,,
680,mi-tienda,MITI-061302,Cajamarca,Santa Cruz,Andabamba,061302,0,99.99,35.00,65.00,28.00,100,199.99,30.00,60.00,24.00,200,299.99,25.00,55.00,20.00,300,,20.00,50.00,16.00,Envío estándar,Entrega en 2 a 5 días hábiles,Envío express,Entrega en 24 horas,Envío programado,Elige el día de entrega,,
681,mi-tienda,MITI-061303,Cajamarca,Santa Cruz,Catache,061303,0,99.99,35.00,65.00,28.00,100,199.99,30.00,60.00,24.00,200,299.99,25.00,55.00,20.00,300,,20.00,50.00,16.00,Envío estándar,Entrega en 2 a 5 días hábiles,Envío express,Entrega en 24 horas,Envío programado,Elige el día de entrega,,
682,mi-tienda,MITI-061304,Cajamarca,Santa Cruz,Chancaybaños,061304,0,99.99,35.00,65.00,28.00,100,199.99,30.00,60.00,24.00,200,299.99,25.00,55.00,20.00,300,,20.00,50.00,16.00,Envío estándar,Entrega en 2 a 5 días hábiles,Envío express,Entrega en 24 horas,Envío programado,Elige el día de entrega,,
683,mi-tienda,MITI-061305,Cajamarca,Santa Cruz,La Esperanza,061305,0,99.99,35.00,65.00,28.00,100,199.99,30.00,60.00,24.00,200,299.99,25.00,55.00,20.00,300,,20.00,50.00,16.00,Envío estándar,Entrega en 2 a 5 días hábiles,Envío express,Entrega en 24 horas,Envío programado,Elige el día de entrega,,
684,mi-tienda,MITI-061306,Cajamarca,Santa Cruz,Ninabamba,061306,0,99.99,35.00,65.00,28.00,100,199.99,30.00,60.00,24.00,200,299.99,25.00,55.00,20.00,300,,20.00,50.00,16.00,Envío estándar,Entrega en 2 a 5 días hábiles,Envío express,Entrega en 24 horas,Envío programado,Elige el día de entrega,,
685,mi-tienda,MITI-061307,Cajamarca,Santa Cruz,Pulan,061307,0,99.99,35.00,65.00,28.00,100,199.99,30.00,60.00,24.00,200,299.99,25.00,55.00,20.00,300,,20.00,50.00,16.00,Envío estándar,Entrega en 2 a 5 días hábiles,Envío express,Entrega en 24 horas,Envío programado,Elige el día de entrega,,
686,mi-tienda,MITI-061308,Cajamarca,Santa Cruz,Saucepampa,061308,0,99.99,35.00,65.00,28.00,100,199.99,30.00,60.00,24.00,200,299.99,25.00,55.00,20.00,300,,20.00,50.00,16.00,Envío estándar,Entrega en 2 a 5 días hábiles,Envío express,Entrega en 24 horas,Envío programado,Elige el día de entrega,,
687,mi-tienda,MITI-061309,Cajamarca,Santa Cruz,Sexi,061309,0,99.99,35.00,65.00,28.00,100,199.99,30.00,60.00,24.00,200,299.99,25.00,55.00,20.00,300,,20.00,50.00,16.00,Envío estándar,Entrega en 2 a 5 días hábiles,Envío express,Entrega en 24 horas,Envío programado,Elige el día de entrega,,
688,mi-tienda,MITI-061310,Cajamarca,Santa Cruz,Uticyacu,061310,0,99.99,35.00,65.00,28.00,100,199.99,30.00,60.00,24.00,200,299.99,25.00,55.00,20.00,300,,20.00,50.00,16.00,Envío estándar,Entrega en 2 a 5 días hábiles,Envío express,Entrega en 24 horas,Envío programado,Elige el día de entrega,,
689,mi-tienda,MITI-061311,Cajamarca,Santa Cruz,Yauyucan,061311,0,99.99,35.00,65.00,28.00,100,199.99,30.00,60.00,24.00,200,299.99,25.00,55.00,20.00,300,,20.00,50.00,16.00,Envío estándar,Entrega en 2 a 5 días hábiles,Envío express,Entrega en 24 horas,Envío programado,Elige el día de entrega,,
690,mi-tienda,MITI-070101,Callao,Callao,Callao,070101,0,99.99,18.00,28.00,14.40,100,199.99,12.00,22.00,9.60,200,299.99,8.00,18.00,6.40,300,,GRATIS,15.00,0.00,Envío estándar,Entrega en 2 a 5 días hábiles,Envío express,Entrega en 24 horas,Envío programado,Elige el día de entrega,Recojo en tienda,Sin costo de envío
691,mi-tienda,MITI-070102,Callao,Callao,Bellavista,070102,0,99.99,18.00,28.00,14.40,100,199.99,12.00,22.00,9.60,200,299.99,8.00,18.00,6.40,300,,GRATIS,15.00,0.00,Envío estándar,Entrega en 2 a 5 días hábiles,Envío express,Entrega en 24 horas,Envío programado,Elige el día de entrega,Recojo en tienda,Sin costo de envío
692,mi-tienda,MITI-070103,Callao,Callao,Carmen de La Legua,070103,0,99.99,18.00,28.00,14.40,100,199.99,12.00,22.00,9.60,200,299.99,8.00,18.00,6.40,300,,GRATIS,15.00,0.00,Envío estándar,Entrega en 2 a 5 días hábiles,Envío express,Entrega en 24 horas,Envío programado,Elige el día de entrega,Recojo en tienda,Sin costo de envío
693,mi-tienda,MITI-070104,Callao,Callao,La Perla,070104,0,99.99,18.00,28.00,14.40,100,199.99,12.00,22.00,9.60,200,299.99,8.00,18.00,6.40,300,,GRATIS,15.00,0.00,Envío estándar,Entrega en 2 a 5 días hábiles,Envío express,Entrega en 24 horas,Envío programado,Elige el día de entrega,Recojo en tienda,Sin costo de envío
694,mi-tienda,MITI-070105,Callao,Callao,La Punta,070105,0,99.99,18.00,28.00,14.40,100,199.99,12.00,22.00,9.60,200,299.99,8.00,18.00,6.40,300,,GRATIS,15.00,0.00,Envío estándar,Entrega en 2 a 5 días hábiles,Envío express,Entrega en 24 horas,Envío programado,Elige el día de entrega,Recojo en tienda,Sin costo de envío
695,mi-tienda,MITI-070106,Callao,Callao,Ventanilla,070106,0,99.99,18.00,28.00,14.40,100,199.99,12.00,22.00,9.60,200,299.99,8.00,18.00,6.40,300,,GRATIS,15.00,0.00,Envío estándar,Entrega en 2 a 5 días hábiles,Envío express,Entrega en 24 horas,Envío programado,Elige el día de entrega,Recojo en tienda,Sin costo de envío
696,mi-tienda,MITI-070107,Callao,Callao,Mi Perú,070107,0,99.99,18.00,28.00,14.40,100,199.99,12.00,22.00,9.60,200,299.99,8.00,18.00,6.40,300,,GRATIS,15.00,0.00,Envío estándar,Entrega en 2 a 5 días hábiles,Envío express,Entrega en 24 horas,Envío programado,Elige el día de entrega,Recojo en tienda,Sin costo de envío
697,mi-tienda,MITI-080101,Cusco,Cusco,Cusco,080101,0,99.99,30.00,55.00,24.00,100,199.99,25.00,50.00,20.00,200,299.99,20.00,45.00,16.00,300,,15.00,40.00,12.00,Envío estándar,Entrega en 2 a 5 días hábiles,Envío express,Entrega en 24 horas,Envío programado,Elige el día de entrega,,
698,mi-tienda,MITI-080102,Cusco,Cusco,Ccorca,080102,0,99.99,30.00,55.00,24.00,100,199.99,25.00,50.00,20.00,200,299.99,20.00,45.00,16.00,300,,15.00,40.00,12.00,Envío estándar,Entrega en 2 a 5 días hábiles,Envío express,Entrega en 24 horas,Envío programado,Elige el día de entrega,,
699,mi-tienda,MITI-080103,Cusco,Cusco,Poroy,080103,0,99.99,30.00,55.00,24.00,100,199.99,25.00,50.00,20.00,200,299.99,20.00,45.00,16.00,300,,15.00,40.00,12.00,Envío estándar,Entrega en 2 a 5 días hábiles,Envío express,Entrega en 24 horas,Envío programado,Elige el día de entrega,,
700,mi-tienda,MITI-080104,Cusco,Cusco,San Jerónimo,080104,0,99.99,30.00,55.00,24.00,100,199.99,25.00,50.00,20.00,200,299.99,20.00,45.00,16.00,300,,15.00,40.00,12.00,Envío estándar,Entrega en 2 a 5 días hábiles,Envío express,Entrega en 24 horas,Envío programado,Elige el día de entrega,,
701,mi-tienda,MITI-080105,Cusco,Cusco,San Sebastian,080105,0,99.99,30.00,55.00,24.00,100,199.99,25.00,50.00,20.00,200,299.99,20.00,45.00,16.00,300,,15.00,40.00,12.00,Envío estándar,Entrega en 2 a 5 días hábiles,Envío express,Entrega en 24 horas,Envío programado,Elige el día de entrega,,
702,mi-tienda,MITI-080106,Cusco,Cusco,Santiago,080106,0,99.99,30.00,55.00,24.00,100,199.99,25.00,50.00,20.00,200,299.99,20.00,45.00,16.00,300,,15.00,40.00,12.00,Envío estándar,Entrega en 2 a 5 días hábiles,Envío express,Entrega en 24 horas,Envío programado,Elige el día de entrega,,
703,mi-tienda,MITI-080107,Cusco,Cusco,Saylla,080107,0,99.99,30.00,55.00,24.00,100,199.99,25.00,50.00,20.00,200,299.99,20.00,45.00,16.00,300,,15.00,40.00,12.00,Envío estándar,Entrega en 2 a 5 días hábiles,Envío express,Entrega en 24 horas,Envío programado,Elige el día de entrega,,
704,mi-tienda,MITI-080108,Cusco,Cusco,Wanchaq,080108,0,99.99,30.00,55.00,24.00,100,199.99,25.00,50.00,20.00,200,299.99,20.00,45.00,16.00,300,,15.00,40.00,12.00,Envío estándar,Entrega en 2 a 5 días hábiles,Envío express,Entrega en 24 horas,Envío programado,Elige el día de entrega,,
705,mi-tienda,MITI-080201,Cusco,Acomayo,Acomayo,080201,0,99.99,30.00,55.00,24.00,100,199.99,25.00,50.00,20.00,200,299.99,20.00,45.00,16.00,300,,15.00,40.00,12.00,Envío estándar,Entrega en 2 a 5 días hábiles,Envío express,Entrega en 24 horas,Envío programado,Elige el día de entrega,,
706,mi-tienda,MITI-080202,Cusco,Acomayo,Acopia,080202,0,99.99,30.00,55.00,24.00,100,199.99,25.00,50.00,20.00,200,299.99,20.00,45.00,16.00,300,,15.00,40.00,12.00,Envío estándar,Entrega en 2 a 5 días hábiles,Envío express,Entrega en 24 horas,Envío programado,Elige el día de entrega,,
707,mi-tienda,MITI-080203,Cusco,Acomayo,Acos,080203,0,99.99,30.00,55.00,24.00,100,199.99,25.00,50.00,20.00,200,299.99,20.00,45.00,16.00,300,,15.00,40.00,12.00,Envío estándar,Entrega en 2 a 5 días hábiles,Envío express,Entrega en 24 horas,Envío programado,Elige el día de entrega,,
708,mi-tienda,MITI-080204,Cusco,Acomayo,Mosoc Llacta,080204,0,99.99,30.00,55.00,24.00,100,199.99,25.00,50.00,20.00,200,299.99,20.00,45.00,16.00,300,,15.00,40.00,12.00,Envío estándar,Entrega en 2 a 5 días hábiles,Envío express,Entrega en 24 horas,Envío programado,Elige el día de entrega,,
709,mi-tienda,MITI-080205,Cusco,Acomayo,Pomacanchi,080205,0,99.99,30.00,55.00,24.00,100,199.99,25.00,50.00,20.00,200,299.99,20.00,45.00,16.00,300,,15.00,40.00,12.00,Envío estándar,Entrega en 2 a 5 días hábiles,Envío express,Entrega en 24 horas,Envío programado,Elige el día de entrega,,
710,mi-tienda,MITI-080206,Cusco,Acomayo,Rondocan,080206,0,99.99,30.00,55.00,24.00,100,199.99,25.00,50.00,20.00,200,299.99,20.00,45.00,16.00,300,,15.00,40.00,12.00,Envío estándar,Entrega en 2 a 5 días hábiles,Envío express,Entrega en 24 horas,Envío programado,Elige el día de entrega,,
711,mi-tienda,MITI-080207,Cusco,Acomayo,Sangarara,080207,0,99.99,30.00,55.00,24.00,100,199.99,25.00,50.00,20.00,200,299.99,20.00,45.00,16.00,300,,15.00,40.00,12.00,Envío estándar,Entrega en 2 a 5 días hábiles,Envío express,Entrega en 24 horas,Envío programado,Elige el día de entrega,,
712,mi-tienda,MITI-080301,Cusco,Anta,Anta,080301,0,99.99,30.00,55.00,24.00,100,199.99,25.00,50.00,20.00,200,299.99,20.00,45.00,16.00,300,,15.00,40.00,12.00,Envío estándar,Entrega en 2 a 5 días hábiles,Envío express,Entrega en 24 horas,Envío programado,Elige el día de entrega,,
713,mi-tienda,MITI-080302,Cusco,Anta,Ancahuasi,080302,0,99.99,30.00,55.00,24.00,100,199.99,25.00,50.00,20.00,200,299.99,20.00,45.00,16.00,300,,15.00,40.00,12.00,Envío estándar,Entrega en 2 a 5 días hábiles,Envío express,Entrega en 24 horas,Envío programado,Elige el día de entrega,,
714,mi-tienda,MITI-080303,Cusco,Anta,Cachimayo,080303,0,99.99,30.00,55.00,24.00,100,199.99,25.00,50.00,20.00,200,299.99,20.00,45.00,16.00,300,,15.00,40.00,12.00,Envío estándar,Entrega en 2 a 5 días hábiles,Envío express,Entrega en 24 horas,Envío programado,Elige el día de entrega,,
715,mi-tienda,MITI-080304,Cusco,Anta,Chinchaypujio,080304,0,99.99,30.00,55.00,24.00,100,199.99,25.00,50.00,20.00,200,299.99,20.00,45.00,16.00,300,,15.00,40.00,12.00,Envío estándar,Entrega en 2 a 5 días hábiles,Envío express,Entrega en 24 horas,Envío programado,Elige el día de entrega,,
716,mi-tienda,MITI-080305,Cusco,Anta,Huarocondo,080305,0,99.99,30.00,55.00,24.00,100,199.99,25.00,50.00,20.00,200,299.99,20.00,45.00,16.00,300,,15.00,40.00,12.00,Envío estándar,Entrega en 2 a 5 días hábiles,Envío express,Entrega en 24 horas,Envío programado,Elige el día de entrega,,
717,mi-tienda,MITI-080306,Cusco,Anta,Limatambo,080306,0,99.99,30.00,55.00,24.00,100,199.99,25.00,50.00,20.00,200,299.99,20.00,45.00,16.00,300,,15.00,40.00,12.00,Envío estándar,Entrega en 2 a 5 días hábiles,Envío express,Entrega en 24 horas,Envío programado,Elige el día de entrega,,
718,mi-tienda,MITI-080307,Cusco,Anta,Mollepata,080307,0,99.99,30.00,55.00,24.00,100,199.99,25.00,50.00,20.00,200,299.99,20.00,45.00,16.00,300,,15.00,40.00,12.00,Envío estándar,Entrega en 2 a 5 días hábiles,Envío express,Entrega en 24 horas,Envío programado,Elige el día de entrega,,
719,mi-tienda,MITI-080308,Cusco,Anta,Pucyura,080308,0,99.99,30.00,55.00,24.00,100,199.99,25.00,50.00,20.00,200,299.99,20.00,45.00,16.00,300,,15.00,40.00,12.00,Envío estándar,Entrega en 2 a 5 días hábiles,Envío express,Entrega en 24 horas,Envío programado,Elige el día de entrega,,
720,mi-tienda,MITI-080309,Cusco,Anta,Zurite,080309,0,99.99,30.00,55.00,24.00,100,199.99,25.00,50.00,20.00,200,299.99,20.00,45.00,16.00,300,,15.00,40.00,12.00,Envío estándar,Entrega en 2 a 5 días hábiles,Envío express,Entrega en 24 horas,Envío programado,Elige el día de entrega,,
721,mi-tienda,MITI-080401,Cusco,Calca,Calca,080401,0,99.99,30.00,55.00,24.00,100,199.99,25.00,50.00,20.00,200,299.99,20.00,45.00,16.00,300,,15.00,40.00,12.00,Envío estándar,Entrega en 2 a 5 días hábiles,Envío express,Entrega en 24 horas,Envío programado,Elige el día de entrega,,
722,mi-tienda,MITI-080402,Cusco,Calca,Coya,080402,0,99.99,30.00,55.00,24.00,100,199.99,25.00,50.00,20.00,200,299.99,20.00,45.00,16.00,300,,15.00,40.00,12.00,Envío estándar,Entrega en 2 a 5 días hábiles,Envío express,Entrega en 24 horas,Envío programado,Elige el día de entrega,,
723,mi-tienda,MITI-080403,Cusco,Calca,Lamay,080403,0,99.99,30.00,55.00,24.00,100,199.99,25.00,50.00,20.00,200,299.99,20.00,45.00,16.00,300,,15.00,40.00,12.00,Envío estándar,Entrega en 2 a 5 días hábiles,Envío express,Entrega en 24 horas,Envío programado,Elige el día de entrega,,
724,mi-tienda,MITI-080404,Cusco,Calca,Lares,080404,0,99.99,30.00,55.00,24.00,100,199.99,25.00,50.00,20.00,200,299.99,20.00,45.00,16.00,300,,15.00,40.00,12.00,Envío estándar,Entrega en 2 a 5 días hábiles,Envío express,Entrega en 24 horas,Envío programado,Elige el día de entrega,,
725,mi-tienda,MITI-080405,Cusco,Calca,Pisac,080405,0,99.99,30.00,55.00,24.00,100,199.99,25.00,50.00,20.00,200,299.99,20.00,45.00,16.00,300,,15.00,40.00,12.00,Envío estándar,Entrega en 2 a 5 días hábiles,Envío express,Entrega en 24 horas,Envío programado,Elige el día de entrega,,
726,mi-tienda,MITI-080406,Cusco,Calca,San Salvador,080406,0,99.99,30.00,55.00,24.00,100,199.99,25.00,50.00,20.00,200,299.99,20.00,45.00,16.00,300,,15.00,40.00,12.00,Envío estándar,Entrega en 2 a 5 días hábiles,Envío express,Entrega en 24 horas,Envío programado,Elige el día de entrega,,
727,mi-tienda,MITI-080407,Cusco,Calca,Taray,080407,0,99.99,30.00,55.00,24.00,100,199.99,25.00,50.00,20.00,200,299.99,20.00,45.00,16.00,300,,15.00,40.00,12.00,Envío estándar,Entrega en 2 a 5 días hábiles,Envío express,Entrega en 24 horas,Envío programado,Elige el día de entrega,,
728,mi-tienda,MITI-080408,Cusco,Calca,Yanatile,080408,0,99.99,30.00,55.00,24.00,100,199.99,25.00,50.00,20.00,200,299.99,20.00,45.00,16.00,300,,15.00,40.00,12.00,Envío estándar,Entrega en 2 a 5 días hábiles,Envío express,Entrega en 24 horas,Envío programado,Elige el día de entrega,,
729,mi-tienda,MITI-080501,Cusco,Canas,Yanaoca,080501,0,99.99,30.00,55.00,24.00,100,199.99,25.00,50.00,20.00,200,299.99,20.00,45.00,16.00,300,,15.00,40.00,12.00,Envío estándar,Entrega en 2 a 5 días hábiles,Envío express,Entrega en 24 horas,Envío programado,Elige el día de entrega,,
730,mi-tienda,MITI-080502,Cusco,Canas,Checca,080502,0,99.99,30.00,55.00,24.00,100,199.99,25.00,50.00,20.00,200,299.99,20.00,45.00,16.00,300,,15.00,40.00,12.00,Envío estándar,Entrega en 2 a 5 días hábiles,Envío express,Entrega en 24 horas,Envío programado,Elige el día de entrega,,
731,mi-tienda,MITI-080503,Cusco,Canas,Kunturkanki,080503,0,99.99,30.00,55.00,24.00,100,199.99,25.00,50.00,20.00,200,299.99,20.00,45.00,16.00,300,,15.00,40.00,12.00,Envío estándar,Entrega en 2 a 5 días hábiles,Envío express,Entrega en 24 horas,Envío programado,Elige el día de entrega,,
732,mi-tienda,MITI-080504,Cusco,Canas,Langui,080504,0,99.99,30.00,55.00,24.00,100,199.99,25.00,50.00,20.00,200,299.99,20.00,45.00,16.00,300,,15.00,40.00,12.00,Envío estándar,Entrega en 2 a 5 días hábiles,Envío express,Entrega en 24 horas,Envío programado,Elige el día de entrega,,
733,mi-tienda,MITI-080505,Cusco,Canas,Layo,080505,0,99.99,30.00,55.00,24.00,100,199.99,25.00,50.00,20.00,200,299.99,20.00,45.00,16.00,300,,15.00,40.00,12.00,Envío estándar,Entrega en 2 a 5 días hábiles,Envío express,Entrega en 24 horas,Envío programado,Elige el día de entrega,,
734,mi-tienda,MITI-080506,Cusco,Canas,Pampamarca,080506,0,99.99,30.00,55.00,24.00,100,199.99,25.00,50.00,20.00,200,299.99,20.00,45.00,16.00,300,,15.00,40.00,12.00,Envío estándar,Entrega en 2 a 5 días hábiles,Envío express,Entrega en 24 horas,Envío programado,Elige el día de entrega,,
735,mi-tienda,MITI-080507,Cusco,Canas,Quehue,080507,0,99.99,30.00,55.00,24.00,100,199.99,25.00,50.00,20.00,200,299.99,20.00,45.00,16.00,300,,15.00,40.00,12.00,Envío estándar,Entrega en 2 a 5 días hábiles,Envío express,Entrega en 24 horas,Envío programado,Elige el día de entrega,,
736,mi-tienda,MITI-080508,Cusco,Canas,Tupac Amaru,080508,0,99.99,30.00,55.00,24.00,100,199.99,25.00,50.00,20.00,200,299.99,20.00,45.00,16.00,300,,15.00,40.00,12.00,Envío estándar,Entrega en 2 a 5 días hábiles,Envío express,Entrega en 24 horas,Envío programado,Elige el día de entrega,,
737,mi-tienda,MITI-080601,Cusco,Canchis,Sicuani,080601,0,99.99,30.00,55.00,24.00,100,199.99,25.00,50.00,20.00,200,299.99,20.00,45.00,16.00,300,,15.00,40.00,12.00,Envío estándar,Entrega en 2 a 5 días hábiles,Envío express,Entrega en 24 horas,Envío programado,Elige el día de entrega,,
738,mi-tienda,MITI-080602,Cusco,Canchis,Checacupe,080602,0,99.99,30.00,55.00,24.00,100,199.99,25.00,50.00,20.00,200,299.99,20.00,45.00,16.00,300,,15.00,40.00,12.00,Envío estándar,Entrega en 2 a 5 días hábiles,Envío express,Entrega en 24 horas,Envío programado,Elige el día de entrega,,
739,mi-tienda,MITI-080603,Cusco,Canchis,Combapata,080603,0,99.99,30.00,55.00,24.00,100,199.99,25.00,50.00,20.00,200,299.99,20.00,45.00,16.00,300,,15.00,40.00,12.00,Envío estándar,Entrega en 2 a 5 días hábiles,Envío express,Entrega en 24 horas,Envío programado,Elige el día de entrega,,
740,mi-tienda,MITI-080604,Cusco,Canchis,Marangani,080604,0,99.99,30.00,55.00,24.00,100,199.99,25.00,50.00,20.00,200,299.99,20.00,45.00,16.00,300,,15.00,40.00,12.00,Envío estándar,Entrega en 2 a 5 días hábiles,Envío express,Entrega en 24 horas,Envío programado,Elige el día de entrega,,
741,mi-tienda,MITI-080605,Cusco,Canchis,Pitumarca,080605,0,99.99,30.00,55.00,24.00,100,199.99,25.00,50.00,20.00,200,299.99,20.00,45.00,16.00,300,,15.00,40.00,12.00,Envío estándar,Entrega en 2 a 5 días hábiles,Envío express,Entrega en 24 horas,Envío programado,Elige el día de entrega,,
742,mi-tienda,MITI-080606,Cusco,Canchis,San Pablo,080606,0,99.99,30.00,55.00,24.00,100,199.99,25.00,50.00,20.00,200,299.99,20.00,45.00,16.00,300,,15.00,40.00,12.00,Envío estándar,Entrega en 2 a 5 días hábiles,Envío express,Entrega en 24 horas,Envío programado,Elige el día de entrega,,
743,mi-tienda,MITI-080607,Cusco,Canchis,San Pedro,080607,0,99.99,30.00,55.00,24.00,100,199.99,25.00,50.00,20.00,200,299.99,20.00,45.00,16.00,300,,15.00,40.00,12.00,Envío estándar,Entrega en 2 a 5 días hábiles,Envío express,Entrega en 24 horas,Envío programado,Elige el día de entrega,,
744,mi-tienda,MITI-080608,Cusco,Canchis,Tinta,080608,0,99.99,30.00,55.00,24.00,100,199.99,25.00,50.00,20.00,200,299.99,20.00,45.00,16.00,300,,15.00,40.00,12.00,Envío estándar,Entrega en 2 a 5 días hábiles,Envío express,Entrega en 24 horas,Envío programado,Elige el día de entrega,,
745,mi-tienda,MITI-080701,Cusco,Chumbivilcas,Santo Tomas,080701,0,99.99,30.00,55.00,24.00,100,199.99,25.00,50.00,20.00,200,299.99,20.00,45.00,16.00,300,,15.00,40.00,12.00,Envío estándar,Entrega en 2 a 5 días hábiles,Envío express,Entrega en 24 horas,Envío programado,Elige el día de entrega,,
746,mi-tienda,MITI-080702,Cusco,Chumbivilcas,Capacmarca,080702,0,99.99,30.00,55.00,24.00,100,199.99,25.00,50.00,20.00,200,299.99,20.00,45.00,16.00,300,,15.00,40.00,12.00,Envío estándar,Entrega en 2 a 5 días hábiles,Envío express,Entrega en 24 horas,Envío programado,Elige el día de entrega,,
747,mi-tienda,MITI-080703,Cusco,Chumbivilcas,Chamaca,080703,0,99.99,30.00,55.00,24.00,100,199.99,25.00,50.00,20.00,200,299.99,20.00,45.00,16.00,300,,15.00,40.00,12.00,Envío estándar,Entrega en 2 a 5 días hábiles,Envío express,Entrega en 24 horas,Envío programado,Elige el día de entrega,,
748,mi-tienda,MITI-080704,Cusco,Chumbivilcas,Colquemarca,080704,0,99.99,30.00,55.00,24.00,100,199.99,25.00,50.00,20.00,200,299.99,20.00,45.00,16.00,300,,15.00,40.00,12.00,Envío estándar,Entrega en 2 a 5 días hábiles,Envío express,Entrega en 24 horas,Envío programado,Elige el día de entrega,,
749,mi-tienda,MITI-080705,Cusco,Chumbivilcas,Livitaca,080705,0,99.99,30.00,55.00,24.00,100,199.99,25.00,50.00,20.00,200,299.99,20.00,45.00,16.00,300,,15.00,40.00,12.00,Envío estándar,Entrega en 2 a 5 días hábiles,Envío express,Entrega en 24 horas,Envío programado,Elige el día de entrega,,
750,mi-tienda,MITI-080706,Cusco,Chumbivilcas,Llusco,080706,0,99.99,30.00,55.00,24.00,100,199.99,25.00,50.00,20.00,200,299.99,20.00,45.00,16.00,300,,15.00,40.00,12.00,Envío estándar,Entrega en 2 a 5 días hábiles,Envío express,Entrega en 24 horas,Envío programado,Elige el día de entrega,,
751,mi-tienda,MITI-080707,Cusco,Chumbivilcas,Quiñota,080707,0,99.99,30.00,55.00,24.00,100,199.99,25.00,50.00,20.00,200,299.99,20.00,45.00,16.00,300,,15.00,40.00,12.00,Envío estándar,Entrega en 2 a 5 días hábiles,Envío express,Entrega en 24 horas,Envío programado,Elige el día de entrega,,
752,mi-tienda,MITI-080708,Cusco,Chumbivilcas,Velille,080708,0,99.99,30.00,55.00,24.00,100,199.99,25.00,50.00,20.00,200,299.99,20.00,45.00,16.00,300,,15.00,40.00,12.00,Envío estándar,Entrega en 2 a 5 días hábiles,Envío express,Entrega en 24 horas,Envío programado,Elige el día de entrega,,
753,mi-tienda,MITI-080801,Cusco,Espinar,Espinar,080801,0,99.99,30.00,55.00,24.00,100,199.99,25.00,50.00,20.00,200,299.99,20.00,45.00,16.00,300,,15.00,40.00,12.00,Envío estándar,Entrega en 2 a 5 días hábiles,Envío express,Entrega en 24 horas,Envío programado,Elige el día de entrega,,
754,mi-tienda,MITI-080802,Cusco,Espinar,Condoroma,080802,0,99.99,30.00,55.00,24.00,100,199.99,25.00,50.00,20.00,200,299.99,20.00,45.00,16.00,300,,15.00,40.00,12.00,Envío estándar,Entrega en 2 a 5 días hábiles,Envío express,Entrega en 24 horas,Envío programado,Elige el día de entrega,,
755,mi-tienda,MITI-080803,Cusco,Espinar,Coporaque,080803,0,99.99,30.00,55.00,24.00,100,199.99,25.00,50.00,20.00,200,299.99,20.00,45.00,16.00,300,,15.00,40.00,12.00,Envío estándar,Entrega en 2 a 5 días hábiles,Envío express,Entrega en 24 horas,Envío programado,Elige el día de entrega,,
756,mi-tienda,MITI-080804,Cusco,Espinar,Ocoruro,080804,0,99.99,30.00,55.00,24.00,100,199.99,25.00,50.00,20.00,200,299.99,20.00,45.00,16.00,300,,15.00,40.00,12.00,Envío estándar,Entrega en 2 a 5 días hábiles,Envío express,Entrega en 24 horas,Envío programado,Elige el día de entrega,,
757,mi-tienda,MITI-080805,Cusco,Espinar,Pallpata,080805,0,99.99,30.00,55.00,24.00,100,199.99,25.00,50.00,20.00,200,299.99,20.00,45.00,16.00,300,,15.00,40.00,12.00,Envío estándar,Entrega en 2 a 5 días hábiles,Envío express,Entrega en 24 horas,Envío programado,Elige el día de entrega,,
758,mi-tienda,MITI-080806,Cusco,Espinar,Pichigua,080806,0,99.99,30.00,55.00,24.00,100,199.99,25.00,50.00,20.00,200,299.99,20.00,45.00,16.00,300,,15.00,40.00,12.00,Envío estándar,Entrega en 2 a 5 días hábiles,Envío express,Entrega en 24 horas,Envío programado,Elige el día de entrega,,
759,mi-tienda,MITI-080807,Cusco,Espinar,Suyckutambo,080807,0,99.99,30.00,55.00,24.00,100,199.99,25.00,50.00,20.00,200,299.99,20.00,45.00,16.00,300,,15.00,40.00,12.00,Envío estándar,Entrega en 2 a 5 días hábiles,Envío express,Entrega en 24 horas,Envío programado,Elige el día de entrega,,
760,mi-tienda,MITI-080808,Cusco,Espinar,Alto Pichigua,080808,0,99.99,30.00,55.00,24.00,100,199.99,25.00,50.00,20.00,200,299.99,20.00,45.00,16.00,300,,15.00,40.00,12.00,Envío estándar,Entrega en 2 a 5 días hábiles,Envío express,Entrega en 24 horas,Envío programado,Elige el día de entrega,,
761,mi-tienda,MITI-080901,Cusco,La Convención,Santa Ana,080901,0,99.99,30.00,55.00,24.00,100,199.99,25.00,50.00,20.00,200,299.99,20.00,45.00,16.00,300,,15.00,40.00,12.00,Envío estándar,Entrega en 2 a 5 días hábiles,Envío express,Entrega en 24 horas,Envío programado,Elige el día de entrega,,
762,mi-tienda,MITI-080902,Cusco,La Convención,Echarate,080902,0,99.99,30.00,55.00,24.00,100,199.99,25.00,50.00,20.00,200,299.99,20.00,45.00,16.00,300,,15.00,40.00,12.00,Envío estándar,Entrega en 2 a 5 días hábiles,Envío express,Entrega en 24 horas,Envío programado,Elige el día de entrega,,
763,mi-tienda,MITI-080903,Cusco,La Convención,Huayopata,080903,0,99.99,30.00,55.00,24.00,100,199.99,25.00,50.00,20.00,200,299.99,20.00,45.00,16.00,300,,15.00,40.00,12.00,Envío estándar,Entrega en 2 a 5 días hábiles,Envío express,Entrega en 24 horas,Envío programado,Elige el día de entrega,,
764,mi-tienda,MITI-080904,Cusco,La Convención,Maranura,080904,0,99.99,30.00,55.00,24.00,100,199.99,25.00,50.00,20.00,200,299.99,20.00,45.00,16.00,300,,15.00,40.00,12.00,Envío estándar,Entrega en 2 a 5 días hábiles,Envío express,Entrega en 24 horas,Envío programado,Elige el día de entrega,,
765,mi-tienda,MITI-080905,Cusco,La Convención,Ocobamba,080905,0,99.99,30.00,55.00,24.00,100,199.99,25.00,50.00,20.00,200,299.99,20.00,45.00,16.00,300,,15.00,40.00,12.00,Envío estándar,Entrega en 2 a 5 días hábiles,Envío express,Entrega en 24 horas,Envío programado,Elige el día de entrega,,
766,mi-tienda,MITI-080906,Cusco,La Convención,Quellouno,080906,0,99.99,30.00,55.00,24.00,100,199.99,25.00,50.00,20.00,200,299.99,20.00,45.00,16.00,300,,15.00,40.00,12.00,Envío estándar,Entrega en 2 a 5 días hábiles,Envío express,Entrega en 24 horas,Envío programado,Elige el día de entrega,,
767,mi-tienda,MITI-080907,Cusco,La Convención,Kimbiri,080907,0,99.99,30.00,55.00,24.00,100,199.99,25.00,50.00,20.00,200,299.99,20.00,45.00,16.00,300,,15.00,40.00,12.00,Envío estándar,Entrega en 2 a 5 días hábiles,Envío express,Entrega en 24 horas,Envío programado,Elige el día de entrega,,
768,mi-tienda,MITI-080908,Cusco,La Convención,Santa Teresa,080908,0,99.99,30.00,55.00,24.00,100,199.99,25.00,50.00,20.00,200,299.99,20.00,45.00,16.00,300,,15.00,40.00,12.00,Envío estándar,Entrega en 2 a 5 días hábiles,Envío express,Entrega en 24 horas,Envío programado,Elige el día de entrega,,
769,mi-tienda,MITI-080909,Cusco,La Convención,Vilcabamba,080909,0,99.99,30.00,55.00,24.00,100,199.99,25.00,50.00,20.00,200,299.99,20.00,45.00,16.00,300,,15.00,40.00,12.00,Envío estándar,Entrega en 2 a 5 días hábiles,Envío express,Entrega en 24 horas,Envío programado,Elige el día de entrega,,
770,mi-tienda,MITI-080910,Cusco,La Convención,Pichari,080910,0,99.99,30.00,55.00,24.00,100,199.99,25.00,50.00,20.00,200,299.99,20.00,45.00,16.00,300,,15.00,40.00,12.00,Envío estándar,Entrega en 2 a 5 días hábiles,Envío express,Entrega en 24 horas,Envío programado,Elige el día de entrega,,
771,mi-tienda,MITI-080911,Cusco,La Convención,Inkawasi,080911,0,99.99,30.00,55.00,24.00,100,199.99,25.00,50.00,20.00,200,299.99,20.00,45.00,16.00,300,,15.00,40.00,12.00,Envío estándar,Entrega en 2 a 5 días hábiles,Envío express,Entrega en 24 horas,Envío programado,Elige el día de entrega,,
772,mi-tienda,MITI-080912,Cusco,La Convención,Villa Virgen,080912,0,99.99,30.00,55.00,24.00,100,199.99,25.00,50.00,20.00,200,299.99,20.00,45.00,16.00,300,,15.00,40.00,12.00,Envío estándar,Entrega en 2 a 5 días hábiles,Envío express,Entrega en 24 horas,Envío programado,Elige el día de entrega,,
773,mi-tienda,MITI-080913,Cusco,La Convención,Villa Kintiarina,080913,0,99.99,30.00,55.00,24.00,100,199.99,25.00,50.00,20.00,200,299.99,20.00,45.00,16.00,300,,15.00,40.00,12.00,Envío estándar,Entrega en 2 a 5 días hábiles,Envío express,Entrega en 24 horas,Envío programado,Elige el día de entrega,,
774,mi-tienda,MITI-080914,Cusco,La Convención,Megantoni,080914,0,99.99,30.00,55.00,24.00,100,199.99,25.00,50.00,20.00,200,299.99,20.00,45.00,16.00,300,,15.00,40.00,12.00,Envío estándar,Entrega en 2 a 5 días hábiles,Envío express,Entrega en 24 horas,Envío programado,Elige el día de entrega,,
775,mi-tienda,MITI-081001,Cusco,Paruro,Paruro,081001,0,99.99,30.00,55.00,24.00,100,199.99,25.00,50.00,20.00,200,299.99,20.00,45.00,16.00,300,,15.00,40.00,12.00,Envío estándar,Entrega en 2 a 5 días hábiles,Envío express,Entrega en 24 horas,Envío programado,Elige el día de entrega,,
776,mi-tienda,MITI-081002,Cusco,Paruro,Accha,081002,0,99.99,30.00,55.00,24.00,100,199.99,25.00,50.00,20.00,200,299.99,20.00,45.00,16.00,300,,15.00,40.00,12.00,Envío estándar,Entrega en 2 a 5 días hábiles,Envío express,Entrega en 24 horas,Envío programado,Elige el día de entrega,,
777,mi-tienda,MITI-081003,Cusco,Paruro,Ccapi,081003,0,99.99,30.00,55.00,24.00,100,199.99,25.00,50.00,20.00,200,299.99,20.00,45.00,16.00,300,,15.00,40.00,12.00,Envío estándar,Entrega en 2 a 5 días hábiles,Envío express,Entrega en 24 horas,Envío programado,Elige el día de entrega,,
778,mi-tienda,MITI-081004,Cusco,Paruro,Colcha,081004,0,99.99,30.00,55.00,24.00,100,199.99,25.00,50.00,20.00,200,299.99,20.00,45.00,16.00,300,,15.00,40.00,12.00,Envío estándar,Entrega en 2 a 5 días hábiles,Envío express,Entrega en 24 horas,Envío programado,Elige el día de entrega,,
779,mi-tienda,MITI-081005,Cusco,Paruro,Huanoquite,081005,0,99.99,30.00,55.00,24.00,100,199.99,25.00,50.00,20.00,200,299.99,20.00,45.00,16.00,300,,15.00,40.00,12.00,Envío estándar,Entrega en 2 a 5 días hábiles,Envío express,Entrega en 24 horas,Envío programado,Elige el día de entrega,,
780,mi-tienda,MITI-081006,Cusco,Paruro,Omacha,081006,0,99.99,30.00,55.00,24.00,100,199.99,25.00,50.00,20.00,200,299.99,20.00,45.00,16.00,300,,15.00,40.00,12.00,Envío estándar,Entrega en 2 a 5 días hábiles,Envío express,Entrega en 24 horas,Envío programado,Elige el día de entrega,,
781,mi-tienda,MITI-081007,Cusco,Paruro,Paccaritambo,081007,0,99.99,30.00,55.00,24.00,100,199.99,25.00,50.00,20.00,200,299.99,20.00,45.00,16.00,300,,15.00,40.00,12.00,Envío estándar,Entrega en 2 a 5 días hábiles,Envío express,Entrega en 24 horas,Envío programado,Elige el día de entrega,,
782,mi-tienda,MITI-081008,Cusco,Paruro,Pillpinto,081008,0,99.99,30.00,55.00,24.00,100,199.99,25.00,50.00,20.00,200,299.99,20.00,45.00,16.00,300,,15.00,40.00,12.00,Envío estándar,Entrega en 2 a 5 días hábiles,Envío express,Entrega en 24 horas,Envío programado,Elige el día de entrega,,
783,mi-tienda,MITI-081009,Cusco,Paruro,Yaurisque,081009,0,99.99,30.00,55.00,24.00,100,199.99,25.00,50.00,20.00,200,299.99,20.00,45.00,16.00,300,,15.00,40.00,12.00,Envío estándar,Entrega en 2 a 5 días hábiles,Envío express,Entrega en 24 horas,Envío programado,Elige el día de entrega,,
784,mi-tienda,MITI-081101,Cusco,Paucartambo,Paucartambo,081101,0,99.99,30.00,55.00,24.00,100,199.99,25.00,50.00,20.00,200,299.99,20.00,45.00,16.00,300,,15.00,40.00,12.00,Envío estándar,Entrega en 2 a 5 días hábiles,Envío express,Entrega en 24 horas,Envío programado,Elige el día de entrega,,
785,mi-tienda,MITI-081102,Cusco,Paucartambo,Caicay,081102,0,99.99,30.00,55.00,24.00,100,199.99,25.00,50.00,20.00,200,299.99,20.00,45.00,16.00,300,,15.00,40.00,12.00,Envío estándar,Entrega en 2 a 5 días hábiles,Envío express,Entrega en 24 horas,Envío programado,Elige el día de entrega,,
786,mi-tienda,MITI-081103,Cusco,Paucartambo,Challabamba,081103,0,99.99,30.00,55.00,24.00,100,199.99,25.00,50.00,20.00,200,299.99,20.00,45.00,16.00,300,,15.00,40.00,12.00,Envío estándar,Entrega en 2 a 5 días hábiles,Envío express,Entrega en 24 horas,Envío programado,Elige el día de entrega,,
787,mi-tienda,MITI-081104,Cusco,Paucartambo,Colquepata,081104,0,99.99,30.00,55.00,24.00,100,199.99,25.00,50.00,20.00,200,299.99,20.00,45.00,16.00,300,,15.00,40.00,12.00,Envío estándar,Entrega en 2 a 5 días hábiles,Envío express,Entrega en 24 horas,Envío programado,Elige el día de entrega,,
788,mi-tienda,MITI-081105,Cusco,Paucartambo,Huancarani,081105,0,99.99,30.00,55.00,24.00,100,199.99,25.00,50.00,20.00,200,299.99,20.00,45.00,16.00,300,,15.00,40.00,12.00,Envío estándar,Entrega en 2 a 5 días hábiles,Envío express,Entrega en 24 horas,Envío programado,Elige el día de entrega,,
789,mi-tienda,MITI-081106,Cusco,Paucartambo,Kosñipata,081106,0,99.99,30.00,55.00,24.00,100,199.99,25.00,50.00,20.00,200,299.99,20.00,45.00,16.00,300,,15.00,40.00,12.00,Envío estándar,Entrega en 2 a 5 días hábiles,Envío express,Entrega en 24 horas,Envío programado,Elige el día de entrega,,
790,mi-tienda,MITI-081201,Cusco,Quispicanchi,Urcos,081201,0,99.99,30.00,55.00,24.00,100,199.99,25.00,50.00,20.00,200,299.99,20.00,45.00,16.00,300,,15.00,40.00,12.00,Envío estándar,Entrega en 2 a 5 días hábiles,Envío express,Entrega en 24 horas,Envío programado,Elige el día de entrega,,
791,mi-tienda,MITI-081202,Cusco,Quispicanchi,Andahuaylillas,081202,0,99.99,30.00,55.00,24.00,100,199.99,25.00,50.00,20.00,200,299.99,20.00,45.00,16.00,300,,15.00,40.00,12.00,Envío estándar,Entrega en 2 a 5 días hábiles,Envío express,Entrega en 24 horas,Envío programado,Elige el día de entrega,,
792,mi-tienda,MITI-081203,Cusco,Quispicanchi,Camanti,081203,0,99.99,30.00,55.00,24.00,100,199.99,25.00,50.00,20.00,200,299.99,20.00,45.00,16.00,300,,15.00,40.00,12.00,Envío estándar,Entrega en 2 a 5 días hábiles,Envío express,Entrega en 24 horas,Envío programado,Elige el día de entrega,,
793,mi-tienda,MITI-081204,Cusco,Quispicanchi,Ccarhuayo,081204,0,99.99,30.00,55.00,24.00,100,199.99,25.00,50.00,20.00,200,299.99,20.00,45.00,16.00,300,,15.00,40.00,12.00,Envío estándar,Entrega en 2 a 5 días hábiles,Envío express,Entrega en 24 horas,Envío programado,Elige el día de entrega,,
794,mi-tienda,MITI-081205,Cusco,Quispicanchi,Ccatca,081205,0,99.99,30.00,55.00,24.00,100,199.99,25.00,50.00,20.00,200,299.99,20.00,45.00,16.00,300,,15.00,40.00,12.00,Envío estándar,Entrega en 2 a 5 días hábiles,Envío express,Entrega en 24 horas,Envío programado,Elige el día de entrega,,
795,mi-tienda,MITI-081206,Cusco,Quispicanchi,Cusipata,081206,0,99.99,30.00,55.00,24.00,100,199.99,25.00,50.00,20.00,200,299.99,20.00,45.00,16.00,300,,15.00,40.00,12.00,Envío estándar,Entrega en 2 a 5 días hábiles,Envío express,Entrega en 24 horas,Envío programado,Elige el día de entrega,,
796,mi-tienda,MITI-081207,Cusco,Quispicanchi,Huaro,081207,0,99.99,30.00,55.00,24.00,100,199.99,25.00,50.00,20.00,200,299.99,20.00,45.00,16.00,300,,15.00,40.00,12.00,Envío estándar,Entrega en 2 a 5 días hábiles,Envío express,Entrega en 24 horas,Envío programado,Elige el día de entrega,,
797,mi-tienda,MITI-081208,Cusco,Quispicanchi,Lucre,081208,0,99.99,30.00,55.00,24.00,100,199.99,25.00,50.00,20.00,200,299.99,20.00,45.00,16.00,300,,15.00,40.00,12.00,Envío estándar,Entrega en 2 a 5 días hábiles,Envío express,Entrega en 24 horas,Envío programado,Elige el día de entrega,,
798,mi-tienda,MITI-081209,Cusco,Quispicanchi,Marcapata,081209,0,99.99,30.00,55.00,24.00,100,199.99,25.00,50.00,20.00,200,299.99,20.00,45.00,16.00,300,,15.00,40.00,12.00,Envío estándar,Entrega en 2 a 5 días hábiles,Envío express,Entrega en 24 horas,Envío programado,Elige el día de entrega,,
799,mi-tienda,MITI-081210,Cusco,Quispicanchi,Ocongate,081210,0,99.99,30.00,55.00,24.00,100,199.99,25.00,50.00,20.00,200,299.99,20.00,45.00,16.00,300,,15.00,40.00,12.00,Envío estándar,Entrega en 2 a 5 días hábiles,Envío express,Entrega en 24 horas,Envío programado,Elige el día de entrega,,
800,mi-tienda,MITI-081211,Cusco,Quispicanchi,Oropesa,081211,0,99.99,30.00,55.00,24.00,100,199.99,25.00,50.00,20.00,200,299.99,20.00,45.00,16.00,300,,15.00,40.00,12.00,Envío estándar,Entrega en 2 a 5 días hábiles,Envío express,Entrega en 24 horas,Envío programado,Elige el día de entrega,,
801,mi-tienda,MITI-081212,Cusco,Quispicanchi,Quiquijana,081212,0,99.99,30.00,55.00,24.00,100,199.99,25.00,50.00,20.00,200,299.99,20.00,45.00,16.00,300,,15.00,40.00,12.00,Envío estándar,Entrega en 2 a 5 días hábiles,Envío express,Entrega en 24 horas,Envío programado,Elige el día de entrega,,
802,mi-tienda,MITI-081301,Cusco,Urubamba,Urubamba,081301,0,99.99,30.00,55.00,24.00,100,199.99,25.00,50.00,20.00,200,299.99,20.00,45.00,16.00,300,,15.00,40.00,12.00,Envío estándar,Entrega en 2 a 5 días hábiles,Envío express,Entrega en 24 horas,Envío programado,Elige el día de entrega,,
803,mi-tienda,MITI-081302,Cusco,Urubamba,Chinchero,081302,0,99.99,30.00,55.00,24.00,100,199.99,25.00,50.00,20.00,200,299.99,20.00,45.00,16.00,300,,15.00,40.00,12.00,Envío estándar,Entrega en 2 a 5 días hábiles,Envío express,Entrega en 24 horas,Envío programado,Elige el día de entrega,,
804,mi-tienda,MITI-081303,Cusco,Urubamba,Huayllabamba,081303,0,99.99,30.00,55.00,24.00,100,199.99,25.00,50.00,20.00,200,299.99,20.00,45.00,16.00,300,,15.00,40.00,12.00,Envío estándar,Entrega en 2 a 5 días hábiles,Envío express,Entrega en 24 horas,Envío programado,Elige el día de entrega,,
805,mi-tienda,MITI-081304,Cusco,Urubamba,Machupicchu,081304,0,99.99,30.00,55.00,24.00,100,199.99,25.00,50.00,20.00,200,299.99,20.00,45.00,16.00,300,,15.00,40.00,12.00,Envío estándar,Entrega en 2 a 5 días hábiles,Envío express,Entrega en 24 horas,Envío programado,Elige el día de entrega,,
806,mi-tienda,MITI-081305,Cusco,Urubamba,Maras,081305,0,99.99,30.00,55.00,24.00,100,199.99,25.00,50.00,20.00,200,299.99,20.00,45.00,16.00,300,,15.00,40.00,12.00,Envío estándar,Entrega en 2 a 5 días hábiles,Envío express,Entrega en 24 horas,Envío programado,Elige el día de entrega,,
807,mi-tienda,MITI-081306,Cusco,Urubamba,Ollantaytambo,081306,0,99.99,30.00,55.00,24.00,100,199.99,25.00,50.00,20.00,200,299.99,20.00,45.00,16.00,300,,15.00,40.00,12.00,Envío estándar,Entrega en 2 a 5 días hábiles,Envío express,Entrega en 24 horas,Envío programado,Elige el día de entrega,,
808,mi-tienda,MITI-081307,Cusco,Urubamba,Yucay,081307,0,99.99,30.00,55.00,24.00,100,199.99,25.00,50.00,20.00,200,299.99,20.00,45.00,16.00,300,,15.00,40.00,12.00,Envío estándar,Entrega en 2 a 5 días hábiles,Envío express,Entrega en 24 horas,Envío programado,Elige el día de entrega,,
809,mi-tienda,MITI-090101,Huancavelica,Huancavelica,Huancavelica,090101,0,99.99,35.00,65.00,28.00,100,199.99,30.00,60.00,24.00,200,299.99,25.00,55.00,20.00,300,,20.00,50.00,16.00,Envío estándar,Entrega en 2 a 5 días hábiles,Envío express,Entrega en 24 horas,Envío programado,Elige el día de entrega,,
810,mi-tienda,MITI-090102,Huancavelica,Huancavelica,Acobambilla,090102,0,99.99,35.00,65.00,28.00,100,199.99,30.00,60.00,24.00,200,299.99,25.00,55.00,20.00,300,,20.00,50.00,16.00,Envío estándar,Entrega en 2 a 5 días hábiles,Envío express,Entrega en 24 horas,Envío programado,Elige el día de entrega,,
811,mi-tienda,MITI-090103,Huancavelica,Huancavelica,Acoria,090103,0,99.99,35.00,65.00,28.00,100,199.99,30.00,60.00,24.00,200,299.99,25.00,55.00,20.00,300,,20.00,50.00,16.00,Envío estándar,Entrega en 2 a 5 días hábiles,Envío express,Entrega en 24 horas,Envío programado,Elige el día de entrega,,
812,mi-tienda,MITI-090104,Huancavelica,Huancavelica,Conayca,090104,0,99.99,35.00,65.00,28.00,100,199.99,30.00,60.00,24.00,200,299.99,25.00,55.00,20.00,300,,20.00,50.00,16.00,Envío estándar,Entrega en 2 a 5 días hábiles,Envío express,Entrega en 24 horas,Envío programado,Elige el día de entrega,,
813,mi-tienda,MITI-090105,Huancavelica,Huancavelica,Cuenca,090105,0,99.99,35.00,65.00,28.00,100,199.99,30.00,60.00,24.00,200,299.99,25.00,55.00,20.00,300,,20.00,50.00,16.00,Envío estándar,Entrega en 2 a 5 días hábiles,Envío express,Entrega en 24 horas,Envío programado,Elige el día de entrega,,
814,mi-tienda,MITI-090106,Huancavelica,Huancavelica,Huachocolpa,090106,0,99.99,35.00,65.00,28.00,100,199.99,30.00,60.00,24.00,200,299.99,25.00,55.00,20.00,300,,20.00,50.00,16.00,Envío estándar,Entrega en 2 a 5 días hábiles,Envío express,Entrega en 24 horas,Envío programado,Elige el día de entrega,,
815,mi-tienda,MITI-090107,Huancavelica,Huancavelica,Huayllahuara,090107,0,99.99,35.00,65.00,28.00,100,199.99,30.00,60.00,24.00,200,299.99,25.00,55.00,20.00,300,,20.00,50.00,16.00,Envío estándar,Entrega en 2 a 5 días hábiles,Envío express,Entrega en 24 horas,Envío programado,Elige el día de entrega,,
816,mi-tienda,MITI-090108,Huancavelica,Huancavelica,Izcuchaca,090108,0,99.99,35.00,65.00,28.00,100,199.99,30.00,60.00,24.00,200,299.99,25.00,55.00,20.00,300,,20.00,50.00,16.00,Envío estándar,Entrega en 2 a 5 días hábiles,Envío express,Entrega en 24 horas,Envío programado,Elige el día de entrega,,
817,mi-tienda,MITI-090109,Huancavelica,Huancavelica,Laria,090109,0,99.99,35.00,65.00,28.00,100,199.99,30.00,60.00,24.00,200,299.99,25.00,55.00,20.00,300,,20.00,50.00,16.00,Envío estándar,Entrega en 2 a 5 días hábiles,Envío express,Entrega en 24 horas,Envío programado,Elige el día de entrega,,
818,mi-tienda,MITI-090110,Huancavelica,Huancavelica,Manta,090110,0,99.99,35.00,65.00,28.00,100,199.99,30.00,60.00,24.00,200,299.99,25.00,55.00,20.00,300,,20.00,50.00,16.00,Envío estándar,Entrega en 2 a 5 días hábiles,Envío express,Entrega en 24 horas,Envío programado,Elige el día de entrega,,
819,mi-tienda,MITI-090111,Huancavelica,Huancavelica,Mariscal Cáceres,090111,0,99.99,35.00,65.00,28.00,100,199.99,30.00,60.00,24.00,200,299.99,25.00,55.00,20.00,300,,20.00,50.00,16.00,Envío estándar,Entrega en 2 a 5 días hábiles,Envío express,Entrega en 24 horas,Envío programado,Elige el día de entrega,,
820,mi-tienda,MITI-090112,Huancavelica,Huancavelica,Moya,090112,0,99.99,35.00,65.00,28.00,100,199.99,30.00,60.00,24.00,200,299.99,25.00,55.00,20.00,300,,20.00,50.00,16.00,Envío estándar,Entrega en 2 a 5 días hábiles,Envío express,Entrega en 24 horas,Envío programado,Elige el día de entrega,,
821,mi-tienda,MITI-090113,Huancavelica,Huancavelica,Nuevo Occoro,090113,0,99.99,35.00,65.00,28.00,100,199.99,30.00,60.00,24.00,200,299.99,25.00,55.00,20.00,300,,20.00,50.00,16.00,Envío estándar,Entrega en 2 a 5 días hábiles,Envío express,Entrega en 24 horas,Envío programado,Elige el día de entrega,,
822,mi-tienda,MITI-090114,Huancavelica,Huancavelica,Palca,090114,0,99.99,35.00,65.00,28.00,100,199.99,30.00,60.00,24.00,200,299.99,25.00,55.00,20.00,300,,20.00,50.00,16.00,Envío estándar,Entrega en 2 a 5 días hábiles,Envío express,Entrega en 24 horas,Envío programado,Elige el día de entrega,,
823,mi-tienda,MITI-090115,Huancavelica,Huancavelica,Pilchaca,090115,0,99.99,35.00,65.00,28.00,100,199.99,30.00,60.00,24.00,200,299.99,25.00,55.00,20.00,300,,20.00,50.00,16.00,Envío estándar,Entrega en 2 a 5 días hábiles,Envío express,Entrega en 24 horas,Envío programado,Elige el día de entrega,,
824,mi-tienda,MITI-090116,Huancavelica,Huancavelica,Vilca,090116,0,99.99,35.00,65.00,28.00,100,199.99,30.00,60.00,24.00,200,299.99,25.00,55.00,20.00,300,,20.00,50.00,16.00,Envío estándar,Entrega en 2 a 5 días hábiles,Envío express,Entrega en 24 horas,Envío programado,Elige el día de entrega,,
825,mi-tienda,MITI-090117,Huancavelica,Huancavelica,Yauli,090117,0,99.99,35.00,65.00,28.00,100,199.99,30.00,60.00,24.00,200,299.99,25.00,55.00,20.00,300,,20.00,50.00,16.00,Envío estándar,Entrega en 2 a 5 días hábiles,Envío express,Entrega en 24 horas,Envío programado,Elige el día de entrega,,
826,mi-tienda,MITI-090118,Huancavelica,Huancavelica,Ascensión,090118,0,99.99,35.00,65.00,28.00,100,199.99,30.00,60.00,24.00,200,299.99,25.00,55.00,20.00,300,,20.00,50.00,16.00,Envío estándar,Entrega en 2 a 5 días hábiles,Envío express,Entrega en 24 horas,Envío programado,Elige el día de entrega,,
827,mi-tienda,MITI-090119,Huancavelica,Huancavelica,Huando,090119,0,99.99,35.00,65.00,28.00,100,199.99,30.00,60.00,24.00,200,299.99,25.00,55.00,20.00,300,,20.00,50.00,16.00,Envío estándar,Entrega en 2 a 5 días hábiles,Envío express,Entrega en 24 horas,Envío programado,Elige el día de entrega,,
828,mi-tienda,MITI-090201,Huancavelica,Acobamba,Acobamba,090201,0,99.99,35.00,65.00,28.00,100,199.99,30.00,60.00,24.00,200,299.99,25.00,55.00,20.00,300,,20.00,50.00,16.00,Envío estándar,Entrega en 2 a 5 días hábiles,Envío express,Entrega en 24 horas,Envío programado,Elige el día de entrega,,
829,mi-tienda,MITI-090202,Huancavelica,Acobamba,Andabamba,090202,0,99.99,35.00,65.00,28.00,100,199.99,30.00,60.00,24.00,200,299.99,25.00,55.00,20.00,300,,20.00,50.00,16.00,Envío estándar,Entrega en 2 a 5 días hábiles,Envío express,Entrega en 24 horas,Envío programado,Elige el día de entrega,,
830,mi-tienda,MITI-090203,Huancavelica,Acobamba,Anta,090203,0,99.99,35.00,65.00,28.00,100,199.99,30.00,60.00,24.00,200,299.99,25.00,55.00,20.00,300,,20.00,50.00,16.00,Envío estándar,Entrega en 2 a 5 días hábiles,Envío express,Entrega en 24 horas,Envío programado,Elige el día de entrega,,
831,mi-tienda,MITI-090204,Huancavelica,Acobamba,Caja,090204,0,99.99,35.00,65.00,28.00,100,199.99,30.00,60.00,24.00,200,299.99,25.00,55.00,20.00,300,,20.00,50.00,16.00,Envío estándar,Entrega en 2 a 5 días hábiles,Envío express,Entrega en 24 horas,Envío programado,Elige el día de entrega,,
832,mi-tienda,MITI-090205,Huancavelica,Acobamba,Marcas,090205,0,99.99,35.00,65.00,28.00,100,199.99,30.00,60.00,24.00,200,299.99,25.00,55.00,20.00,300,,20.00,50.00,16.00,Envío estándar,Entrega en 2 a 5 días hábiles,Envío express,Entrega en 24 horas,Envío programado,Elige el día de entrega,,
833,mi-tienda,MITI-090206,Huancavelica,Acobamba,Paucara,090206,0,99.99,35.00,65.00,28.00,100,199.99,30.00,60.00,24.00,200,299.99,25.00,55.00,20.00,300,,20.00,50.00,16.00,Envío estándar,Entrega en 2 a 5 días hábiles,Envío express,Entrega en 24 horas,Envío programado,Elige el día de entrega,,
834,mi-tienda,MITI-090207,Huancavelica,Acobamba,Pomacocha,090207,0,99.99,35.00,65.00,28.00,100,199.99,30.00,60.00,24.00,200,299.99,25.00,55.00,20.00,300,,20.00,50.00,16.00,Envío estándar,Entrega en 2 a 5 días hábiles,Envío express,Entrega en 24 horas,Envío programado,Elige el día de entrega,,
835,mi-tienda,MITI-090208,Huancavelica,Acobamba,Rosario,090208,0,99.99,35.00,65.00,28.00,100,199.99,30.00,60.00,24.00,200,299.99,25.00,55.00,20.00,300,,20.00,50.00,16.00,Envío estándar,Entrega en 2 a 5 días hábiles,Envío express,Entrega en 24 horas,Envío programado,Elige el día de entrega,,
836,mi-tienda,MITI-090301,Huancavelica,Angaraes,Lircay,090301,0,99.99,35.00,65.00,28.00,100,199.99,30.00,60.00,24.00,200,299.99,25.00,55.00,20.00,300,,20.00,50.00,16.00,Envío estándar,Entrega en 2 a 5 días hábiles,Envío express,Entrega en 24 horas,Envío programado,Elige el día de entrega,,
837,mi-tienda,MITI-090302,Huancavelica,Angaraes,Anchonga,090302,0,99.99,35.00,65.00,28.00,100,199.99,30.00,60.00,24.00,200,299.99,25.00,55.00,20.00,300,,20.00,50.00,16.00,Envío estándar,Entrega en 2 a 5 días hábiles,Envío express,Entrega en 24 horas,Envío programado,Elige el día de entrega,,
838,mi-tienda,MITI-090303,Huancavelica,Angaraes,Callanmarca,090303,0,99.99,35.00,65.00,28.00,100,199.99,30.00,60.00,24.00,200,299.99,25.00,55.00,20.00,300,,20.00,50.00,16.00,Envío estándar,Entrega en 2 a 5 días hábiles,Envío express,Entrega en 24 horas,Envío programado,Elige el día de entrega,,
839,mi-tienda,MITI-090304,Huancavelica,Angaraes,Ccochaccasa,090304,0,99.99,35.00,65.00,28.00,100,199.99,30.00,60.00,24.00,200,299.99,25.00,55.00,20.00,300,,20.00,50.00,16.00,Envío estándar,Entrega en 2 a 5 días hábiles,Envío express,Entrega en 24 horas,Envío programado,Elige el día de entrega,,
840,mi-tienda,MITI-090305,Huancavelica,Angaraes,Chincho,090305,0,99.99,35.00,65.00,28.00,100,199.99,30.00,60.00,24.00,200,299.99,25.00,55.00,20.00,300,,20.00,50.00,16.00,Envío estándar,Entrega en 2 a 5 días hábiles,Envío express,Entrega en 24 horas,Envío programado,Elige el día de entrega,,
841,mi-tienda,MITI-090306,Huancavelica,Angaraes,Congalla,090306,0,99.99,35.00,65.00,28.00,100,199.99,30.00,60.00,24.00,200,299.99,25.00,55.00,20.00,300,,20.00,50.00,16.00,Envío estándar,Entrega en 2 a 5 días hábiles,Envío express,Entrega en 24 horas,Envío programado,Elige el día de entrega,,
842,mi-tienda,MITI-090307,Huancavelica,Angaraes,Huanca-Huanca,090307,0,99.99,35.00,65.00,28.00,100,199.99,30.00,60.00,24.00,200,299.99,25.00,55.00,20.00,300,,20.00,50.00,16.00,Envío estándar,Entrega en 2 a 5 días hábiles,Envío express,Entrega en 24 horas,Envío programado,Elige el día de entrega,,
843,mi-tienda,MITI-090308,Huancavelica,Angaraes,Huayllay Grande,090308,0,99.99,35.00,65.00,28.00,100,199.99,30.00,60.00,24.00,200,299.99,25.00,55.00,20.00,300,,20.00,50.00,16.00,Envío estándar,Entrega en 2 a 5 días hábiles,Envío express,Entrega en 24 horas,Envío programado,Elige el día de entrega,,
844,mi-tienda,MITI-090309,Huancavelica,Angaraes,Julcamarca,090309,0,99.99,35.00,65.00,28.00,100,199.99,30.00,60.00,24.00,200,299.99,25.00,55.00,20.00,300,,20.00,50.00,16.00,Envío estándar,Entrega en 2 a 5 días hábiles,Envío express,Entrega en 24 horas,Envío programado,Elige el día de entrega,,
845,mi-tienda,MITI-090310,Huancavelica,Angaraes,San Antonio de Antaparco,090310,0,99.99,35.00,65.00,28.00,100,199.99,30.00,60.00,24.00,200,299.99,25.00,55.00,20.00,300,,20.00,50.00,16.00,Envío estándar,Entrega en 2 a 5 días hábiles,Envío express,Entrega en 24 horas,Envío programado,Elige el día de entrega,,
846,mi-tienda,MITI-090311,Huancavelica,Angaraes,Santo Tomas de Pata,090311,0,99.99,35.00,65.00,28.00,100,199.99,30.00,60.00,24.00,200,299.99,25.00,55.00,20.00,300,,20.00,50.00,16.00,Envío estándar,Entrega en 2 a 5 días hábiles,Envío express,Entrega en 24 horas,Envío programado,Elige el día de entrega,,
847,mi-tienda,MITI-090312,Huancavelica,Angaraes,Secclla,090312,0,99.99,35.00,65.00,28.00,100,199.99,30.00,60.00,24.00,200,299.99,25.00,55.00,20.00,300,,20.00,50.00,16.00,Envío estándar,Entrega en 2 a 5 días hábiles,Envío express,Entrega en 24 horas,Envío programado,Elige el día de entrega,,
848,mi-tienda,MITI-090401,Huancavelica,Castrovirreyna,Castrovirreyna,090401,0,99.99,35.00,65.00,28.00,100,199.99,30.00,60.00,24.00,200,299.99,25.00,55.00,20.00,300,,20.00,50.00,16.00,Envío estándar,Entrega en 2 a 5 días hábiles,Envío express,Entrega en 24 horas,Envío programado,Elige el día de entrega,,
849,mi-tienda,MITI-090402,Huancavelica,Castrovirreyna,Arma,090402,0,99.99,35.00,65.00,28.00,100,199.99,30.00,60.00,24.00,200,299.99,25.00,55.00,20.00,300,,20.00,50.00,16.00,Envío estándar,Entrega en 2 a 5 días hábiles,Envío express,Entrega en 24 horas,Envío programado,Elige el día de entrega,,
850,mi-tienda,MITI-090403,Huancavelica,Castrovirreyna,Aurahua,090403,0,99.99,35.00,65.00,28.00,100,199.99,30.00,60.00,24.00,200,299.99,25.00,55.00,20.00,300,,20.00,50.00,16.00,Envío estándar,Entrega en 2 a 5 días hábiles,Envío express,Entrega en 24 horas,Envío programado,Elige el día de entrega,,
851,mi-tienda,MITI-090404,Huancavelica,Castrovirreyna,Capillas,090404,0,99.99,35.00,65.00,28.00,100,199.99,30.00,60.00,24.00,200,299.99,25.00,55.00,20.00,300,,20.00,50.00,16.00,Envío estándar,Entrega en 2 a 5 días hábiles,Envío express,Entrega en 24 horas,Envío programado,Elige el día de entrega,,
852,mi-tienda,MITI-090405,Huancavelica,Castrovirreyna,Chupamarca,090405,0,99.99,35.00,65.00,28.00,100,199.99,30.00,60.00,24.00,200,299.99,25.00,55.00,20.00,300,,20.00,50.00,16.00,Envío estándar,Entrega en 2 a 5 días hábiles,Envío express,Entrega en 24 horas,Envío programado,Elige el día de entrega,,
853,mi-tienda,MITI-090406,Huancavelica,Castrovirreyna,Cocas,090406,0,99.99,35.00,65.00,28.00,100,199.99,30.00,60.00,24.00,200,299.99,25.00,55.00,20.00,300,,20.00,50.00,16.00,Envío estándar,Entrega en 2 a 5 días hábiles,Envío express,Entrega en 24 horas,Envío programado,Elige el día de entrega,,
854,mi-tienda,MITI-090407,Huancavelica,Castrovirreyna,Huachos,090407,0,99.99,35.00,65.00,28.00,100,199.99,30.00,60.00,24.00,200,299.99,25.00,55.00,20.00,300,,20.00,50.00,16.00,Envío estándar,Entrega en 2 a 5 días hábiles,Envío express,Entrega en 24 horas,Envío programado,Elige el día de entrega,,
855,mi-tienda,MITI-090408,Huancavelica,Castrovirreyna,Huamatambo,090408,0,99.99,35.00,65.00,28.00,100,199.99,30.00,60.00,24.00,200,299.99,25.00,55.00,20.00,300,,20.00,50.00,16.00,Envío estándar,Entrega en 2 a 5 días hábiles,Envío express,Entrega en 24 horas,Envío programado,Elige el día de entrega,,
856,mi-tienda,MITI-090409,Huancavelica,Castrovirreyna,Mollepampa,090409,0,99.99,35.00,65.00,28.00,100,199.99,30.00,60.00,24.00,200,299.99,25.00,55.00,20.00,300,,20.00,50.00,16.00,Envío estándar,Entrega en 2 a 5 días hábiles,Envío express,Entrega en 24 horas,Envío programado,Elige el día de entrega,,
857,mi-tienda,MITI-090410,Huancavelica,Castrovirreyna,San Juan,090410,0,99.99,35.00,65.00,28.00,100,199.99,30.00,60.00,24.00,200,299.99,25.00,55.00,20.00,300,,20.00,50.00,16.00,Envío estándar,Entrega en 2 a 5 días hábiles,Envío express,Entrega en 24 horas,Envío programado,Elige el día de entrega,,
858,mi-tienda,MITI-090411,Huancavelica,Castrovirreyna,Santa Ana,090411,0,99.99,35.00,65.00,28.00,100,199.99,30.00,60.00,24.00,200,299.99,25.00,55.00,20.00,300,,20.00,50.00,16.00,Envío estándar,Entrega en 2 a 5 días hábiles,Envío express,Entrega en 24 horas,Envío programado,Elige el día de entrega,,
859,mi-tienda,MITI-090412,Huancavelica,Castrovirreyna,Tantara,090412,0,99.99,35.00,65.00,28.00,100,199.99,30.00,60.00,24.00,200,299.99,25.00,55.00,20.00,300,,20.00,50.00,16.00,Envío estándar,Entrega en 2 a 5 días hábiles,Envío express,Entrega en 24 horas,Envío programado,Elige el día de entrega,,
860,mi-tienda,MITI-090413,Huancavelica,Castrovirreyna,Ticrapo,090413,0,99.99,35.00,65.00,28.00,100,199.99,30.00,60.00,24.00,200,299.99,25.00,55.00,20.00,300,,20.00,50.00,16.00,Envío estándar,Entrega en 2 a 5 días hábiles,Envío express,Entrega en 24 horas,Envío programado,Elige el día de entrega,,
861,mi-tienda,MITI-090501,Huancavelica,Churcampa,Churcampa,090501,0,99.99,35.00,65.00,28.00,100,199.99,30.00,60.00,24.00,200,299.99,25.00,55.00,20.00,300,,20.00,50.00,16.00,Envío estándar,Entrega en 2 a 5 días hábiles,Envío express,Entrega en 24 horas,Envío programado,Elige el día de entrega,,
862,mi-tienda,MITI-090502,Huancavelica,Churcampa,Anco,090502,0,99.99,35.00,65.00,28.00,100,199.99,30.00,60.00,24.00,200,299.99,25.00,55.00,20.00,300,,20.00,50.00,16.00,Envío estándar,Entrega en 2 a 5 días hábiles,Envío express,Entrega en 24 horas,Envío programado,Elige el día de entrega,,
863,mi-tienda,MITI-090503,Huancavelica,Churcampa,Chinchihuasi,090503,0,99.99,35.00,65.00,28.00,100,199.99,30.00,60.00,24.00,200,299.99,25.00,55.00,20.00,300,,20.00,50.00,16.00,Envío estándar,Entrega en 2 a 5 días hábiles,Envío express,Entrega en 24 horas,Envío programado,Elige el día de entrega,,
864,mi-tienda,MITI-090504,Huancavelica,Churcampa,El Carmen,090504,0,99.99,35.00,65.00,28.00,100,199.99,30.00,60.00,24.00,200,299.99,25.00,55.00,20.00,300,,20.00,50.00,16.00,Envío estándar,Entrega en 2 a 5 días hábiles,Envío express,Entrega en 24 horas,Envío programado,Elige el día de entrega,,
865,mi-tienda,MITI-090505,Huancavelica,Churcampa,La Merced,090505,0,99.99,35.00,65.00,28.00,100,199.99,30.00,60.00,24.00,200,299.99,25.00,55.00,20.00,300,,20.00,50.00,16.00,Envío estándar,Entrega en 2 a 5 días hábiles,Envío express,Entrega en 24 horas,Envío programado,Elige el día de entrega,,
866,mi-tienda,MITI-090506,Huancavelica,Churcampa,Locroja,090506,0,99.99,35.00,65.00,28.00,100,199.99,30.00,60.00,24.00,200,299.99,25.00,55.00,20.00,300,,20.00,50.00,16.00,Envío estándar,Entrega en 2 a 5 días hábiles,Envío express,Entrega en 24 horas,Envío programado,Elige el día de entrega,,
867,mi-tienda,MITI-090507,Huancavelica,Churcampa,Paucarbamba,090507,0,99.99,35.00,65.00,28.00,100,199.99,30.00,60.00,24.00,200,299.99,25.00,55.00,20.00,300,,20.00,50.00,16.00,Envío estándar,Entrega en 2 a 5 días hábiles,Envío express,Entrega en 24 horas,Envío programado,Elige el día de entrega,,
868,mi-tienda,MITI-090508,Huancavelica,Churcampa,San Miguel de Mayocc,090508,0,99.99,35.00,65.00,28.00,100,199.99,30.00,60.00,24.00,200,299.99,25.00,55.00,20.00,300,,20.00,50.00,16.00,Envío estándar,Entrega en 2 a 5 días hábiles,Envío express,Entrega en 24 horas,Envío programado,Elige el día de entrega,,
869,mi-tienda,MITI-090509,Huancavelica,Churcampa,San Pedro de Coris,090509,0,99.99,35.00,65.00,28.00,100,199.99,30.00,60.00,24.00,200,299.99,25.00,55.00,20.00,300,,20.00,50.00,16.00,Envío estándar,Entrega en 2 a 5 días hábiles,Envío express,Entrega en 24 horas,Envío programado,Elige el día de entrega,,
870,mi-tienda,MITI-090510,Huancavelica,Churcampa,Pachamarca,090510,0,99.99,35.00,65.00,28.00,100,199.99,30.00,60.00,24.00,200,299.99,25.00,55.00,20.00,300,,20.00,50.00,16.00,Envío estándar,Entrega en 2 a 5 días hábiles,Envío express,Entrega en 24 horas,Envío programado,Elige el día de entrega,,
871,mi-tienda,MITI-090511,Huancavelica,Churcampa,Cosme,090511,0,99.99,35.00,65.00,28.00,100,199.99,30.00,60.00,24.00,200,299.99,25.00,55.00,20.00,300,,20.00,50.00,16.00,Envío estándar,Entrega en 2 a 5 días hábiles,Envío express,Entrega en 24 horas,Envío programado,Elige el día de entrega,,
872,mi-tienda,MITI-090601,Huancavelica,Huaytara,Huaytara,090601,0,99.99,35.00,65.00,28.00,100,199.99,30.00,60.00,24.00,200,299.99,25.00,55.00,20.00,300,,20.00,50.00,16.00,Envío estándar,Entrega en 2 a 5 días hábiles,Envío express,Entrega en 24 horas,Envío programado,Elige el día de entrega,,
873,mi-tienda,MITI-090602,Huancavelica,Huaytara,Ayavi,090602,0,99.99,35.00,65.00,28.00,100,199.99,30.00,60.00,24.00,200,299.99,25.00,55.00,20.00,300,,20.00,50.00,16.00,Envío estándar,Entrega en 2 a 5 días hábiles,Envío express,Entrega en 24 horas,Envío programado,Elige el día de entrega,,
874,mi-tienda,MITI-090603,Huancavelica,Huaytara,Córdova,090603,0,99.99,35.00,65.00,28.00,100,199.99,30.00,60.00,24.00,200,299.99,25.00,55.00,20.00,300,,20.00,50.00,16.00,Envío estándar,Entrega en 2 a 5 días hábiles,Envío express,Entrega en 24 horas,Envío programado,Elige el día de entrega,,
875,mi-tienda,MITI-090604,Huancavelica,Huaytara,Huayacundo Arma,090604,0,99.99,35.00,65.00,28.00,100,199.99,30.00,60.00,24.00,200,299.99,25.00,55.00,20.00,300,,20.00,50.00,16.00,Envío estándar,Entrega en 2 a 5 días hábiles,Envío express,Entrega en 24 horas,Envío programado,Elige el día de entrega,,
876,mi-tienda,MITI-090605,Huancavelica,Huaytara,Laramarca,090605,0,99.99,35.00,65.00,28.00,100,199.99,30.00,60.00,24.00,200,299.99,25.00,55.00,20.00,300,,20.00,50.00,16.00,Envío estándar,Entrega en 2 a 5 días hábiles,Envío express,Entrega en 24 horas,Envío programado,Elige el día de entrega,,
877,mi-tienda,MITI-090606,Huancavelica,Huaytara,Ocoyo,090606,0,99.99,35.00,65.00,28.00,100,199.99,30.00,60.00,24.00,200,299.99,25.00,55.00,20.00,300,,20.00,50.00,16.00,Envío estándar,Entrega en 2 a 5 días hábiles,Envío express,Entrega en 24 horas,Envío programado,Elige el día de entrega,,
878,mi-tienda,MITI-090607,Huancavelica,Huaytara,Pilpichaca,090607,0,99.99,35.00,65.00,28.00,100,199.99,30.00,60.00,24.00,200,299.99,25.00,55.00,20.00,300,,20.00,50.00,16.00,Envío estándar,Entrega en 2 a 5 días hábiles,Envío express,Entrega en 24 horas,Envío programado,Elige el día de entrega,,
879,mi-tienda,MITI-090608,Huancavelica,Huaytara,Querco,090608,0,99.99,35.00,65.00,28.00,100,199.99,30.00,60.00,24.00,200,299.99,25.00,55.00,20.00,300,,20.00,50.00,16.00,Envío estándar,Entrega en 2 a 5 días hábiles,Envío express,Entrega en 24 horas,Envío programado,Elige el día de entrega,,
880,mi-tienda,MITI-090609,Huancavelica,Huaytara,Quito-Arma,090609,0,99.99,35.00,65.00,28.00,100,199.99,30.00,60.00,24.00,200,299.99,25.00,55.00,20.00,300,,20.00,50.00,16.00,Envío estándar,Entrega en 2 a 5 días hábiles,Envío express,Entrega en 24 horas,Envío programado,Elige el día de entrega,,
881,mi-tienda,MITI-090610,Huancavelica,Huaytara,San Antonio de Cusicancha,090610,0,99.99,35.00,65.00,28.00,100,199.99,30.00,60.00,24.00,200,299.99,25.00,55.00,20.00,300,,20.00,50.00,16.00,Envío estándar,Entrega en 2 a 5 días hábiles,Envío express,Entrega en 24 horas,Envío programado,Elige el día de entrega,,
882,mi-tienda,MITI-090611,Huancavelica,Huaytara,San Francisco de Sangayaico,090611,0,99.99,35.00,65.00,28.00,100,199.99,30.00,60.00,24.00,200,299.99,25.00,55.00,20.00,300,,20.00,50.00,16.00,Envío estándar,Entrega en 2 a 5 días hábiles,Envío express,Entrega en 24 horas,Envío programado,Elige el día de entrega,,
883,mi-tienda,MITI-090612,Huancavelica,Huaytara,San Isidro,090612,0,99.99,35.00,65.00,28.00,100,199.99,30.00,60.00,24.00,200,299.99,25.00,55.00,20.00,300,,20.00,50.00,16.00,Envío estándar,Entrega en 2 a 5 días hábiles,Envío express,Entrega en 24 horas,Envío programado,Elige el día de entrega,,
884,mi-tienda,MITI-090613,Huancavelica,Huaytara,Santiago de Chocorvos,090613,0,99.99,35.00,65.00,28.00,100,199.99,30.00,60.00,24.00,200,299.99,25.00,55.00,20.00,300,,20.00,50.00,16.00,Envío estándar,Entrega en 2 a 5 días hábiles,Envío express,Entrega en 24 horas,Envío programado,Elige el día de entrega,,
885,mi-tienda,MITI-090614,Huancavelica,Huaytara,Santiago de Quirahuara,090614,0,99.99,35.00,65.00,28.00,100,199.99,30.00,60.00,24.00,200,299.99,25.00,55.00,20.00,300,,20.00,50.00,16.00,Envío estándar,Entrega en 2 a 5 días hábiles,Envío express,Entrega en 24 horas,Envío programado,Elige el día de entrega,,
886,mi-tienda,MITI-090615,Huancavelica,Huaytara,Santo Domingo de Capillas,090615,0,99.99,35.00,65.00,28.00,100,199.99,30.00,60.00,24.00,200,299.99,25.00,55.00,20.00,300,,20.00,50.00,16.00,Envío estándar,Entrega en 2 a 5 días hábiles,Envío express,Entrega en 24 horas,Envío programado,Elige el día de entrega,,
887,mi-tienda,MITI-090616,Huancavelica,Huaytara,Tambo,090616,0,99.99,35.00,65.00,28.00,100,199.99,30.00,60.00,24.00,200,299.99,25.00,55.00,20.00,300,,20.00,50.00,16.00,Envío estándar,Entrega en 2 a 5 días hábiles,Envío express,Entrega en 24 horas,Envío programado,Elige el día de entrega,,
888,mi-tienda,MITI-090701,Huancavelica,Tayacaja,Pampas,090701,0,99.99,35.00,65.00,28.00,100,199.99,30.00,60.00,24.00,200,299.99,25.00,55.00,20.00,300,,20.00,50.00,16.00,Envío estándar,Entrega en 2 a 5 días hábiles,Envío express,Entrega en 24 horas,Envío programado,Elige el día de entrega,,
889,mi-tienda,MITI-090702,Huancavelica,Tayacaja,Acostambo,090702,0,99.99,35.00,65.00,28.00,100,199.99,30.00,60.00,24.00,200,299.99,25.00,55.00,20.00,300,,20.00,50.00,16.00,Envío estándar,Entrega en 2 a 5 días hábiles,Envío express,Entrega en 24 horas,Envío programado,Elige el día de entrega,,
890,mi-tienda,MITI-090703,Huancavelica,Tayacaja,Acraquia,090703,0,99.99,35.00,65.00,28.00,100,199.99,30.00,60.00,24.00,200,299.99,25.00,55.00,20.00,300,,20.00,50.00,16.00,Envío estándar,Entrega en 2 a 5 días hábiles,Envío express,Entrega en 24 horas,Envío programado,Elige el día de entrega,,
891,mi-tienda,MITI-090704,Huancavelica,Tayacaja,Ahuaycha,090704,0,99.99,35.00,65.00,28.00,100,199.99,30.00,60.00,24.00,200,299.99,25.00,55.00,20.00,300,,20.00,50.00,16.00,Envío estándar,Entrega en 2 a 5 días hábiles,Envío express,Entrega en 24 horas,Envío programado,Elige el día de entrega,,
892,mi-tienda,MITI-090705,Huancavelica,Tayacaja,Colcabamba,090705,0,99.99,35.00,65.00,28.00,100,199.99,30.00,60.00,24.00,200,299.99,25.00,55.00,20.00,300,,20.00,50.00,16.00,Envío estándar,Entrega en 2 a 5 días hábiles,Envío express,Entrega en 24 horas,Envío programado,Elige el día de entrega,,
893,mi-tienda,MITI-090706,Huancavelica,Tayacaja,Daniel Hernández,090706,0,99.99,35.00,65.00,28.00,100,199.99,30.00,60.00,24.00,200,299.99,25.00,55.00,20.00,300,,20.00,50.00,16.00,Envío estándar,Entrega en 2 a 5 días hábiles,Envío express,Entrega en 24 horas,Envío programado,Elige el día de entrega,,
894,mi-tienda,MITI-090707,Huancavelica,Tayacaja,Huachocolpa,090707,0,99.99,35.00,65.00,28.00,100,199.99,30.00,60.00,24.00,200,299.99,25.00,55.00,20.00,300,,20.00,50.00,16.00,Envío estándar,Entrega en 2 a 5 días hábiles,Envío express,Entrega en 24 horas,Envío programado,Elige el día de entrega,,
895,mi-tienda,MITI-090709,Huancavelica,Tayacaja,Huaribamba,090709,0,99.99,35.00,65.00,28.00,100,199.99,30.00,60.00,24.00,200,299.99,25.00,55.00,20.00,300,,20.00,50.00,16.00,Envío estándar,Entrega en 2 a 5 días hábiles,Envío express,Entrega en 24 horas,Envío programado,Elige el día de entrega,,
896,mi-tienda,MITI-090710,Huancavelica,Tayacaja,Ñahuimpuquio,090710,0,99.99,35.00,65.00,28.00,100,199.99,30.00,60.00,24.00,200,299.99,25.00,55.00,20.00,300,,20.00,50.00,16.00,Envío estándar,Entrega en 2 a 5 días hábiles,Envío express,Entrega en 24 horas,Envío programado,Elige el día de entrega,,
897,mi-tienda,MITI-090711,Huancavelica,Tayacaja,Pazos,090711,0,99.99,35.00,65.00,28.00,100,199.99,30.00,60.00,24.00,200,299.99,25.00,55.00,20.00,300,,20.00,50.00,16.00,Envío estándar,Entrega en 2 a 5 días hábiles,Envío express,Entrega en 24 horas,Envío programado,Elige el día de entrega,,
898,mi-tienda,MITI-090713,Huancavelica,Tayacaja,Quishuar,090713,0,99.99,35.00,65.00,28.00,100,199.99,30.00,60.00,24.00,200,299.99,25.00,55.00,20.00,300,,20.00,50.00,16.00,Envío estándar,Entrega en 2 a 5 días hábiles,Envío express,Entrega en 24 horas,Envío programado,Elige el día de entrega,,
899,mi-tienda,MITI-090714,Huancavelica,Tayacaja,Salcabamba,090714,0,99.99,35.00,65.00,28.00,100,199.99,30.00,60.00,24.00,200,299.99,25.00,55.00,20.00,300,,20.00,50.00,16.00,Envío estándar,Entrega en 2 a 5 días hábiles,Envío express,Entrega en 24 horas,Envío programado,Elige el día de entrega,,
900,mi-tienda,MITI-090715,Huancavelica,Tayacaja,Salcahuasi,090715,0,99.99,35.00,65.00,28.00,100,199.99,30.00,60.00,24.00,200,299.99,25.00,55.00,20.00,300,,20.00,50.00,16.00,Envío estándar,Entrega en 2 a 5 días hábiles,Envío express,Entrega en 24 horas,Envío programado,Elige el día de entrega,,
901,mi-tienda,MITI-090716,Huancavelica,Tayacaja,San Marcos de Rocchac,090716,0,99.99,35.00,65.00,28.00,100,199.99,30.00,60.00,24.00,200,299.99,25.00,55.00,20.00,300,,20.00,50.00,16.00,Envío estándar,Entrega en 2 a 5 días hábiles,Envío express,Entrega en 24 horas,Envío programado,Elige el día de entrega,,
902,mi-tienda,MITI-090717,Huancavelica,Tayacaja,Surcubamba,090717,0,99.99,35.00,65.00,28.00,100,199.99,30.00,60.00,24.00,200,299.99,25.00,55.00,20.00,300,,20.00,50.00,16.00,Envío estándar,Entrega en 2 a 5 días hábiles,Envío express,Entrega en 24 horas,Envío programado,Elige el día de entrega,,
903,mi-tienda,MITI-090718,Huancavelica,Tayacaja,Tintay Puncu,090718,0,99.99,35.00,65.00,28.00,100,199.99,30.00,60.00,24.00,200,299.99,25.00,55.00,20.00,300,,20.00,50.00,16.00,Envío estándar,Entrega en 2 a 5 días hábiles,Envío express,Entrega en 24 horas,Envío programado,Elige el día de entrega,,
904,mi-tienda,MITI-090719,Huancavelica,Tayacaja,Quichuas,090719,0,99.99,35.00,65.00,28.00,100,199.99,30.00,60.00,24.00,200,299.99,25.00,55.00,20.00,300,,20.00,50.00,16.00,Envío estándar,Entrega en 2 a 5 días hábiles,Envío express,Entrega en 24 horas,Envío programado,Elige el día de entrega,,
905,mi-tienda,MITI-090720,Huancavelica,Tayacaja,Andaymarca,090720,0,99.99,35.00,65.00,28.00,100,199.99,30.00,60.00,24.00,200,299.99,25.00,55.00,20.00,300,,20.00,50.00,16.00,Envío estándar,Entrega en 2 a 5 días hábiles,Envío express,Entrega en 24 horas,Envío programado,Elige el día de entrega,,
906,mi-tienda,MITI-090721,Huancavelica,Tayacaja,Roble,090721,0,99.99,35.00,65.00,28.00,100,199.99,30.00,60.00,24.00,200,299.99,25.00,55.00,20.00,300,,20.00,50.00,16.00,Envío estándar,Entrega en 2 a 5 días hábiles,Envío express,Entrega en 24 horas,Envío programado,Elige el día de entrega,,
907,mi-tienda,MITI-090722,Huancavelica,Tayacaja,Pichos,090722,0,99.99,35.00,65.00,28.00,100,199.99,30.00,60.00,24.00,200,299.99,25.00,55.00,20.00,300,,20.00,50.00,16.00,Envío estándar,Entrega en 2 a 5 días hábiles,Envío express,Entrega en 24 horas,Envío programado,Elige el día de entrega,,
908,mi-tienda,MITI-090723,Huancavelica,Tayacaja,Santiago de Tucuma,090723,0,99.99,35.00,65.00,28.00,100,199.99,30.00,60.00,24.00,200,299.99,25.00,55.00,20.00,300,,20.00,50.00,16.00,Envío estándar,Entrega en 2 a 5 días hábiles,Envío express,Entrega en 24 horas,Envío programado,Elige el día de entrega,,
909,mi-tienda,MITI-100101,Huanuco,Huanuco,Huanuco,100101,0,99.99,35.00,65.00,28.00,100,199.99,30.00,60.00,24.00,200,299.99,25.00,55.00,20.00,300,,20.00,50.00,16.00,Envío estándar,Entrega en 2 a 5 días hábiles,Envío express,Entrega en 24 horas,Envío programado,Elige el día de entrega,,
910,mi-tienda,MITI-100102,Huanuco,Huanuco,Amarilis,100102,0,99.99,35.00,65.00,28.00,100,199.99,30.00,60.00,24.00,200,299.99,25.00,55.00,20.00,300,,20.00,50.00,16.00,Envío estándar,Entrega en 2 a 5 días hábiles,Envío express,Entrega en 24 horas,Envío programado,Elige el día de entrega,,
911,mi-tienda,MITI-100103,Huanuco,Huanuco,Chinchao,100103,0,99.99,35.00,65.00,28.00,100,199.99,30.00,60.00,24.00,200,299.99,25.00,55.00,20.00,300,,20.00,50.00,16.00,Envío estándar,Entrega en 2 a 5 días hábiles,Envío express,Entrega en 24 horas,Envío programado,Elige el día de entrega,,
912,mi-tienda,MITI-100104,Huanuco,Huanuco,Churubamba,100104,0,99.99,35.00,65.00,28.00,100,199.99,30.00,60.00,24.00,200,299.99,25.00,55.00,20.00,300,,20.00,50.00,16.00,Envío estándar,Entrega en 2 a 5 días hábiles,Envío express,Entrega en 24 horas,Envío programado,Elige el día de entrega,,
913,mi-tienda,MITI-100105,Huanuco,Huanuco,Margos,100105,0,99.99,35.00,65.00,28.00,100,199.99,30.00,60.00,24.00,200,299.99,25.00,55.00,20.00,300,,20.00,50.00,16.00,Envío estándar,Entrega en 2 a 5 días hábiles,Envío express,Entrega en 24 horas,Envío programado,Elige el día de entrega,,
914,mi-tienda,MITI-100106,Huanuco,Huanuco,Quisqui,100106,0,99.99,35.00,65.00,28.00,100,199.99,30.00,60.00,24.00,200,299.99,25.00,55.00,20.00,300,,20.00,50.00,16.00,Envío estándar,Entrega en 2 a 5 días hábiles,Envío express,Entrega en 24 horas,Envío programado,Elige el día de entrega,,
915,mi-tienda,MITI-100107,Huanuco,Huanuco,San Francisco de Cayran,100107,0,99.99,35.00,65.00,28.00,100,199.99,30.00,60.00,24.00,200,299.99,25.00,55.00,20.00,300,,20.00,50.00,16.00,Envío estándar,Entrega en 2 a 5 días hábiles,Envío express,Entrega en 24 horas,Envío programado,Elige el día de entrega,,
916,mi-tienda,MITI-100108,Huanuco,Huanuco,San Pedro de Chaulan,100108,0,99.99,35.00,65.00,28.00,100,199.99,30.00,60.00,24.00,200,299.99,25.00,55.00,20.00,300,,20.00,50.00,16.00,Envío estándar,Entrega en 2 a 5 días hábiles,Envío express,Entrega en 24 horas,Envío programado,Elige el día de entrega,,
917,mi-tienda,MITI-100109,Huanuco,Huanuco,Santa Maria del Valle,100109,0,99.99,35.00,65.00,28.00,100,199.99,30.00,60.00,24.00,200,299.99,25.00,55.00,20.00,300,,20.00,50.00,16.00,Envío estándar,Entrega en 2 a 5 días hábiles,Envío express,Entrega en 24 horas,Envío programado,Elige el día de entrega,,
918,mi-tienda,MITI-100110,Huanuco,Huanuco,Yarumayo,100110,0,99.99,35.00,65.00,28.00,100,199.99,30.00,60.00,24.00,200,299.99,25.00,55.00,20.00,300,,20.00,50.00,16.00,Envío estándar,Entrega en 2 a 5 días hábiles,Envío express,Entrega en 24 horas,Envío programado,Elige el día de entrega,,
919,mi-tienda,MITI-100111,Huanuco,Huanuco,Pillco Marca,100111,0,99.99,35.00,65.00,28.00,100,199.99,30.00,60.00,24.00,200,299.99,25.00,55.00,20.00,300,,20.00,50.00,16.00,Envío estándar,Entrega en 2 a 5 días hábiles,Envío express,Entrega en 24 horas,Envío programado,Elige el día de entrega,,
920,mi-tienda,MITI-100112,Huanuco,Huanuco,Yacus,100112,0,99.99,35.00,65.00,28.00,100,199.99,30.00,60.00,24.00,200,299.99,25.00,55.00,20.00,300,,20.00,50.00,16.00,Envío estándar,Entrega en 2 a 5 días hábiles,Envío express,Entrega en 24 horas,Envío programado,Elige el día de entrega,,
921,mi-tienda,MITI-100113,Huanuco,Huanuco,San Pablo de Pillao,100113,0,99.99,35.00,65.00,28.00,100,199.99,30.00,60.00,24.00,200,299.99,25.00,55.00,20.00,300,,20.00,50.00,16.00,Envío estándar,Entrega en 2 a 5 días hábiles,Envío express,Entrega en 24 horas,Envío programado,Elige el día de entrega,,
922,mi-tienda,MITI-100201,Huanuco,Ambo,Ambo,100201,0,99.99,35.00,65.00,28.00,100,199.99,30.00,60.00,24.00,200,299.99,25.00,55.00,20.00,300,,20.00,50.00,16.00,Envío estándar,Entrega en 2 a 5 días hábiles,Envío express,Entrega en 24 horas,Envío programado,Elige el día de entrega,,
923,mi-tienda,MITI-100202,Huanuco,Ambo,Cayna,100202,0,99.99,35.00,65.00,28.00,100,199.99,30.00,60.00,24.00,200,299.99,25.00,55.00,20.00,300,,20.00,50.00,16.00,Envío estándar,Entrega en 2 a 5 días hábiles,Envío express,Entrega en 24 horas,Envío programado,Elige el día de entrega,,
924,mi-tienda,MITI-100203,Huanuco,Ambo,Colpas,100203,0,99.99,35.00,65.00,28.00,100,199.99,30.00,60.00,24.00,200,299.99,25.00,55.00,20.00,300,,20.00,50.00,16.00,Envío estándar,Entrega en 2 a 5 días hábiles,Envío express,Entrega en 24 horas,Envío programado,Elige el día de entrega,,
925,mi-tienda,MITI-100204,Huanuco,Ambo,Conchamarca,100204,0,99.99,35.00,65.00,28.00,100,199.99,30.00,60.00,24.00,200,299.99,25.00,55.00,20.00,300,,20.00,50.00,16.00,Envío estándar,Entrega en 2 a 5 días hábiles,Envío express,Entrega en 24 horas,Envío programado,Elige el día de entrega,,
926,mi-tienda,MITI-100205,Huanuco,Ambo,Huacar,100205,0,99.99,35.00,65.00,28.00,100,199.99,30.00,60.00,24.00,200,299.99,25.00,55.00,20.00,300,,20.00,50.00,16.00,Envío estándar,Entrega en 2 a 5 días hábiles,Envío express,Entrega en 24 horas,Envío programado,Elige el día de entrega,,
927,mi-tienda,MITI-100206,Huanuco,Ambo,San Francisco,100206,0,99.99,35.00,65.00,28.00,100,199.99,30.00,60.00,24.00,200,299.99,25.00,55.00,20.00,300,,20.00,50.00,16.00,Envío estándar,Entrega en 2 a 5 días hábiles,Envío express,Entrega en 24 horas,Envío programado,Elige el día de entrega,,
928,mi-tienda,MITI-100207,Huanuco,Ambo,San Rafael,100207,0,99.99,35.00,65.00,28.00,100,199.99,30.00,60.00,24.00,200,299.99,25.00,55.00,20.00,300,,20.00,50.00,16.00,Envío estándar,Entrega en 2 a 5 días hábiles,Envío express,Entrega en 24 horas,Envío programado,Elige el día de entrega,,
929,mi-tienda,MITI-100208,Huanuco,Ambo,Tomay Kichwa,100208,0,99.99,35.00,65.00,28.00,100,199.99,30.00,60.00,24.00,200,299.99,25.00,55.00,20.00,300,,20.00,50.00,16.00,Envío estándar,Entrega en 2 a 5 días hábiles,Envío express,Entrega en 24 horas,Envío programado,Elige el día de entrega,,
930,mi-tienda,MITI-100301,Huanuco,Dos de Mayo,La Union,100301,0,99.99,35.00,65.00,28.00,100,199.99,30.00,60.00,24.00,200,299.99,25.00,55.00,20.00,300,,20.00,50.00,16.00,Envío estándar,Entrega en 2 a 5 días hábiles,Envío express,Entrega en 24 horas,Envío programado,Elige el día de entrega,,
931,mi-tienda,MITI-100307,Huanuco,Dos de Mayo,Chuquis,100307,0,99.99,35.00,65.00,28.00,100,199.99,30.00,60.00,24.00,200,299.99,25.00,55.00,20.00,300,,20.00,50.00,16.00,Envío estándar,Entrega en 2 a 5 días hábiles,Envío express,Entrega en 24 horas,Envío programado,Elige el día de entrega,,
932,mi-tienda,MITI-100311,Huanuco,Dos de Mayo,Marías,100311,0,99.99,35.00,65.00,28.00,100,199.99,30.00,60.00,24.00,200,299.99,25.00,55.00,20.00,300,,20.00,50.00,16.00,Envío estándar,Entrega en 2 a 5 días hábiles,Envío express,Entrega en 24 horas,Envío programado,Elige el día de entrega,,
933,mi-tienda,MITI-100313,Huanuco,Dos de Mayo,Pachas,100313,0,99.99,35.00,65.00,28.00,100,199.99,30.00,60.00,24.00,200,299.99,25.00,55.00,20.00,300,,20.00,50.00,16.00,Envío estándar,Entrega en 2 a 5 días hábiles,Envío express,Entrega en 24 horas,Envío programado,Elige el día de entrega,,
934,mi-tienda,MITI-100316,Huanuco,Dos de Mayo,Quivilla,100316,0,99.99,35.00,65.00,28.00,100,199.99,30.00,60.00,24.00,200,299.99,25.00,55.00,20.00,300,,20.00,50.00,16.00,Envío estándar,Entrega en 2 a 5 días hábiles,Envío express,Entrega en 24 horas,Envío programado,Elige el día de entrega,,
935,mi-tienda,MITI-100317,Huanuco,Dos de Mayo,Ripan,100317,0,99.99,35.00,65.00,28.00,100,199.99,30.00,60.00,24.00,200,299.99,25.00,55.00,20.00,300,,20.00,50.00,16.00,Envío estándar,Entrega en 2 a 5 días hábiles,Envío express,Entrega en 24 horas,Envío programado,Elige el día de entrega,,
936,mi-tienda,MITI-100321,Huanuco,Dos de Mayo,Shunqui,100321,0,99.99,35.00,65.00,28.00,100,199.99,30.00,60.00,24.00,200,299.99,25.00,55.00,20.00,300,,20.00,50.00,16.00,Envío estándar,Entrega en 2 a 5 días hábiles,Envío express,Entrega en 24 horas,Envío programado,Elige el día de entrega,,
937,mi-tienda,MITI-100322,Huanuco,Dos de Mayo,Sillapata,100322,0,99.99,35.00,65.00,28.00,100,199.99,30.00,60.00,24.00,200,299.99,25.00,55.00,20.00,300,,20.00,50.00,16.00,Envío estándar,Entrega en 2 a 5 días hábiles,Envío express,Entrega en 24 horas,Envío programado,Elige el día de entrega,,
938,mi-tienda,MITI-100323,Huanuco,Dos de Mayo,Yanas,100323,0,99.99,35.00,65.00,28.00,100,199.99,30.00,60.00,24.00,200,299.99,25.00,55.00,20.00,300,,20.00,50.00,16.00,Envío estándar,Entrega en 2 a 5 días hábiles,Envío express,Entrega en 24 horas,Envío programado,Elige el día de entrega,,
939,mi-tienda,MITI-100401,Huanuco,Huacaybamba,Huacaybamba,100401,0,99.99,35.00,65.00,28.00,100,199.99,30.00,60.00,24.00,200,299.99,25.00,55.00,20.00,300,,20.00,50.00,16.00,Envío estándar,Entrega en 2 a 5 días hábiles,Envío express,Entrega en 24 horas,Envío programado,Elige el día de entrega,,
940,mi-tienda,MITI-100402,Huanuco,Huacaybamba,Canchabamba,100402,0,99.99,35.00,65.00,28.00,100,199.99,30.00,60.00,24.00,200,299.99,25.00,55.00,20.00,300,,20.00,50.00,16.00,Envío estándar,Entrega en 2 a 5 días hábiles,Envío express,Entrega en 24 horas,Envío programado,Elige el día de entrega,,
941,mi-tienda,MITI-100403,Huanuco,Huacaybamba,Cochabamba,100403,0,99.99,35.00,65.00,28.00,100,199.99,30.00,60.00,24.00,200,299.99,25.00,55.00,20.00,300,,20.00,50.00,16.00,Envío estándar,Entrega en 2 a 5 días hábiles,Envío express,Entrega en 24 horas,Envío programado,Elige el día de entrega,,
942,mi-tienda,MITI-100404,Huanuco,Huacaybamba,Pinra,100404,0,99.99,35.00,65.00,28.00,100,199.99,30.00,60.00,24.00,200,299.99,25.00,55.00,20.00,300,,20.00,50.00,16.00,Envío estándar,Entrega en 2 a 5 días hábiles,Envío express,Entrega en 24 horas,Envío programado,Elige el día de entrega,,
943,mi-tienda,MITI-100501,Huanuco,Huamalíes,Llata,100501,0,99.99,35.00,65.00,28.00,100,199.99,30.00,60.00,24.00,200,299.99,25.00,55.00,20.00,300,,20.00,50.00,16.00,Envío estándar,Entrega en 2 a 5 días hábiles,Envío express,Entrega en 24 horas,Envío programado,Elige el día de entrega,,
944,mi-tienda,MITI-100502,Huanuco,Huamalíes,Arancay,100502,0,99.99,35.00,65.00,28.00,100,199.99,30.00,60.00,24.00,200,299.99,25.00,55.00,20.00,300,,20.00,50.00,16.00,Envío estándar,Entrega en 2 a 5 días hábiles,Envío express,Entrega en 24 horas,Envío programado,Elige el día de entrega,,
945,mi-tienda,MITI-100503,Huanuco,Huamalíes,Chavin de Pariarca,100503,0,99.99,35.00,65.00,28.00,100,199.99,30.00,60.00,24.00,200,299.99,25.00,55.00,20.00,300,,20.00,50.00,16.00,Envío estándar,Entrega en 2 a 5 días hábiles,Envío express,Entrega en 24 horas,Envío programado,Elige el día de entrega,,
946,mi-tienda,MITI-100504,Huanuco,Huamalíes,Jacas Grande,100504,0,99.99,35.00,65.00,28.00,100,199.99,30.00,60.00,24.00,200,299.99,25.00,55.00,20.00,300,,20.00,50.00,16.00,Envío estándar,Entrega en 2 a 5 días hábiles,Envío express,Entrega en 24 horas,Envío programado,Elige el día de entrega,,
947,mi-tienda,MITI-100505,Huanuco,Huamalíes,Jircan,100505,0,99.99,35.00,65.00,28.00,100,199.99,30.00,60.00,24.00,200,299.99,25.00,55.00,20.00,300,,20.00,50.00,16.00,Envío estándar,Entrega en 2 a 5 días hábiles,Envío express,Entrega en 24 horas,Envío programado,Elige el día de entrega,,
948,mi-tienda,MITI-100506,Huanuco,Huamalíes,Miraflores,100506,0,99.99,35.00,65.00,28.00,100,199.99,30.00,60.00,24.00,200,299.99,25.00,55.00,20.00,300,,20.00,50.00,16.00,Envío estándar,Entrega en 2 a 5 días hábiles,Envío express,Entrega en 24 horas,Envío programado,Elige el día de entrega,,
949,mi-tienda,MITI-100507,Huanuco,Huamalíes,Monzón,100507,0,99.99,35.00,65.00,28.00,100,199.99,30.00,60.00,24.00,200,299.99,25.00,55.00,20.00,300,,20.00,50.00,16.00,Envío estándar,Entrega en 2 a 5 días hábiles,Envío express,Entrega en 24 horas,Envío programado,Elige el día de entrega,,
950,mi-tienda,MITI-100508,Huanuco,Huamalíes,Punchao,100508,0,99.99,35.00,65.00,28.00,100,199.99,30.00,60.00,24.00,200,299.99,25.00,55.00,20.00,300,,20.00,50.00,16.00,Envío estándar,Entrega en 2 a 5 días hábiles,Envío express,Entrega en 24 horas,Envío programado,Elige el día de entrega,,
951,mi-tienda,MITI-100509,Huanuco,Huamalíes,Puños,100509,0,99.99,35.00,65.00,28.00,100,199.99,30.00,60.00,24.00,200,299.99,25.00,55.00,20.00,300,,20.00,50.00,16.00,Envío estándar,Entrega en 2 a 5 días hábiles,Envío express,Entrega en 24 horas,Envío programado,Elige el día de entrega,,
952,mi-tienda,MITI-100510,Huanuco,Huamalíes,Singa,100510,0,99.99,35.00,65.00,28.00,100,199.99,30.00,60.00,24.00,200,299.99,25.00,55.00,20.00,300,,20.00,50.00,16.00,Envío estándar,Entrega en 2 a 5 días hábiles,Envío express,Entrega en 24 horas,Envío programado,Elige el día de entrega,,
953,mi-tienda,MITI-100511,Huanuco,Huamalíes,Tantamayo,100511,0,99.99,35.00,65.00,28.00,100,199.99,30.00,60.00,24.00,200,299.99,25.00,55.00,20.00,300,,20.00,50.00,16.00,Envío estándar,Entrega en 2 a 5 días hábiles,Envío express,Entrega en 24 horas,Envío programado,Elige el día de entrega,,
954,mi-tienda,MITI-100601,Huanuco,Leoncio Prado,Rupa-Rupa,100601,0,99.99,35.00,65.00,28.00,100,199.99,30.00,60.00,24.00,200,299.99,25.00,55.00,20.00,300,,20.00,50.00,16.00,Envío estándar,Entrega en 2 a 5 días hábiles,Envío express,Entrega en 24 horas,Envío programado,Elige el día de entrega,,
955,mi-tienda,MITI-100602,Huanuco,Leoncio Prado,Daniel Alomias Robles,100602,0,99.99,35.00,65.00,28.00,100,199.99,30.00,60.00,24.00,200,299.99,25.00,55.00,20.00,300,,20.00,50.00,16.00,Envío estándar,Entrega en 2 a 5 días hábiles,Envío express,Entrega en 24 horas,Envío programado,Elige el día de entrega,,
956,mi-tienda,MITI-100603,Huanuco,Leoncio Prado,Hermílio Valdizan,100603,0,99.99,35.00,65.00,28.00,100,199.99,30.00,60.00,24.00,200,299.99,25.00,55.00,20.00,300,,20.00,50.00,16.00,Envío estándar,Entrega en 2 a 5 días hábiles,Envío express,Entrega en 24 horas,Envío programado,Elige el día de entrega,,
957,mi-tienda,MITI-100604,Huanuco,Leoncio Prado,Jose Crespo y Castillo,100604,0,99.99,35.00,65.00,28.00,100,199.99,30.00,60.00,24.00,200,299.99,25.00,55.00,20.00,300,,20.00,50.00,16.00,Envío estándar,Entrega en 2 a 5 días hábiles,Envío express,Entrega en 24 horas,Envío programado,Elige el día de entrega,,
958,mi-tienda,MITI-100605,Huanuco,Leoncio Prado,Luyando,100605,0,99.99,35.00,65.00,28.00,100,199.99,30.00,60.00,24.00,200,299.99,25.00,55.00,20.00,300,,20.00,50.00,16.00,Envío estándar,Entrega en 2 a 5 días hábiles,Envío express,Entrega en 24 horas,Envío programado,Elige el día de entrega,,
959,mi-tienda,MITI-100606,Huanuco,Leoncio Prado,Mariano Damaso Beraun,100606,0,99.99,35.00,65.00,28.00,100,199.99,30.00,60.00,24.00,200,299.99,25.00,55.00,20.00,300,,20.00,50.00,16.00,Envío estándar,Entrega en 2 a 5 días hábiles,Envío express,Entrega en 24 horas,Envío programado,Elige el día de entrega,,
960,mi-tienda,MITI-100607,Huanuco,Leoncio Prado,Pucayacu,100607,0,99.99,35.00,65.00,28.00,100,199.99,30.00,60.00,24.00,200,299.99,25.00,55.00,20.00,300,,20.00,50.00,16.00,Envío estándar,Entrega en 2 a 5 días hábiles,Envío express,Entrega en 24 horas,Envío programado,Elige el día de entrega,,
961,mi-tienda,MITI-100608,Huanuco,Leoncio Prado,Castillo Grande,100608,0,99.99,35.00,65.00,28.00,100,199.99,30.00,60.00,24.00,200,299.99,25.00,55.00,20.00,300,,20.00,50.00,16.00,Envío estándar,Entrega en 2 a 5 días hábiles,Envío express,Entrega en 24 horas,Envío programado,Elige el día de entrega,,
962,mi-tienda,MITI-100609,Huanuco,Leoncio Prado,Pueblo Nuevo,100609,0,99.99,35.00,65.00,28.00,100,199.99,30.00,60.00,24.00,200,299.99,25.00,55.00,20.00,300,,20.00,50.00,16.00,Envío estándar,Entrega en 2 a 5 días hábiles,Envío express,Entrega en 24 horas,Envío programado,Elige el día de entrega,,
963,mi-tienda,MITI-100610,Huanuco,Leoncio Prado,Santo Domingo de Anda,100610,0,99.99,35.00,65.00,28.00,100,199.99,30.00,60.00,24.00,200,299.99,25.00,55.00,20.00,300,,20.00,50.00,16.00,Envío estándar,Entrega en 2 a 5 días hábiles,Envío express,Entrega en 24 horas,Envío programado,Elige el día de entrega,,
964,mi-tienda,MITI-100701,Huanuco,Marañon,Huacrachuco,100701,0,99.99,35.00,65.00,28.00,100,199.99,30.00,60.00,24.00,200,299.99,25.00,55.00,20.00,300,,20.00,50.00,16.00,Envío estándar,Entrega en 2 a 5 días hábiles,Envío express,Entrega en 24 horas,Envío programado,Elige el día de entrega,,
965,mi-tienda,MITI-100702,Huanuco,Marañon,Cholon,100702,0,99.99,35.00,65.00,28.00,100,199.99,30.00,60.00,24.00,200,299.99,25.00,55.00,20.00,300,,20.00,50.00,16.00,Envío estándar,Entrega en 2 a 5 días hábiles,Envío express,Entrega en 24 horas,Envío programado,Elige el día de entrega,,
966,mi-tienda,MITI-100703,Huanuco,Marañon,San Buenaventura,100703,0,99.99,35.00,65.00,28.00,100,199.99,30.00,60.00,24.00,200,299.99,25.00,55.00,20.00,300,,20.00,50.00,16.00,Envío estándar,Entrega en 2 a 5 días hábiles,Envío express,Entrega en 24 horas,Envío programado,Elige el día de entrega,,
967,mi-tienda,MITI-100704,Huanuco,Marañon,La Morada,100704,0,99.99,35.00,65.00,28.00,100,199.99,30.00,60.00,24.00,200,299.99,25.00,55.00,20.00,300,,20.00,50.00,16.00,Envío estándar,Entrega en 2 a 5 días hábiles,Envío express,Entrega en 24 horas,Envío programado,Elige el día de entrega,,
968,mi-tienda,MITI-100705,Huanuco,Marañon,Santa Rosa de Alto Yanajanca,100705,0,99.99,35.00,65.00,28.00,100,199.99,30.00,60.00,24.00,200,299.99,25.00,55.00,20.00,300,,20.00,50.00,16.00,Envío estándar,Entrega en 2 a 5 días hábiles,Envío express,Entrega en 24 horas,Envío programado,Elige el día de entrega,,
969,mi-tienda,MITI-100801,Huanuco,Pachitea,Panao,100801,0,99.99,35.00,65.00,28.00,100,199.99,30.00,60.00,24.00,200,299.99,25.00,55.00,20.00,300,,20.00,50.00,16.00,Envío estándar,Entrega en 2 a 5 días hábiles,Envío express,Entrega en 24 horas,Envío programado,Elige el día de entrega,,
970,mi-tienda,MITI-100802,Huanuco,Pachitea,Chaglla,100802,0,99.99,35.00,65.00,28.00,100,199.99,30.00,60.00,24.00,200,299.99,25.00,55.00,20.00,300,,20.00,50.00,16.00,Envío estándar,Entrega en 2 a 5 días hábiles,Envío express,Entrega en 24 horas,Envío programado,Elige el día de entrega,,
971,mi-tienda,MITI-100803,Huanuco,Pachitea,Molino,100803,0,99.99,35.00,65.00,28.00,100,199.99,30.00,60.00,24.00,200,299.99,25.00,55.00,20.00,300,,20.00,50.00,16.00,Envío estándar,Entrega en 2 a 5 días hábiles,Envío express,Entrega en 24 horas,Envío programado,Elige el día de entrega,,
972,mi-tienda,MITI-100804,Huanuco,Pachitea,Umari,100804,0,99.99,35.00,65.00,28.00,100,199.99,30.00,60.00,24.00,200,299.99,25.00,55.00,20.00,300,,20.00,50.00,16.00,Envío estándar,Entrega en 2 a 5 días hábiles,Envío express,Entrega en 24 horas,Envío programado,Elige el día de entrega,,
973,mi-tienda,MITI-100901,Huanuco,Puerto Inca,Puerto Inca,100901,0,99.99,35.00,65.00,28.00,100,199.99,30.00,60.00,24.00,200,299.99,25.00,55.00,20.00,300,,20.00,50.00,16.00,Envío estándar,Entrega en 2 a 5 días hábiles,Envío express,Entrega en 24 horas,Envío programado,Elige el día de entrega,,
974,mi-tienda,MITI-100902,Huanuco,Puerto Inca,Codo del Pozuzo,100902,0,99.99,35.00,65.00,28.00,100,199.99,30.00,60.00,24.00,200,299.99,25.00,55.00,20.00,300,,20.00,50.00,16.00,Envío estándar,Entrega en 2 a 5 días hábiles,Envío express,Entrega en 24 horas,Envío programado,Elige el día de entrega,,
975,mi-tienda,MITI-100903,Huanuco,Puerto Inca,Honoria,100903,0,99.99,35.00,65.00,28.00,100,199.99,30.00,60.00,24.00,200,299.99,25.00,55.00,20.00,300,,20.00,50.00,16.00,Envío estándar,Entrega en 2 a 5 días hábiles,Envío express,Entrega en 24 horas,Envío programado,Elige el día de entrega,,
976,mi-tienda,MITI-100904,Huanuco,Puerto Inca,Tournavista,100904,0,99.99,35.00,65.00,28.00,100,199.99,30.00,60.00,24.00,200,299.99,25.00,55.00,20.00,300,,20.00,50.00,16.00,Envío estándar,Entrega en 2 a 5 días hábiles,Envío express,Entrega en 24 horas,Envío programado,Elige el día de entrega,,
977,mi-tienda,MITI-100905,Huanuco,Puerto Inca,Yuyapichis,100905,0,99.99,35.00,65.00,28.00,100,199.99,30.00,60.00,24.00,200,299.99,25.00,55.00,20.00,300,,20.00,50.00,16.00,Envío estándar,Entrega en 2 a 5 días hábiles,Envío express,Entrega en 24 horas,Envío programado,Elige el día de entrega,,
978,mi-tienda,MITI-101001,Huanuco,Lauricocha,Jesus,101001,0,99.99,35.00,65.00,28.00,100,199.99,30.00,60.00,24.00,200,299.99,25.00,55.00,20.00,300,,20.00,50.00,16.00,Envío estándar,Entrega en 2 a 5 días hábiles,Envío express,Entrega en 24 horas,Envío programado,Elige el día de entrega,,
979,mi-tienda,MITI-101002,Huanuco,Lauricocha,Baños,101002,0,99.99,35.00,65.00,28.00,100,199.99,30.00,60.00,24.00,200,299.99,25.00,55.00,20.00,300,,20.00,50.00,16.00,Envío estándar,Entrega en 2 a 5 días hábiles,Envío express,Entrega en 24 horas,Envío programado,Elige el día de entrega,,
980,mi-tienda,MITI-101003,Huanuco,Lauricocha,Jivia,101003,0,99.99,35.00,65.00,28.00,100,199.99,30.00,60.00,24.00,200,299.99,25.00,55.00,20.00,300,,20.00,50.00,16.00,Envío estándar,Entrega en 2 a 5 días hábiles,Envío express,Entrega en 24 horas,Envío programado,Elige el día de entrega,,
981,mi-tienda,MITI-101004,Huanuco,Lauricocha,Queropalca,101004,0,99.99,35.00,65.00,28.00,100,199.99,30.00,60.00,24.00,200,299.99,25.00,55.00,20.00,300,,20.00,50.00,16.00,Envío estándar,Entrega en 2 a 5 días hábiles,Envío express,Entrega en 24 horas,Envío programado,Elige el día de entrega,,
982,mi-tienda,MITI-101005,Huanuco,Lauricocha,Rondos,101005,0,99.99,35.00,65.00,28.00,100,199.99,30.00,60.00,24.00,200,299.99,25.00,55.00,20.00,300,,20.00,50.00,16.00,Envío estándar,Entrega en 2 a 5 días hábiles,Envío express,Entrega en 24 horas,Envío programado,Elige el día de entrega,,
983,mi-tienda,MITI-101006,Huanuco,Lauricocha,San Francisco de Asís,101006,0,99.99,35.00,65.00,28.00,100,199.99,30.00,60.00,24.00,200,299.99,25.00,55.00,20.00,300,,20.00,50.00,16.00,Envío estándar,Entrega en 2 a 5 días hábiles,Envío express,Entrega en 24 horas,Envío programado,Elige el día de entrega,,
984,mi-tienda,MITI-101007,Huanuco,Lauricocha,San Miguel de Cauri,101007,0,99.99,35.00,65.00,28.00,100,199.99,30.00,60.00,24.00,200,299.99,25.00,55.00,20.00,300,,20.00,50.00,16.00,Envío estándar,Entrega en 2 a 5 días hábiles,Envío express,Entrega en 24 horas,Envío programado,Elige el día de entrega,,
985,mi-tienda,MITI-101101,Huanuco,Yarowilca,Chavinillo,101101,0,99.99,35.00,65.00,28.00,100,199.99,30.00,60.00,24.00,200,299.99,25.00,55.00,20.00,300,,20.00,50.00,16.00,Envío estándar,Entrega en 2 a 5 días hábiles,Envío express,Entrega en 24 horas,Envío programado,Elige el día de entrega,,
986,mi-tienda,MITI-101102,Huanuco,Yarowilca,Cahuac,101102,0,99.99,35.00,65.00,28.00,100,199.99,30.00,60.00,24.00,200,299.99,25.00,55.00,20.00,300,,20.00,50.00,16.00,Envío estándar,Entrega en 2 a 5 días hábiles,Envío express,Entrega en 24 horas,Envío programado,Elige el día de entrega,,
987,mi-tienda,MITI-101103,Huanuco,Yarowilca,Chacabamba,101103,0,99.99,35.00,65.00,28.00,100,199.99,30.00,60.00,24.00,200,299.99,25.00,55.00,20.00,300,,20.00,50.00,16.00,Envío estándar,Entrega en 2 a 5 días hábiles,Envío express,Entrega en 24 horas,Envío programado,Elige el día de entrega,,
988,mi-tienda,MITI-101104,Huanuco,Yarowilca,Aparicio Pomares,101104,0,99.99,35.00,65.00,28.00,100,199.99,30.00,60.00,24.00,200,299.99,25.00,55.00,20.00,300,,20.00,50.00,16.00,Envío estándar,Entrega en 2 a 5 días hábiles,Envío express,Entrega en 24 horas,Envío programado,Elige el día de entrega,,
989,mi-tienda,MITI-101105,Huanuco,Yarowilca,Jacas Chico,101105,0,99.99,35.00,65.00,28.00,100,199.99,30.00,60.00,24.00,200,299.99,25.00,55.00,20.00,300,,20.00,50.00,16.00,Envío estándar,Entrega en 2 a 5 días hábiles,Envío express,Entrega en 24 horas,Envío programado,Elige el día de entrega,,
990,mi-tienda,MITI-101106,Huanuco,Yarowilca,Obas,101106,0,99.99,35.00,65.00,28.00,100,199.99,30.00,60.00,24.00,200,299.99,25.00,55.00,20.00,300,,20.00,50.00,16.00,Envío estándar,Entrega en 2 a 5 días hábiles,Envío express,Entrega en 24 horas,Envío programado,Elige el día de entrega,,
991,mi-tienda,MITI-101107,Huanuco,Yarowilca,Pampamarca,101107,0,99.99,35.00,65.00,28.00,100,199.99,30.00,60.00,24.00,200,299.99,25.00,55.00,20.00,300,,20.00,50.00,16.00,Envío estándar,Entrega en 2 a 5 días hábiles,Envío express,Entrega en 24 horas,Envío programado,Elige el día de entrega,,
992,mi-tienda,MITI-101108,Huanuco,Yarowilca,Choras,101108,0,99.99,35.00,65.00,28.00,100,199.99,30.00,60.00,24.00,200,299.99,25.00,55.00,20.00,300,,20.00,50.00,16.00,Envío estándar,Entrega en 2 a 5 días hábiles,Envío express,Entrega en 24 horas,Envío programado,Elige el día de entrega,,
993,mi-tienda,MITI-110101,Ica,Ica,Ica,110101,0,99.99,35.00,65.00,28.00,100,199.99,30.00,60.00,24.00,200,299.99,25.00,55.00,20.00,300,,20.00,50.00,16.00,Envío estándar,Entrega en 2 a 5 días hábiles,Envío express,Entrega en 24 horas,Envío programado,Elige el día de entrega,,
994,mi-tienda,MITI-110102,Ica,Ica,La Tinguiña,110102,0,99.99,35.00,65.00,28.00,100,199.99,30.00,60.00,24.00,200,299.99,25.00,55.00,20.00,300,,20.00,50.00,16.00,Envío estándar,Entrega en 2 a 5 días hábiles,Envío express,Entrega en 24 horas,Envío programado,Elige el día de entrega,,
995,mi-tienda,MITI-110103,Ica,Ica,Los Aquijes,110103,0,99.99,35.00,65.00,28.00,100,199.99,30.00,60.00,24.00,200,299.99,25.00,55.00,20.00,300,,20.00,50.00,16.00,Envío estándar,Entrega en 2 a 5 días hábiles,Envío express,Entrega en 24 horas,Envío programado,Elige el día de entrega,,
996,mi-tienda,MITI-110104,Ica,Ica,Ocucaje,110104,0,99.99,35.00,65.00,28.00,100,199.99,30.00,60.00,24.00,200,299.99,25.00,55.00,20.00,300,,20.00,50.00,16.00,Envío estándar,Entrega en 2 a 5 días hábiles,Envío express,Entrega en 24 horas,Envío programado,Elige el día de entrega,,
997,mi-tienda,MITI-110105,Ica,Ica,Pachacutec,110105,0,99.99,35.00,65.00,28.00,100,199.99,30.00,60.00,24.00,200,299.99,25.00,55.00,20.00,300,,20.00,50.00,16.00,Envío estándar,Entrega en 2 a 5 días hábiles,Envío express,Entrega en 24 horas,Envío programado,Elige el día de entrega,,
998,mi-tienda,MITI-110106,Ica,Ica,Parcona,110106,0,99.99,35.00,65.00,28.00,100,199.99,30.00,60.00,24.00,200,299.99,25.00,55.00,20.00,300,,20.00,50.00,16.00,Envío estándar,Entrega en 2 a 5 días hábiles,Envío express,Entrega en 24 horas,Envío programado,Elige el día de entrega,,
999,mi-tienda,MITI-110107,Ica,Ica,Pueblo Nuevo,110107,0,99.99,35.00,65.00,28.00,100,199.99,30.00,60.00,24.00,200,299.99,25.00,55.00,20.00,300,,20.00,50.00,16.00,Envío estándar,Entrega en 2 a 5 días hábiles,Envío express,Entrega en 24 horas,Envío programado,Elige el día de entrega,,
1000,mi-tienda,MITI-110108,Ica,Ica,Salas,110108,0,99.99,35.00,65.00,28.00,100,199.99,30.00,60.00,24.00,200,299.99,25.00,55.00,20.00,300,,20.00,50.00,16.00,Envío estándar,Entrega en 2 a 5 días hábiles,Envío express,Entrega en 24 horas,Envío programado,Elige el día de entrega,,
1001,mi-tienda,MITI-110109,Ica,Ica,San Jose de los Molinos,110109,0,99.99,35.00,65.00,28.00,100,199.99,30.00,60.00,24.00,200,299.99,25.00,55.00,20.00,300,,20.00,50.00,16.00,Envío estándar,Entrega en 2 a 5 días hábiles,Envío express,Entrega en 24 horas,Envío programado,Elige el día de entrega,,
1002,mi-tienda,MITI-110110,Ica,Ica,San Juan Bautista,110110,0,99.99,35.00,65.00,28.00,100,199.99,30.00,60.00,24.00,200,299.99,25.00,55.00,20.00,300,,20.00,50.00,16.00,Envío estándar,Entrega en 2 a 5 días hábiles,Envío express,Entrega en 24 horas,Envío programado,Elige el día de entrega,,
1003,mi-tienda,MITI-110111,Ica,Ica,Santiago,110111,0,99.99,35.00,65.00,28.00,100,199.99,30.00,60.00,24.00,200,299.99,25.00,55.00,20.00,300,,20.00,50.00,16.00,Envío estándar,Entrega en 2 a 5 días hábiles,Envío express,Entrega en 24 horas,Envío programado,Elige el día de entrega,,
1004,mi-tienda,MITI-110112,Ica,Ica,Subtanjalla,110112,0,99.99,35.00,65.00,28.00,100,199.99,30.00,60.00,24.00,200,299.99,25.00,55.00,20.00,300,,20.00,50.00,16.00,Envío estándar,Entrega en 2 a 5 días hábiles,Envío express,Entrega en 24 horas,Envío programado,Elige el día de entrega,,
1005,mi-tienda,MITI-110113,Ica,Ica,Tate,110113,0,99.99,35.00,65.00,28.00,100,199.99,30.00,60.00,24.00,200,299.99,25.00,55.00,20.00,300,,20.00,50.00,16.00,Envío estándar,Entrega en 2 a 5 días hábiles,Envío express,Entrega en 24 horas,Envío programado,Elige el día de entrega,,
1006,mi-tienda,MITI-110114,Ica,Ica,Yauca del Rosario,110114,0,99.99,35.00,65.00,28.00,100,199.99,30.00,60.00,24.00,200,299.99,25.00,55.00,20.00,300,,20.00,50.00,16.00,Envío estándar,Entrega en 2 a 5 días hábiles,Envío express,Entrega en 24 horas,Envío programado,Elige el día de entrega,,
1007,mi-tienda,MITI-110201,Ica,Chincha,Chincha Alta,110201,0,99.99,35.00,65.00,28.00,100,199.99,30.00,60.00,24.00,200,299.99,25.00,55.00,20.00,300,,20.00,50.00,16.00,Envío estándar,Entrega en 2 a 5 días hábiles,Envío express,Entrega en 24 horas,Envío programado,Elige el día de entrega,,
1008,mi-tienda,MITI-110202,Ica,Chincha,Alto Laran,110202,0,99.99,35.00,65.00,28.00,100,199.99,30.00,60.00,24.00,200,299.99,25.00,55.00,20.00,300,,20.00,50.00,16.00,Envío estándar,Entrega en 2 a 5 días hábiles,Envío express,Entrega en 24 horas,Envío programado,Elige el día de entrega,,
1009,mi-tienda,MITI-110203,Ica,Chincha,Chavin,110203,0,99.99,35.00,65.00,28.00,100,199.99,30.00,60.00,24.00,200,299.99,25.00,55.00,20.00,300,,20.00,50.00,16.00,Envío estándar,Entrega en 2 a 5 días hábiles,Envío express,Entrega en 24 horas,Envío programado,Elige el día de entrega,,
1010,mi-tienda,MITI-110204,Ica,Chincha,Chincha Baja,110204,0,99.99,35.00,65.00,28.00,100,199.99,30.00,60.00,24.00,200,299.99,25.00,55.00,20.00,300,,20.00,50.00,16.00,Envío estándar,Entrega en 2 a 5 días hábiles,Envío express,Entrega en 24 horas,Envío programado,Elige el día de entrega,,
1011,mi-tienda,MITI-110205,Ica,Chincha,El Carmen,110205,0,99.99,35.00,65.00,28.00,100,199.99,30.00,60.00,24.00,200,299.99,25.00,55.00,20.00,300,,20.00,50.00,16.00,Envío estándar,Entrega en 2 a 5 días hábiles,Envío express,Entrega en 24 horas,Envío programado,Elige el día de entrega,,
1012,mi-tienda,MITI-110206,Ica,Chincha,Grocio Prado,110206,0,99.99,35.00,65.00,28.00,100,199.99,30.00,60.00,24.00,200,299.99,25.00,55.00,20.00,300,,20.00,50.00,16.00,Envío estándar,Entrega en 2 a 5 días hábiles,Envío express,Entrega en 24 horas,Envío programado,Elige el día de entrega,,
1013,mi-tienda,MITI-110207,Ica,Chincha,Pueblo Nuevo,110207,0,99.99,35.00,65.00,28.00,100,199.99,30.00,60.00,24.00,200,299.99,25.00,55.00,20.00,300,,20.00,50.00,16.00,Envío estándar,Entrega en 2 a 5 días hábiles,Envío express,Entrega en 24 horas,Envío programado,Elige el día de entrega,,
1014,mi-tienda,MITI-110208,Ica,Chincha,San Juan de Yanac,110208,0,99.99,35.00,65.00,28.00,100,199.99,30.00,60.00,24.00,200,299.99,25.00,55.00,20.00,300,,20.00,50.00,16.00,Envío estándar,Entrega en 2 a 5 días hábiles,Envío express,Entrega en 24 horas,Envío programado,Elige el día de entrega,,
1015,mi-tienda,MITI-110209,Ica,Chincha,San Pedro de Huacarpana,110209,0,99.99,35.00,65.00,28.00,100,199.99,30.00,60.00,24.00,200,299.99,25.00,55.00,20.00,300,,20.00,50.00,16.00,Envío estándar,Entrega en 2 a 5 días hábiles,Envío express,Entrega en 24 horas,Envío programado,Elige el día de entrega,,
1016,mi-tienda,MITI-110210,Ica,Chincha,Sunampe,110210,0,99.99,35.00,65.00,28.00,100,199.99,30.00,60.00,24.00,200,299.99,25.00,55.00,20.00,300,,20.00,50.00,16.00,Envío estándar,Entrega en 2 a 5 días hábiles,Envío express,Entrega en 24 horas,Envío programado,Elige el día de entrega,,
1017,mi-tienda,MITI-110211,Ica,Chincha,Tambo de Mora,110211,0,99.99,35.00,65.00,28.00,100,199.99,30.00,60.00,24.00,200,299.99,25.00,55.00,20.00,300,,20.00,50.00,16.00,Envío estándar,Entrega en 2 a 5 días hábiles,Envío express,Entrega en 24 horas,Envío programado,Elige el día de entrega,,
1018,mi-tienda,MITI-110301,Ica,Nazca,Nazca,110301,0,99.99,35.00,65.00,28.00,100,199.99,30.00,60.00,24.00,200,299.99,25.00,55.00,20.00,300,,20.00,50.00,16.00,Envío estándar,Entrega en 2 a 5 días hábiles,Envío express,Entrega en 24 horas,Envío programado,Elige el día de entrega,,
1019,mi-tienda,MITI-110302,Ica,Nazca,Changuillo,110302,0,99.99,35.00,65.00,28.00,100,199.99,30.00,60.00,24.00,200,299.99,25.00,55.00,20.00,300,,20.00,50.00,16.00,Envío estándar,Entrega en 2 a 5 días hábiles,Envío express,Entrega en 24 horas,Envío programado,Elige el día de entrega,,
1020,mi-tienda,MITI-110303,Ica,Nazca,El Ingenio,110303,0,99.99,35.00,65.00,28.00,100,199.99,30.00,60.00,24.00,200,299.99,25.00,55.00,20.00,300,,20.00,50.00,16.00,Envío estándar,Entrega en 2 a 5 días hábiles,Envío express,Entrega en 24 horas,Envío programado,Elige el día de entrega,,
1021,mi-tienda,MITI-110304,Ica,Nazca,Marcona,110304,0,99.99,35.00,65.00,28.00,100,199.99,30.00,60.00,24.00,200,299.99,25.00,55.00,20.00,300,,20.00,50.00,16.00,Envío estándar,Entrega en 2 a 5 días hábiles,Envío express,Entrega en 24 horas,Envío programado,Elige el día de entrega,,
1022,mi-tienda,MITI-110305,Ica,Nazca,Vista Alegre,110305,0,99.99,35.00,65.00,28.00,100,199.99,30.00,60.00,24.00,200,299.99,25.00,55.00,20.00,300,,20.00,50.00,16.00,Envío estándar,Entrega en 2 a 5 días hábiles,Envío express,Entrega en 24 horas,Envío programado,Elige el día de entrega,,
1023,mi-tienda,MITI-110401,Ica,Palpa,Palpa,110401,0,99.99,35.00,65.00,28.00,100,199.99,30.00,60.00,24.00,200,299.99,25.00,55.00,20.00,300,,20.00,50.00,16.00,Envío estándar,Entrega en 2 a 5 días hábiles,Envío express,Entrega en 24 horas,Envío programado,Elige el día de entrega,,
1024,mi-tienda,MITI-110402,Ica,Palpa,Llipata,110402,0,99.99,35.00,65.00,28.00,100,199.99,30.00,60.00,24.00,200,299.99,25.00,55.00,20.00,300,,20.00,50.00,16.00,Envío estándar,Entrega en 2 a 5 días hábiles,Envío express,Entrega en 24 horas,Envío programado,Elige el día de entrega,,
1025,mi-tienda,MITI-110403,Ica,Palpa,Rio Grande,110403,0,99.99,35.00,65.00,28.00,100,199.99,30.00,60.00,24.00,200,299.99,25.00,55.00,20.00,300,,20.00,50.00,16.00,Envío estándar,Entrega en 2 a 5 días hábiles,Envío express,Entrega en 24 horas,Envío programado,Elige el día de entrega,,
1026,mi-tienda,MITI-110404,Ica,Palpa,Santa Cruz,110404,0,99.99,35.00,65.00,28.00,100,199.99,30.00,60.00,24.00,200,299.99,25.00,55.00,20.00,300,,20.00,50.00,16.00,Envío estándar,Entrega en 2 a 5 días hábiles,Envío express,Entrega en 24 horas,Envío programado,Elige el día de entrega,,
1027,mi-tienda,MITI-110405,Ica,Palpa,Tibillo,110405,0,99.99,35.00,65.00,28.00,100,199.99,30.00,60.00,24.00,200,299.99,25.00,55.00,20.00,300,,20.00,50.00,16.00,Envío estándar,Entrega en 2 a 5 días hábiles,Envío express,Entrega en 24 horas,Envío programado,Elige el día de entrega,,
1028,mi-tienda,MITI-110501,Ica,Pisco,Pisco,110501,0,99.99,35.00,65.00,28.00,100,199.99,30.00,60.00,24.00,200,299.99,25.00,55.00,20.00,300,,20.00,50.00,16.00,Envío estándar,Entrega en 2 a 5 días hábiles,Envío express,Entrega en 24 horas,Envío programado,Elige el día de entrega,,
1029,mi-tienda,MITI-110502,Ica,Pisco,Huancano,110502,0,99.99,35.00,65.00,28.00,100,199.99,30.00,60.00,24.00,200,299.99,25.00,55.00,20.00,300,,20.00,50.00,16.00,Envío estándar,Entrega en 2 a 5 días hábiles,Envío express,Entrega en 24 horas,Envío programado,Elige el día de entrega,,
1030,mi-tienda,MITI-110503,Ica,Pisco,Humay,110503,0,99.99,35.00,65.00,28.00,100,199.99,30.00,60.00,24.00,200,299.99,25.00,55.00,20.00,300,,20.00,50.00,16.00,Envío estándar,Entrega en 2 a 5 días hábiles,Envío express,Entrega en 24 horas,Envío programado,Elige el día de entrega,,
1031,mi-tienda,MITI-110504,Ica,Pisco,Independencia,110504,0,99.99,35.00,65.00,28.00,100,199.99,30.00,60.00,24.00,200,299.99,25.00,55.00,20.00,300,,20.00,50.00,16.00,Envío estándar,Entrega en 2 a 5 días hábiles,Envío express,Entrega en 24 horas,Envío programado,Elige el día de entrega,,
1032,mi-tienda,MITI-110505,Ica,Pisco,Paracas,110505,0,99.99,35.00,65.00,28.00,100,199.99,30.00,60.00,24.00,200,299.99,25.00,55.00,20.00,300,,20.00,50.00,16.00,Envío estándar,Entrega en 2 a 5 días hábiles,Envío express,Entrega en 24 horas,Envío programado,Elige el día de entrega,,
1033,mi-tienda,MITI-110506,Ica,Pisco,San Andrés,110506,0,99.99,35.00,65.00,28.00,100,199.99,30.00,60.00,24.00,200,299.99,25.00,55.00,20.00,300,,20.00,50.00,16.00,Envío estándar,Entrega en 2 a 5 días hábiles,Envío express,Entrega en 24 horas,Envío programado,Elige el día de entrega,,
1034,mi-tienda,MITI-110507,Ica,Pisco,San Clemente,110507,0,99.99,35.00,65.00,28.00,100,199.99,30.00,60.00,24.00,200,299.99,25.00,55.00,20.00,300,,20.00,50.00,16.00,Envío estándar,Entrega en 2 a 5 días hábiles,Envío express,Entrega en 24 horas,Envío programado,Elige el día de entrega,,
1035,mi-tienda,MITI-110508,Ica,Pisco,Tupac Amaru Inca,110508,0,99.99,35.00,65.00,28.00,100,199.99,30.00,60.00,24.00,200,299.99,25.00,55.00,20.00,300,,20.00,50.00,16.00,Envío estándar,Entrega en 2 a 5 días hábiles,Envío express,Entrega en 24 horas,Envío programado,Elige el día de entrega,,
1036,mi-tienda,MITI-120101,Junín,Huancayo,Huancayo,120101,0,99.99,35.00,65.00,28.00,100,199.99,30.00,60.00,24.00,200,299.99,25.00,55.00,20.00,300,,20.00,50.00,16.00,Envío estándar,Entrega en 2 a 5 días hábiles,Envío express,Entrega en 24 horas,Envío programado,Elige el día de entrega,,
1037,mi-tienda,MITI-120104,Junín,Huancayo,Carhuacallanga,120104,0,99.99,35.00,65.00,28.00,100,199.99,30.00,60.00,24.00,200,299.99,25.00,55.00,20.00,300,,20.00,50.00,16.00,Envío estándar,Entrega en 2 a 5 días hábiles,Envío express,Entrega en 24 horas,Envío programado,Elige el día de entrega,,
1038,mi-tienda,MITI-120105,Junín,Huancayo,Chacapampa,120105,0,99.99,35.00,65.00,28.00,100,199.99,30.00,60.00,24.00,200,299.99,25.00,55.00,20.00,300,,20.00,50.00,16.00,Envío estándar,Entrega en 2 a 5 días hábiles,Envío express,Entrega en 24 horas,Envío programado,Elige el día de entrega,,
1039,mi-tienda,MITI-120106,Junín,Huancayo,Chicche,120106,0,99.99,35.00,65.00,28.00,100,199.99,30.00,60.00,24.00,200,299.99,25.00,55.00,20.00,300,,20.00,50.00,16.00,Envío estándar,Entrega en 2 a 5 días hábiles,Envío express,Entrega en 24 horas,Envío programado,Elige el día de entrega,,
1040,mi-tienda,MITI-120107,Junín,Huancayo,Chilca,120107,0,99.99,35.00,65.00,28.00,100,199.99,30.00,60.00,24.00,200,299.99,25.00,55.00,20.00,300,,20.00,50.00,16.00,Envío estándar,Entrega en 2 a 5 días hábiles,Envío express,Entrega en 24 horas,Envío programado,Elige el día de entrega,,
1041,mi-tienda,MITI-120108,Junín,Huancayo,Chongos Alto,120108,0,99.99,35.00,65.00,28.00,100,199.99,30.00,60.00,24.00,200,299.99,25.00,55.00,20.00,300,,20.00,50.00,16.00,Envío estándar,Entrega en 2 a 5 días hábiles,Envío express,Entrega en 24 horas,Envío programado,Elige el día de entrega,,
1042,mi-tienda,MITI-120111,Junín,Huancayo,Chupuro,120111,0,99.99,35.00,65.00,28.00,100,199.99,30.00,60.00,24.00,200,299.99,25.00,55.00,20.00,300,,20.00,50.00,16.00,Envío estándar,Entrega en 2 a 5 días hábiles,Envío express,Entrega en 24 horas,Envío programado,Elige el día de entrega,,
1043,mi-tienda,MITI-120112,Junín,Huancayo,Colca,120112,0,99.99,35.00,65.00,28.00,100,199.99,30.00,60.00,24.00,200,299.99,25.00,55.00,20.00,300,,20.00,50.00,16.00,Envío estándar,Entrega en 2 a 5 días hábiles,Envío express,Entrega en 24 horas,Envío programado,Elige el día de entrega,,
1044,mi-tienda,MITI-120113,Junín,Huancayo,Cullhuas,120113,0,99.99,35.00,65.00,28.00,100,199.99,30.00,60.00,24.00,200,299.99,25.00,55.00,20.00,300,,20.00,50.00,16.00,Envío estándar,Entrega en 2 a 5 días hábiles,Envío express,Entrega en 24 horas,Envío programado,Elige el día de entrega,,
1045,mi-tienda,MITI-120114,Junín,Huancayo,El Tambo,120114,0,99.99,35.00,65.00,28.00,100,199.99,30.00,60.00,24.00,200,299.99,25.00,55.00,20.00,300,,20.00,50.00,16.00,Envío estándar,Entrega en 2 a 5 días hábiles,Envío express,Entrega en 24 horas,Envío programado,Elige el día de entrega,,
1046,mi-tienda,MITI-120116,Junín,Huancayo,Huacrapuquio,120116,0,99.99,35.00,65.00,28.00,100,199.99,30.00,60.00,24.00,200,299.99,25.00,55.00,20.00,300,,20.00,50.00,16.00,Envío estándar,Entrega en 2 a 5 días hábiles,Envío express,Entrega en 24 horas,Envío programado,Elige el día de entrega,,
1047,mi-tienda,MITI-120117,Junín,Huancayo,Hualhuas,120117,0,99.99,35.00,65.00,28.00,100,199.99,30.00,60.00,24.00,200,299.99,25.00,55.00,20.00,300,,20.00,50.00,16.00,Envío estándar,Entrega en 2 a 5 días hábiles,Envío express,Entrega en 24 horas,Envío programado,Elige el día de entrega,,
1048,mi-tienda,MITI-120119,Junín,Huancayo,Huancan,120119,0,99.99,35.00,65.00,28.00,100,199.99,30.00,60.00,24.00,200,299.99,25.00,55.00,20.00,300,,20.00,50.00,16.00,Envío estándar,Entrega en 2 a 5 días hábiles,Envío express,Entrega en 24 horas,Envío programado,Elige el día de entrega,,
1049,mi-tienda,MITI-120120,Junín,Huancayo,Huasicancha,120120,0,99.99,35.00,65.00,28.00,100,199.99,30.00,60.00,24.00,200,299.99,25.00,55.00,20.00,300,,20.00,50.00,16.00,Envío estándar,Entrega en 2 a 5 días hábiles,Envío express,Entrega en 24 horas,Envío programado,Elige el día de entrega,,
1050,mi-tienda,MITI-120121,Junín,Huancayo,Huayucachi,120121,0,99.99,35.00,65.00,28.00,100,199.99,30.00,60.00,24.00,200,299.99,25.00,55.00,20.00,300,,20.00,50.00,16.00,Envío estándar,Entrega en 2 a 5 días hábiles,Envío express,Entrega en 24 horas,Envío programado,Elige el día de entrega,,
1051,mi-tienda,MITI-120122,Junín,Huancayo,Ingenio,120122,0,99.99,35.00,65.00,28.00,100,199.99,30.00,60.00,24.00,200,299.99,25.00,55.00,20.00,300,,20.00,50.00,16.00,Envío estándar,Entrega en 2 a 5 días hábiles,Envío express,Entrega en 24 horas,Envío programado,Elige el día de entrega,,
1052,mi-tienda,MITI-120124,Junín,Huancayo,Pariahuanca,120124,0,99.99,35.00,65.00,28.00,100,199.99,30.00,60.00,24.00,200,299.99,25.00,55.00,20.00,300,,20.00,50.00,16.00,Envío estándar,Entrega en 2 a 5 días hábiles,Envío express,Entrega en 24 horas,Envío programado,Elige el día de entrega,,
1053,mi-tienda,MITI-120125,Junín,Huancayo,Pilcomayo,120125,0,99.99,35.00,65.00,28.00,100,199.99,30.00,60.00,24.00,200,299.99,25.00,55.00,20.00,300,,20.00,50.00,16.00,Envío estándar,Entrega en 2 a 5 días hábiles,Envío express,Entrega en 24 horas,Envío programado,Elige el día de entrega,,
1054,mi-tienda,MITI-120126,Junín,Huancayo,Pucara,120126,0,99.99,35.00,65.00,28.00,100,199.99,30.00,60.00,24.00,200,299.99,25.00,55.00,20.00,300,,20.00,50.00,16.00,Envío estándar,Entrega en 2 a 5 días hábiles,Envío express,Entrega en 24 horas,Envío programado,Elige el día de entrega,,
1055,mi-tienda,MITI-120127,Junín,Huancayo,Quichuay,120127,0,99.99,35.00,65.00,28.00,100,199.99,30.00,60.00,24.00,200,299.99,25.00,55.00,20.00,300,,20.00,50.00,16.00,Envío estándar,Entrega en 2 a 5 días hábiles,Envío express,Entrega en 24 horas,Envío programado,Elige el día de entrega,,
1056,mi-tienda,MITI-120128,Junín,Huancayo,Quilcas,120128,0,99.99,35.00,65.00,28.00,100,199.99,30.00,60.00,24.00,200,299.99,25.00,55.00,20.00,300,,20.00,50.00,16.00,Envío estándar,Entrega en 2 a 5 días hábiles,Envío express,Entrega en 24 horas,Envío programado,Elige el día de entrega,,
1057,mi-tienda,MITI-120129,Junín,Huancayo,San Agustín,120129,0,99.99,35.00,65.00,28.00,100,199.99,30.00,60.00,24.00,200,299.99,25.00,55.00,20.00,300,,20.00,50.00,16.00,Envío estándar,Entrega en 2 a 5 días hábiles,Envío express,Entrega en 24 horas,Envío programado,Elige el día de entrega,,
1058,mi-tienda,MITI-120130,Junín,Huancayo,San Jerónimo de Tunan,120130,0,99.99,35.00,65.00,28.00,100,199.99,30.00,60.00,24.00,200,299.99,25.00,55.00,20.00,300,,20.00,50.00,16.00,Envío estándar,Entrega en 2 a 5 días hábiles,Envío express,Entrega en 24 horas,Envío programado,Elige el día de entrega,,
1059,mi-tienda,MITI-120132,Junín,Huancayo,Saño,120132,0,99.99,35.00,65.00,28.00,100,199.99,30.00,60.00,24.00,200,299.99,25.00,55.00,20.00,300,,20.00,50.00,16.00,Envío estándar,Entrega en 2 a 5 días hábiles,Envío express,Entrega en 24 horas,Envío programado,Elige el día de entrega,,
1060,mi-tienda,MITI-120133,Junín,Huancayo,Sapallanga,120133,0,99.99,35.00,65.00,28.00,100,199.99,30.00,60.00,24.00,200,299.99,25.00,55.00,20.00,300,,20.00,50.00,16.00,Envío estándar,Entrega en 2 a 5 días hábiles,Envío express,Entrega en 24 horas,Envío programado,Elige el día de entrega,,
1061,mi-tienda,MITI-120134,Junín,Huancayo,Sicaya,120134,0,99.99,35.00,65.00,28.00,100,199.99,30.00,60.00,24.00,200,299.99,25.00,55.00,20.00,300,,20.00,50.00,16.00,Envío estándar,Entrega en 2 a 5 días hábiles,Envío express,Entrega en 24 horas,Envío programado,Elige el día de entrega,,
1062,mi-tienda,MITI-120135,Junín,Huancayo,Santo Domingo de Acobamba,120135,0,99.99,35.00,65.00,28.00,100,199.99,30.00,60.00,24.00,200,299.99,25.00,55.00,20.00,300,,20.00,50.00,16.00,Envío estándar,Entrega en 2 a 5 días hábiles,Envío express,Entrega en 24 horas,Envío programado,Elige el día de entrega,,
1063,mi-tienda,MITI-120136,Junín,Huancayo,Viques,120136,0,99.99,35.00,65.00,28.00,100,199.99,30.00,60.00,24.00,200,299.99,25.00,55.00,20.00,300,,20.00,50.00,16.00,Envío estándar,Entrega en 2 a 5 días hábiles,Envío express,Entrega en 24 horas,Envío programado,Elige el día de entrega,,
1064,mi-tienda,MITI-120201,Junín,Concepcion,Concepcion,120201,0,99.99,35.00,65.00,28.00,100,199.99,30.00,60.00,24.00,200,299.99,25.00,55.00,20.00,300,,20.00,50.00,16.00,Envío estándar,Entrega en 2 a 5 días hábiles,Envío express,Entrega en 24 horas,Envío programado,Elige el día de entrega,,
1065,mi-tienda,MITI-120202,Junín,Concepcion,Aco,120202,0,99.99,35.00,65.00,28.00,100,199.99,30.00,60.00,24.00,200,299.99,25.00,55.00,20.00,300,,20.00,50.00,16.00,Envío estándar,Entrega en 2 a 5 días hábiles,Envío express,Entrega en 24 horas,Envío programado,Elige el día de entrega,,
1066,mi-tienda,MITI-120203,Junín,Concepcion,Andamarca,120203,0,99.99,35.00,65.00,28.00,100,199.99,30.00,60.00,24.00,200,299.99,25.00,55.00,20.00,300,,20.00,50.00,16.00,Envío estándar,Entrega en 2 a 5 días hábiles,Envío express,Entrega en 24 horas,Envío programado,Elige el día de entrega,,
1067,mi-tienda,MITI-120204,Junín,Concepcion,Chambara,120204,0,99.99,35.00,65.00,28.00,100,199.99,30.00,60.00,24.00,200,299.99,25.00,55.00,20.00,300,,20.00,50.00,16.00,Envío estándar,Entrega en 2 a 5 días hábiles,Envío express,Entrega en 24 horas,Envío programado,Elige el día de entrega,,
1068,mi-tienda,MITI-120205,Junín,Concepcion,Cochas,120205,0,99.99,35.00,65.00,28.00,100,199.99,30.00,60.00,24.00,200,299.99,25.00,55.00,20.00,300,,20.00,50.00,16.00,Envío estándar,Entrega en 2 a 5 días hábiles,Envío express,Entrega en 24 horas,Envío programado,Elige el día de entrega,,
1069,mi-tienda,MITI-120206,Junín,Concepcion,Comas,120206,0,99.99,35.00,65.00,28.00,100,199.99,30.00,60.00,24.00,200,299.99,25.00,55.00,20.00,300,,20.00,50.00,16.00,Envío estándar,Entrega en 2 a 5 días hábiles,Envío express,Entrega en 24 horas,Envío programado,Elige el día de entrega,,
1070,mi-tienda,MITI-120207,Junín,Concepcion,Heroínas Toledo,120207,0,99.99,35.00,65.00,28.00,100,199.99,30.00,60.00,24.00,200,299.99,25.00,55.00,20.00,300,,20.00,50.00,16.00,Envío estándar,Entrega en 2 a 5 días hábiles,Envío express,Entrega en 24 horas,Envío programado,Elige el día de entrega,,
1071,mi-tienda,MITI-120208,Junín,Concepcion,Manzanares,120208,0,99.99,35.00,65.00,28.00,100,199.99,30.00,60.00,24.00,200,299.99,25.00,55.00,20.00,300,,20.00,50.00,16.00,Envío estándar,Entrega en 2 a 5 días hábiles,Envío express,Entrega en 24 horas,Envío programado,Elige el día de entrega,,
1072,mi-tienda,MITI-120209,Junín,Concepcion,Mariscal Castilla,120209,0,99.99,35.00,65.00,28.00,100,199.99,30.00,60.00,24.00,200,299.99,25.00,55.00,20.00,300,,20.00,50.00,16.00,Envío estándar,Entrega en 2 a 5 días hábiles,Envío express,Entrega en 24 horas,Envío programado,Elige el día de entrega,,
1073,mi-tienda,MITI-120210,Junín,Concepcion,Matahuasi,120210,0,99.99,35.00,65.00,28.00,100,199.99,30.00,60.00,24.00,200,299.99,25.00,55.00,20.00,300,,20.00,50.00,16.00,Envío estándar,Entrega en 2 a 5 días hábiles,Envío express,Entrega en 24 horas,Envío programado,Elige el día de entrega,,
1074,mi-tienda,MITI-120211,Junín,Concepcion,Mito,120211,0,99.99,35.00,65.00,28.00,100,199.99,30.00,60.00,24.00,200,299.99,25.00,55.00,20.00,300,,20.00,50.00,16.00,Envío estándar,Entrega en 2 a 5 días hábiles,Envío express,Entrega en 24 horas,Envío programado,Elige el día de entrega,,
1075,mi-tienda,MITI-120212,Junín,Concepcion,Nueve de Julio,120212,0,99.99,35.00,65.00,28.00,100,199.99,30.00,60.00,24.00,200,299.99,25.00,55.00,20.00,300,,20.00,50.00,16.00,Envío estándar,Entrega en 2 a 5 días hábiles,Envío express,Entrega en 24 horas,Envío programado,Elige el día de entrega,,
1076,mi-tienda,MITI-120213,Junín,Concepcion,Orcotuna,120213,0,99.99,35.00,65.00,28.00,100,199.99,30.00,60.00,24.00,200,299.99,25.00,55.00,20.00,300,,20.00,50.00,16.00,Envío estándar,Entrega en 2 a 5 días hábiles,Envío express,Entrega en 24 horas,Envío programado,Elige el día de entrega,,
1077,mi-tienda,MITI-120214,Junín,Concepcion,San Jose de Quero,120214,0,99.99,35.00,65.00,28.00,100,199.99,30.00,60.00,24.00,200,299.99,25.00,55.00,20.00,300,,20.00,50.00,16.00,Envío estándar,Entrega en 2 a 5 días hábiles,Envío express,Entrega en 24 horas,Envío programado,Elige el día de entrega,,
1078,mi-tienda,MITI-120215,Junín,Concepcion,Santa Rosa de Ocopa,120215,0,99.99,35.00,65.00,28.00,100,199.99,30.00,60.00,24.00,200,299.99,25.00,55.00,20.00,300,,20.00,50.00,16.00,Envío estándar,Entrega en 2 a 5 días hábiles,Envío express,Entrega en 24 horas,Envío programado,Elige el día de entrega,,
1079,mi-tienda,MITI-120301,Junín,Chanchamayo,Chanchamayo,120301,0,99.99,35.00,65.00,28.00,100,199.99,30.00,60.00,24.00,200,299.99,25.00,55.00,20.00,300,,20.00,50.00,16.00,Envío estándar,Entrega en 2 a 5 días hábiles,Envío express,Entrega en 24 horas,Envío programado,Elige el día de entrega,,
1080,mi-tienda,MITI-120302,Junín,Chanchamayo,Perene,120302,0,99.99,35.00,65.00,28.00,100,199.99,30.00,60.00,24.00,200,299.99,25.00,55.00,20.00,300,,20.00,50.00,16.00,Envío estándar,Entrega en 2 a 5 días hábiles,Envío express,Entrega en 24 horas,Envío programado,Elige el día de entrega,,
1081,mi-tienda,MITI-120303,Junín,Chanchamayo,Pichanaqui,120303,0,99.99,35.00,65.00,28.00,100,199.99,30.00,60.00,24.00,200,299.99,25.00,55.00,20.00,300,,20.00,50.00,16.00,Envío estándar,Entrega en 2 a 5 días hábiles,Envío express,Entrega en 24 horas,Envío programado,Elige el día de entrega,,
1082,mi-tienda,MITI-120304,Junín,Chanchamayo,San Luis de Shuaro,120304,0,99.99,35.00,65.00,28.00,100,199.99,30.00,60.00,24.00,200,299.99,25.00,55.00,20.00,300,,20.00,50.00,16.00,Envío estándar,Entrega en 2 a 5 días hábiles,Envío express,Entrega en 24 horas,Envío programado,Elige el día de entrega,,
1083,mi-tienda,MITI-120305,Junín,Chanchamayo,San Ramón,120305,0,99.99,35.00,65.00,28.00,100,199.99,30.00,60.00,24.00,200,299.99,25.00,55.00,20.00,300,,20.00,50.00,16.00,Envío estándar,Entrega en 2 a 5 días hábiles,Envío express,Entrega en 24 horas,Envío programado,Elige el día de entrega,,
1084,mi-tienda,MITI-120306,Junín,Chanchamayo,Vitoc,120306,0,99.99,35.00,65.00,28.00,100,199.99,30.00,60.00,24.00,200,299.99,25.00,55.00,20.00,300,,20.00,50.00,16.00,Envío estándar,Entrega en 2 a 5 días hábiles,Envío express,Entrega en 24 horas,Envío programado,Elige el día de entrega,,
1085,mi-tienda,MITI-120401,Junín,Jauja,Jauja,120401,0,99.99,35.00,65.00,28.00,100,199.99,30.00,60.00,24.00,200,299.99,25.00,55.00,20.00,300,,20.00,50.00,16.00,Envío estándar,Entrega en 2 a 5 días hábiles,Envío express,Entrega en 24 horas,Envío programado,Elige el día de entrega,,
1086,mi-tienda,MITI-120402,Junín,Jauja,Acolla,120402,0,99.99,35.00,65.00,28.00,100,199.99,30.00,60.00,24.00,200,299.99,25.00,55.00,20.00,300,,20.00,50.00,16.00,Envío estándar,Entrega en 2 a 5 días hábiles,Envío express,Entrega en 24 horas,Envío programado,Elige el día de entrega,,
1087,mi-tienda,MITI-120403,Junín,Jauja,Apata,120403,0,99.99,35.00,65.00,28.00,100,199.99,30.00,60.00,24.00,200,299.99,25.00,55.00,20.00,300,,20.00,50.00,16.00,Envío estándar,Entrega en 2 a 5 días hábiles,Envío express,Entrega en 24 horas,Envío programado,Elige el día de entrega,,
1088,mi-tienda,MITI-120404,Junín,Jauja,Ataura,120404,0,99.99,35.00,65.00,28.00,100,199.99,30.00,60.00,24.00,200,299.99,25.00,55.00,20.00,300,,20.00,50.00,16.00,Envío estándar,Entrega en 2 a 5 días hábiles,Envío express,Entrega en 24 horas,Envío programado,Elige el día de entrega,,
1089,mi-tienda,MITI-120405,Junín,Jauja,Canchayllo,120405,0,99.99,35.00,65.00,28.00,100,199.99,30.00,60.00,24.00,200,299.99,25.00,55.00,20.00,300,,20.00,50.00,16.00,Envío estándar,Entrega en 2 a 5 días hábiles,Envío express,Entrega en 24 horas,Envío programado,Elige el día de entrega,,
1090,mi-tienda,MITI-120406,Junín,Jauja,Curicaca,120406,0,99.99,35.00,65.00,28.00,100,199.99,30.00,60.00,24.00,200,299.99,25.00,55.00,20.00,300,,20.00,50.00,16.00,Envío estándar,Entrega en 2 a 5 días hábiles,Envío express,Entrega en 24 horas,Envío programado,Elige el día de entrega,,
1091,mi-tienda,MITI-120407,Junín,Jauja,El Mantaro,120407,0,99.99,35.00,65.00,28.00,100,199.99,30.00,60.00,24.00,200,299.99,25.00,55.00,20.00,300,,20.00,50.00,16.00,Envío estándar,Entrega en 2 a 5 días hábiles,Envío express,Entrega en 24 horas,Envío programado,Elige el día de entrega,,
1092,mi-tienda,MITI-120408,Junín,Jauja,Huamali,120408,0,99.99,35.00,65.00,28.00,100,199.99,30.00,60.00,24.00,200,299.99,25.00,55.00,20.00,300,,20.00,50.00,16.00,Envío estándar,Entrega en 2 a 5 días hábiles,Envío express,Entrega en 24 horas,Envío programado,Elige el día de entrega,,
1093,mi-tienda,MITI-120409,Junín,Jauja,Huaripampa,120409,0,99.99,35.00,65.00,28.00,100,199.99,30.00,60.00,24.00,200,299.99,25.00,55.00,20.00,300,,20.00,50.00,16.00,Envío estándar,Entrega en 2 a 5 días hábiles,Envío express,Entrega en 24 horas,Envío programado,Elige el día de entrega,,
1094,mi-tienda,MITI-120410,Junín,Jauja,Huertas,120410,0,99.99,35.00,65.00,28.00,100,199.99,30.00,60.00,24.00,200,299.99,25.00,55.00,20.00,300,,20.00,50.00,16.00,Envío estándar,Entrega en 2 a 5 días hábiles,Envío express,Entrega en 24 horas,Envío programado,Elige el día de entrega,,
1095,mi-tienda,MITI-120411,Junín,Jauja,Janjaillo,120411,0,99.99,35.00,65.00,28.00,100,199.99,30.00,60.00,24.00,200,299.99,25.00,55.00,20.00,300,,20.00,50.00,16.00,Envío estándar,Entrega en 2 a 5 días hábiles,Envío express,Entrega en 24 horas,Envío programado,Elige el día de entrega,,
1096,mi-tienda,MITI-120412,Junín,Jauja,Julcan,120412,0,99.99,35.00,65.00,28.00,100,199.99,30.00,60.00,24.00,200,299.99,25.00,55.00,20.00,300,,20.00,50.00,16.00,Envío estándar,Entrega en 2 a 5 días hábiles,Envío express,Entrega en 24 horas,Envío programado,Elige el día de entrega,,
1097,mi-tienda,MITI-120413,Junín,Jauja,Leonor Ordóñez,120413,0,99.99,35.00,65.00,28.00,100,199.99,30.00,60.00,24.00,200,299.99,25.00,55.00,20.00,300,,20.00,50.00,16.00,Envío estándar,Entrega en 2 a 5 días hábiles,Envío express,Entrega en 24 horas,Envío programado,Elige el día de entrega,,
1098,mi-tienda,MITI-120414,Junín,Jauja,Llocllapampa,120414,0,99.99,35.00,65.00,28.00,100,199.99,30.00,60.00,24.00,200,299.99,25.00,55.00,20.00,300,,20.00,50.00,16.00,Envío estándar,Entrega en 2 a 5 días hábiles,Envío express,Entrega en 24 horas,Envío programado,Elige el día de entrega,,
1099,mi-tienda,MITI-120415,Junín,Jauja,Marco,120415,0,99.99,35.00,65.00,28.00,100,199.99,30.00,60.00,24.00,200,299.99,25.00,55.00,20.00,300,,20.00,50.00,16.00,Envío estándar,Entrega en 2 a 5 días hábiles,Envío express,Entrega en 24 horas,Envío programado,Elige el día de entrega,,
1100,mi-tienda,MITI-120416,Junín,Jauja,Masma,120416,0,99.99,35.00,65.00,28.00,100,199.99,30.00,60.00,24.00,200,299.99,25.00,55.00,20.00,300,,20.00,50.00,16.00,Envío estándar,Entrega en 2 a 5 días hábiles,Envío express,Entrega en 24 horas,Envío programado,Elige el día de entrega,,
1101,mi-tienda,MITI-120417,Junín,Jauja,Masma Chicche,120417,0,99.99,35.00,65.00,28.00,100,199.99,30.00,60.00,24.00,200,299.99,25.00,55.00,20.00,300,,20.00,50.00,16.00,Envío estándar,Entrega en 2 a 5 días hábiles,Envío express,Entrega en 24 horas,Envío programado,Elige el día de entrega,,
1102,mi-tienda,MITI-120418,Junín,Jauja,Molinos,120418,0,99.99,35.00,65.00,28.00,100,199.99,30.00,60.00,24.00,200,299.99,25.00,55.00,20.00,300,,20.00,50.00,16.00,Envío estándar,Entrega en 2 a 5 días hábiles,Envío express,Entrega en 24 horas,Envío programado,Elige el día de entrega,,
1103,mi-tienda,MITI-120419,Junín,Jauja,Monobamba,120419,0,99.99,35.00,65.00,28.00,100,199.99,30.00,60.00,24.00,200,299.99,25.00,55.00,20.00,300,,20.00,50.00,16.00,Envío estándar,Entrega en 2 a 5 días hábiles,Envío express,Entrega en 24 horas,Envío programado,Elige el día de entrega,,
1104,mi-tienda,MITI-120420,Junín,Jauja,Muqui,120420,0,99.99,35.00,65.00,28.00,100,199.99,30.00,60.00,24.00,200,299.99,25.00,55.00,20.00,300,,20.00,50.00,16.00,Envío estándar,Entrega en 2 a 5 días hábiles,Envío express,Entrega en 24 horas,Envío programado,Elige el día de entrega,,
1105,mi-tienda,MITI-120421,Junín,Jauja,Muquiyauyo,120421,0,99.99,35.00,65.00,28.00,100,199.99,30.00,60.00,24.00,200,299.99,25.00,55.00,20.00,300,,20.00,50.00,16.00,Envío estándar,Entrega en 2 a 5 días hábiles,Envío express,Entrega en 24 horas,Envío programado,Elige el día de entrega,,
1106,mi-tienda,MITI-120422,Junín,Jauja,Paca,120422,0,99.99,35.00,65.00,28.00,100,199.99,30.00,60.00,24.00,200,299.99,25.00,55.00,20.00,300,,20.00,50.00,16.00,Envío estándar,Entrega en 2 a 5 días hábiles,Envío express,Entrega en 24 horas,Envío programado,Elige el día de entrega,,
1107,mi-tienda,MITI-120423,Junín,Jauja,Paccha,120423,0,99.99,35.00,65.00,28.00,100,199.99,30.00,60.00,24.00,200,299.99,25.00,55.00,20.00,300,,20.00,50.00,16.00,Envío estándar,Entrega en 2 a 5 días hábiles,Envío express,Entrega en 24 horas,Envío programado,Elige el día de entrega,,
1108,mi-tienda,MITI-120424,Junín,Jauja,Pancan,120424,0,99.99,35.00,65.00,28.00,100,199.99,30.00,60.00,24.00,200,299.99,25.00,55.00,20.00,300,,20.00,50.00,16.00,Envío estándar,Entrega en 2 a 5 días hábiles,Envío express,Entrega en 24 horas,Envío programado,Elige el día de entrega,,
1109,mi-tienda,MITI-120425,Junín,Jauja,Parco,120425,0,99.99,35.00,65.00,28.00,100,199.99,30.00,60.00,24.00,200,299.99,25.00,55.00,20.00,300,,20.00,50.00,16.00,Envío estándar,Entrega en 2 a 5 días hábiles,Envío express,Entrega en 24 horas,Envío programado,Elige el día de entrega,,
1110,mi-tienda,MITI-120426,Junín,Jauja,Pomacancha,120426,0,99.99,35.00,65.00,28.00,100,199.99,30.00,60.00,24.00,200,299.99,25.00,55.00,20.00,300,,20.00,50.00,16.00,Envío estándar,Entrega en 2 a 5 días hábiles,Envío express,Entrega en 24 horas,Envío programado,Elige el día de entrega,,
1111,mi-tienda,MITI-120427,Junín,Jauja,Ricran,120427,0,99.99,35.00,65.00,28.00,100,199.99,30.00,60.00,24.00,200,299.99,25.00,55.00,20.00,300,,20.00,50.00,16.00,Envío estándar,Entrega en 2 a 5 días hábiles,Envío express,Entrega en 24 horas,Envío programado,Elige el día de entrega,,
1112,mi-tienda,MITI-120428,Junín,Jauja,San Lorenzo,120428,0,99.99,35.00,65.00,28.00,100,199.99,30.00,60.00,24.00,200,299.99,25.00,55.00,20.00,300,,20.00,50.00,16.00,Envío estándar,Entrega en 2 a 5 días hábiles,Envío express,Entrega en 24 horas,Envío programado,Elige el día de entrega,,
1113,mi-tienda,MITI-120429,Junín,Jauja,San Pedro de Chunan,120429,0,99.99,35.00,65.00,28.00,100,199.99,30.00,60.00,24.00,200,299.99,25.00,55.00,20.00,300,,20.00,50.00,16.00,Envío estándar,Entrega en 2 a 5 días hábiles,Envío express,Entrega en 24 horas,Envío programado,Elige el día de entrega,,
1114,mi-tienda,MITI-120430,Junín,Jauja,Sausa,120430,0,99.99,35.00,65.00,28.00,100,199.99,30.00,60.00,24.00,200,299.99,25.00,55.00,20.00,300,,20.00,50.00,16.00,Envío estándar,Entrega en 2 a 5 días hábiles,Envío express,Entrega en 24 horas,Envío programado,Elige el día de entrega,,
1115,mi-tienda,MITI-120431,Junín,Jauja,Sincos,120431,0,99.99,35.00,65.00,28.00,100,199.99,30.00,60.00,24.00,200,299.99,25.00,55.00,20.00,300,,20.00,50.00,16.00,Envío estándar,Entrega en 2 a 5 días hábiles,Envío express,Entrega en 24 horas,Envío programado,Elige el día de entrega,,
1116,mi-tienda,MITI-120432,Junín,Jauja,Tunan Marca,120432,0,99.99,35.00,65.00,28.00,100,199.99,30.00,60.00,24.00,200,299.99,25.00,55.00,20.00,300,,20.00,50.00,16.00,Envío estándar,Entrega en 2 a 5 días hábiles,Envío express,Entrega en 24 horas,Envío programado,Elige el día de entrega,,
1117,mi-tienda,MITI-120433,Junín,Jauja,Yauli,120433,0,99.99,35.00,65.00,28.00,100,199.99,30.00,60.00,24.00,200,299.99,25.00,55.00,20.00,300,,20.00,50.00,16.00,Envío estándar,Entrega en 2 a 5 días hábiles,Envío express,Entrega en 24 horas,Envío programado,Elige el día de entrega,,
1118,mi-tienda,MITI-120434,Junín,Jauja,Yauyos,120434,0,99.99,35.00,65.00,28.00,100,199.99,30.00,60.00,24.00,200,299.99,25.00,55.00,20.00,300,,20.00,50.00,16.00,Envío estándar,Entrega en 2 a 5 días hábiles,Envío express,Entrega en 24 horas,Envío programado,Elige el día de entrega,,
1119,mi-tienda,MITI-120501,Junín,Junín,Junín,120501,0,99.99,35.00,65.00,28.00,100,199.99,30.00,60.00,24.00,200,299.99,25.00,55.00,20.00,300,,20.00,50.00,16.00,Envío estándar,Entrega en 2 a 5 días hábiles,Envío express,Entrega en 24 horas,Envío programado,Elige el día de entrega,,
1120,mi-tienda,MITI-120502,Junín,Junín,Carhuamayo,120502,0,99.99,35.00,65.00,28.00,100,199.99,30.00,60.00,24.00,200,299.99,25.00,55.00,20.00,300,,20.00,50.00,16.00,Envío estándar,Entrega en 2 a 5 días hábiles,Envío express,Entrega en 24 horas,Envío programado,Elige el día de entrega,,
1121,mi-tienda,MITI-120503,Junín,Junín,Ondores,120503,0,99.99,35.00,65.00,28.00,100,199.99,30.00,60.00,24.00,200,299.99,25.00,55.00,20.00,300,,20.00,50.00,16.00,Envío estándar,Entrega en 2 a 5 días hábiles,Envío express,Entrega en 24 horas,Envío programado,Elige el día de entrega,,
1122,mi-tienda,MITI-120504,Junín,Junín,Ulcumayo,120504,0,99.99,35.00,65.00,28.00,100,199.99,30.00,60.00,24.00,200,299.99,25.00,55.00,20.00,300,,20.00,50.00,16.00,Envío estándar,Entrega en 2 a 5 días hábiles,Envío express,Entrega en 24 horas,Envío programado,Elige el día de entrega,,
1123,mi-tienda,MITI-120601,Junín,Satipo,Satipo,120601,0,99.99,35.00,65.00,28.00,100,199.99,30.00,60.00,24.00,200,299.99,25.00,55.00,20.00,300,,20.00,50.00,16.00,Envío estándar,Entrega en 2 a 5 días hábiles,Envío express,Entrega en 24 horas,Envío programado,Elige el día de entrega,,
1124,mi-tienda,MITI-120602,Junín,Satipo,Coviriali,120602,0,99.99,35.00,65.00,28.00,100,199.99,30.00,60.00,24.00,200,299.99,25.00,55.00,20.00,300,,20.00,50.00,16.00,Envío estándar,Entrega en 2 a 5 días hábiles,Envío express,Entrega en 24 horas,Envío programado,Elige el día de entrega,,
1125,mi-tienda,MITI-120603,Junín,Satipo,Llaylla,120603,0,99.99,35.00,65.00,28.00,100,199.99,30.00,60.00,24.00,200,299.99,25.00,55.00,20.00,300,,20.00,50.00,16.00,Envío estándar,Entrega en 2 a 5 días hábiles,Envío express,Entrega en 24 horas,Envío programado,Elige el día de entrega,,
1126,mi-tienda,MITI-120604,Junín,Satipo,Mazamari,120604,0,99.99,35.00,65.00,28.00,100,199.99,30.00,60.00,24.00,200,299.99,25.00,55.00,20.00,300,,20.00,50.00,16.00,Envío estándar,Entrega en 2 a 5 días hábiles,Envío express,Entrega en 24 horas,Envío programado,Elige el día de entrega,,
1127,mi-tienda,MITI-120605,Junín,Satipo,Pampa Hermosa,120605,0,99.99,35.00,65.00,28.00,100,199.99,30.00,60.00,24.00,200,299.99,25.00,55.00,20.00,300,,20.00,50.00,16.00,Envío estándar,Entrega en 2 a 5 días hábiles,Envío express,Entrega en 24 horas,Envío programado,Elige el día de entrega,,
1128,mi-tienda,MITI-120606,Junín,Satipo,Pangoa,120606,0,99.99,35.00,65.00,28.00,100,199.99,30.00,60.00,24.00,200,299.99,25.00,55.00,20.00,300,,20.00,50.00,16.00,Envío estándar,Entrega en 2 a 5 días hábiles,Envío express,Entrega en 24 horas,Envío programado,Elige el día de entrega,,
1129,mi-tienda,MITI-120607,Junín,Satipo,Rio Negro,120607,0,99.99,35.00,65.00,28.00,100,199.99,30.00,60.00,24.00,200,299.99,25.00,55.00,20.00,300,,20.00,50.00,16.00,Envío estándar,Entrega en 2 a 5 días hábiles,Envío express,Entrega en 24 horas,Envío programado,Elige el día de entrega,,
1130,mi-tienda,MITI-120608,Junín,Satipo,Rio Tambo,120608,0,99.99,35.00,65.00,28.00,100,199.99,30.00,60.00,24.00,200,299.99,25.00,55.00,20.00,300,,20.00,50.00,16.00,Envío estándar,Entrega en 2 a 5 días hábiles,Envío express,Entrega en 24 horas,Envío programado,Elige el día de entrega,,
1131,mi-tienda,MITI-120609,Junín,Satipo,Vizcatan del Ene,120609,0,99.99,35.00,65.00,28.00,100,199.99,30.00,60.00,24.00,200,299.99,25.00,55.00,20.00,300,,20.00,50.00,16.00,Envío estándar,Entrega en 2 a 5 días hábiles,Envío express,Entrega en 24 horas,Envío programado,Elige el día de entrega,,
1132,mi-tienda,MITI-120701,Junín,Tarma,Tarma,120701,0,99.99,35.00,65.00,28.00,100,199.99,30.00,60.00,24.00,200,299.99,25.00,55.00,20.00,300,,20.00,50.00,16.00,Envío estándar,Entrega en 2 a 5 días hábiles,Envío express,Entrega en 24 horas,Envío programado,Elige el día de entrega,,
1133,mi-tienda,MITI-120702,Junín,Tarma,Acobamba,120702,0,99.99,35.00,65.00,28.00,100,199.99,30.00,60.00,24.00,200,299.99,25.00,55.00,20.00,300,,20.00,50.00,16.00,Envío estándar,Entrega en 2 a 5 días hábiles,Envío express,Entrega en 24 horas,Envío programado,Elige el día de entrega,,
1134,mi-tienda,MITI-120703,Junín,Tarma,Huaricolca,120703,0,99.99,35.00,65.00,28.00,100,199.99,30.00,60.00,24.00,200,299.99,25.00,55.00,20.00,300,,20.00,50.00,16.00,Envío estándar,Entrega en 2 a 5 días hábiles,Envío express,Entrega en 24 horas,Envío programado,Elige el día de entrega,,
1135,mi-tienda,MITI-120704,Junín,Tarma,Huasahuasi,120704,0,99.99,35.00,65.00,28.00,100,199.99,30.00,60.00,24.00,200,299.99,25.00,55.00,20.00,300,,20.00,50.00,16.00,Envío estándar,Entrega en 2 a 5 días hábiles,Envío express,Entrega en 24 horas,Envío programado,Elige el día de entrega,,
1136,mi-tienda,MITI-120705,Junín,Tarma,La Union,120705,0,99.99,35.00,65.00,28.00,100,199.99,30.00,60.00,24.00,200,299.99,25.00,55.00,20.00,300,,20.00,50.00,16.00,Envío estándar,Entrega en 2 a 5 días hábiles,Envío express,Entrega en 24 horas,Envío programado,Elige el día de entrega,,
1137,mi-tienda,MITI-120706,Junín,Tarma,Palca,120706,0,99.99,35.00,65.00,28.00,100,199.99,30.00,60.00,24.00,200,299.99,25.00,55.00,20.00,300,,20.00,50.00,16.00,Envío estándar,Entrega en 2 a 5 días hábiles,Envío express,Entrega en 24 horas,Envío programado,Elige el día de entrega,,
1138,mi-tienda,MITI-120707,Junín,Tarma,Palcamayo,120707,0,99.99,35.00,65.00,28.00,100,199.99,30.00,60.00,24.00,200,299.99,25.00,55.00,20.00,300,,20.00,50.00,16.00,Envío estándar,Entrega en 2 a 5 días hábiles,Envío express,Entrega en 24 horas,Envío programado,Elige el día de entrega,,
1139,mi-tienda,MITI-120708,Junín,Tarma,San Pedro de Cajas,120708,0,99.99,35.00,65.00,28.00,100,199.99,30.00,60.00,24.00,200,299.99,25.00,55.00,20.00,300,,20.00,50.00,16.00,Envío estándar,Entrega en 2 a 5 días hábiles,Envío express,Entrega en 24 horas,Envío programado,Elige el día de entrega,,
1140,mi-tienda,MITI-120709,Junín,Tarma,Tapo,120709,0,99.99,35.00,65.00,28.00,100,199.99,30.00,60.00,24.00,200,299.99,25.00,55.00,20.00,300,,20.00,50.00,16.00,Envío estándar,Entrega en 2 a 5 días hábiles,Envío express,Entrega en 24 horas,Envío programado,Elige el día de entrega,,
1141,mi-tienda,MITI-120801,Junín,Yauli,La Oroya,120801,0,99.99,35.00,65.00,28.00,100,199.99,30.00,60.00,24.00,200,299.99,25.00,55.00,20.00,300,,20.00,50.00,16.00,Envío estándar,Entrega en 2 a 5 días hábiles,Envío express,Entrega en 24 horas,Envío programado,Elige el día de entrega,,
1142,mi-tienda,MITI-120802,Junín,Yauli,Chacapalpa,120802,0,99.99,35.00,65.00,28.00,100,199.99,30.00,60.00,24.00,200,299.99,25.00,55.00,20.00,300,,20.00,50.00,16.00,Envío estándar,Entrega en 2 a 5 días hábiles,Envío express,Entrega en 24 horas,Envío programado,Elige el día de entrega,,
1143,mi-tienda,MITI-120803,Junín,Yauli,Huay-Huay,120803,0,99.99,35.00,65.00,28.00,100,199.99,30.00,60.00,24.00,200,299.99,25.00,55.00,20.00,300,,20.00,50.00,16.00,Envío estándar,Entrega en 2 a 5 días hábiles,Envío express,Entrega en 24 horas,Envío programado,Elige el día de entrega,,
1144,mi-tienda,MITI-120804,Junín,Yauli,Marcapomacocha,120804,0,99.99,35.00,65.00,28.00,100,199.99,30.00,60.00,24.00,200,299.99,25.00,55.00,20.00,300,,20.00,50.00,16.00,Envío estándar,Entrega en 2 a 5 días hábiles,Envío express,Entrega en 24 horas,Envío programado,Elige el día de entrega,,
1145,mi-tienda,MITI-120805,Junín,Yauli,Morococha,120805,0,99.99,35.00,65.00,28.00,100,199.99,30.00,60.00,24.00,200,299.99,25.00,55.00,20.00,300,,20.00,50.00,16.00,Envío estándar,Entrega en 2 a 5 días hábiles,Envío express,Entrega en 24 horas,Envío programado,Elige el día de entrega,,
1146,mi-tienda,MITI-120806,Junín,Yauli,Paccha,120806,0,99.99,35.00,65.00,28.00,100,199.99,30.00,60.00,24.00,200,299.99,25.00,55.00,20.00,300,,20.00,50.00,16.00,Envío estándar,Entrega en 2 a 5 días hábiles,Envío express,Entrega en 24 horas,Envío programado,Elige el día de entrega,,
1147,mi-tienda,MITI-120807,Junín,Yauli,Santa Barbara de Carhuacayan,120807,0,99.99,35.00,65.00,28.00,100,199.99,30.00,60.00,24.00,200,299.99,25.00,55.00,20.00,300,,20.00,50.00,16.00,Envío estándar,Entrega en 2 a 5 días hábiles,Envío express,Entrega en 24 horas,Envío programado,Elige el día de entrega,,
1148,mi-tienda,MITI-120808,Junín,Yauli,Santa Rosa de Sacco,120808,0,99.99,35.00,65.00,28.00,100,199.99,30.00,60.00,24.00,200,299.99,25.00,55.00,20.00,300,,20.00,50.00,16.00,Envío estándar,Entrega en 2 a 5 días hábiles,Envío express,Entrega en 24 horas,Envío programado,Elige el día de entrega,,
1149,mi-tienda,MITI-120809,Junín,Yauli,Suitucancha,120809,0,99.99,35.00,65.00,28.00,100,199.99,30.00,60.00,24.00,200,299.99,25.00,55.00,20.00,300,,20.00,50.00,16.00,Envío estándar,Entrega en 2 a 5 días hábiles,Envío express,Entrega en 24 horas,Envío programado,Elige el día de entrega,,
1150,mi-tienda,MITI-120810,Junín,Yauli,Yauli,120810,0,99.99,35.00,65.00,28.00,100,199.99,30.00,60.00,24.00,200,299.99,25.00,55.00,20.00,300,,20.00,50.00,16.00,Envío estándar,Entrega en 2 a 5 días hábiles,Envío express,Entrega en 24 horas,Envío programado,Elige el día de entrega,,
1151,mi-tienda,MITI-120901,Junín,Chupaca,Chupaca,120901,0,99.99,35.00,65.00,28.00,100,199.99,30.00,60.00,24.00,200,299.99,25.00,55.00,20.00,300,,20.00,50.00,16.00,Envío estándar,Entrega en 2 a 5 días hábiles,Envío express,Entrega en 24 horas,Envío programado,Elige el día de entrega,,
1152,mi-tienda,MITI-120902,Junín,Chupaca,Ahuac,120902,0,99.99,35.00,65.00,28.00,100,199.99,30.00,60.00,24.00,200,299.99,25.00,55.00,20.00,300,,20.00,50.00,16.00,Envío estándar,Entrega en 2 a 5 días hábiles,Envío express,Entrega en 24 horas,Envío programado,Elige el día de entrega,,
1153,mi-tienda,MITI-120903,Junín,Chupaca,Chongos Bajo,120903,0,99.99,35.00,65.00,28.00,100,199.99,30.00,60.00,24.00,200,299.99,25.00,55.00,20.00,300,,20.00,50.00,16.00,Envío estándar,Entrega en 2 a 5 días hábiles,Envío express,Entrega en 24 horas,Envío programado,Elige el día de entrega,,
1154,mi-tienda,MITI-120904,Junín,Chupaca,Huachac,120904,0,99.99,35.00,65.00,28.00,100,199.99,30.00,60.00,24.00,200,299.99,25.00,55.00,20.00,300,,20.00,50.00,16.00,Envío estándar,Entrega en 2 a 5 días hábiles,Envío express,Entrega en 24 horas,Envío programado,Elige el día de entrega,,
1155,mi-tienda,MITI-120905,Junín,Chupaca,Huamancaca Chico,120905,0,99.99,35.00,65.00,28.00,100,199.99,30.00,60.00,24.00,200,299.99,25.00,55.00,20.00,300,,20.00,50.00,16.00,Envío estándar,Entrega en 2 a 5 días hábiles,Envío express,Entrega en 24 horas,Envío programado,Elige el día de entrega,,
1156,mi-tienda,MITI-120906,Junín,Chupaca,San Juan de Yscos,120906,0,99.99,35.00,65.00,28.00,100,199.99,30.00,60.00,24.00,200,299.99,25.00,55.00,20.00,300,,20.00,50.00,16.00,Envío estándar,Entrega en 2 a 5 días hábiles,Envío express,Entrega en 24 horas,Envío programado,Elige el día de entrega,,
1157,mi-tienda,MITI-120907,Junín,Chupaca,San Juan de Jarpa,120907,0,99.99,35.00,65.00,28.00,100,199.99,30.00,60.00,24.00,200,299.99,25.00,55.00,20.00,300,,20.00,50.00,16.00,Envío estándar,Entrega en 2 a 5 días hábiles,Envío express,Entrega en 24 horas,Envío programado,Elige el día de entrega,,
1158,mi-tienda,MITI-120908,Junín,Chupaca,Tres de Diciembre,120908,0,99.99,35.00,65.00,28.00,100,199.99,30.00,60.00,24.00,200,299.99,25.00,55.00,20.00,300,,20.00,50.00,16.00,Envío estándar,Entrega en 2 a 5 días hábiles,Envío express,Entrega en 24 horas,Envío programado,Elige el día de entrega,,
1159,mi-tienda,MITI-120909,Junín,Chupaca,Yanacancha,120909,0,99.99,35.00,65.00,28.00,100,199.99,30.00,60.00,24.00,200,299.99,25.00,55.00,20.00,300,,20.00,50.00,16.00,Envío estándar,Entrega en 2 a 5 días hábiles,Envío express,Entrega en 24 horas,Envío programado,Elige el día de entrega,,
1160,mi-tienda,MITI-130101,La Libertad,Trujillo,Trujillo,130101,0,99.99,30.00,55.00,24.00,100,199.99,25.00,50.00,20.00,200,299.99,20.00,45.00,16.00,300,,15.00,40.00,12.00,Envío estándar,Entrega en 2 a 5 días hábiles,Envío express,Entrega en 24 horas,Envío programado,Elige el día de entrega,,
1161,mi-tienda,MITI-130102,La Libertad,Trujillo,El Porvenir,130102,0,99.99,30.00,55.00,24.00,100,199.99,25.00,50.00,20.00,200,299.99,20.00,45.00,16.00,300,,15.00,40.00,12.00,Envío estándar,Entrega en 2 a 5 días hábiles,Envío express,Entrega en 24 horas,Envío programado,Elige el día de entrega,,
1162,mi-tienda,MITI-130103,La Libertad,Trujillo,Florencia de Mora,130103,0,99.99,30.00,55.00,24.00,100,199.99,25.00,50.00,20.00,200,299.99,20.00,45.00,16.00,300,,15.00,40.00,12.00,Envío estándar,Entrega en 2 a 5 días hábiles,Envío express,Entrega en 24 horas,Envío programado,Elige el día de entrega,,
1163,mi-tienda,MITI-130104,La Libertad,Trujillo,Huanchaco,130104,0,99.99,30.00,55.00,24.00,100,199.99,25.00,50.00,20.00,200,299.99,20.00,45.00,16.00,300,,15.00,40.00,12.00,Envío estándar,Entrega en 2 a 5 días hábiles,Envío express,Entrega en 24 horas,Envío programado,Elige el día de entrega,,
1164,mi-tienda,MITI-130105,La Libertad,Trujillo,La Esperanza,130105,0,99.99,30.00,55.00,24.00,100,199.99,25.00,50.00,20.00,200,299.99,20.00,45.00,16.00,300,,15.00,40.00,12.00,Envío estándar,Entrega en 2 a 5 días hábiles,Envío express,Entrega en 24 horas,Envío programado,Elige el día de entrega,,
1165,mi-tienda,MITI-130106,La Libertad,Trujillo,Laredo,130106,0,99.99,30.00,55.00,24.00,100,199.99,25.00,50.00,20.00,200,299.99,20.00,45.00,16.00,300,,15.00,40.00,12.00,Envío estándar,Entrega en 2 a 5 días hábiles,Envío express,Entrega en 24 horas,Envío programado,Elige el día de entrega,,
1166,mi-tienda,MITI-130107,La Libertad,Trujillo,Moche,130107,0,99.99,30.00,55.00,24.00,100,199.99,25.00,50.00,20.00,200,299.99,20.00,45.00,16.00,300,,15.00,40.00,12.00,Envío estándar,Entrega en 2 a 5 días hábiles,Envío express,Entrega en 24 horas,Envío programado,Elige el día de entrega,,
1167,mi-tienda,MITI-130108,La Libertad,Trujillo,Poroto,130108,0,99.99,30.00,55.00,24.00,100,199.99,25.00,50.00,20.00,200,299.99,20.00,45.00,16.00,300,,15.00,40.00,12.00,Envío estándar,Entrega en 2 a 5 días hábiles,Envío express,Entrega en 24 horas,Envío programado,Elige el día de entrega,,
1168,mi-tienda,MITI-130109,La Libertad,Trujillo,Salaverry,130109,0,99.99,30.00,55.00,24.00,100,199.99,25.00,50.00,20.00,200,299.99,20.00,45.00,16.00,300,,15.00,40.00,12.00,Envío estándar,Entrega en 2 a 5 días hábiles,Envío express,Entrega en 24 horas,Envío programado,Elige el día de entrega,,
1169,mi-tienda,MITI-130110,La Libertad,Trujillo,Simbal,130110,0,99.99,30.00,55.00,24.00,100,199.99,25.00,50.00,20.00,200,299.99,20.00,45.00,16.00,300,,15.00,40.00,12.00,Envío estándar,Entrega en 2 a 5 días hábiles,Envío express,Entrega en 24 horas,Envío programado,Elige el día de entrega,,
1170,mi-tienda,MITI-130111,La Libertad,Trujillo,Victor Larco Herrera,130111,0,99.99,30.00,55.00,24.00,100,199.99,25.00,50.00,20.00,200,299.99,20.00,45.00,16.00,300,,15.00,40.00,12.00,Envío estándar,Entrega en 2 a 5 días hábiles,Envío express,Entrega en 24 horas,Envío programado,Elige el día de entrega,,
1171,mi-tienda,MITI-130201,La Libertad,Ascope,Ascope,130201,0,99.99,30.00,55.00,24.00,100,199.99,25.00,50.00,20.00,200,299.99,20.00,45.00,16.00,300,,15.00,40.00,12.00,Envío estándar,Entrega en 2 a 5 días hábiles,Envío express,Entrega en 24 horas,Envío programado,Elige el día de entrega,,
1172,mi-tienda,MITI-130202,La Libertad,Ascope,Chicama,130202,0,99.99,30.00,55.00,24.00,100,199.99,25.00,50.00,20.00,200,299.99,20.00,45.00,16.00,300,,15.00,40.00,12.00,Envío estándar,Entrega en 2 a 5 días hábiles,Envío express,Entrega en 24 horas,Envío programado,Elige el día de entrega,,
1173,mi-tienda,MITI-130203,La Libertad,Ascope,Chocope,130203,0,99.99,30.00,55.00,24.00,100,199.99,25.00,50.00,20.00,200,299.99,20.00,45.00,16.00,300,,15.00,40.00,12.00,Envío estándar,Entrega en 2 a 5 días hábiles,Envío express,Entrega en 24 horas,Envío programado,Elige el día de entrega,,
1174,mi-tienda,MITI-130204,La Libertad,Ascope,Magdalena de Cao,130204,0,99.99,30.00,55.00,24.00,100,199.99,25.00,50.00,20.00,200,299.99,20.00,45.00,16.00,300,,15.00,40.00,12.00,Envío estándar,Entrega en 2 a 5 días hábiles,Envío express,Entrega en 24 horas,Envío programado,Elige el día de entrega,,
1175,mi-tienda,MITI-130205,La Libertad,Ascope,Paijan,130205,0,99.99,30.00,55.00,24.00,100,199.99,25.00,50.00,20.00,200,299.99,20.00,45.00,16.00,300,,15.00,40.00,12.00,Envío estándar,Entrega en 2 a 5 días hábiles,Envío express,Entrega en 24 horas,Envío programado,Elige el día de entrega,,
1176,mi-tienda,MITI-130206,La Libertad,Ascope,Rázuri,130206,0,99.99,30.00,55.00,24.00,100,199.99,25.00,50.00,20.00,200,299.99,20.00,45.00,16.00,300,,15.00,40.00,12.00,Envío estándar,Entrega en 2 a 5 días hábiles,Envío express,Entrega en 24 horas,Envío programado,Elige el día de entrega,,
1177,mi-tienda,MITI-130207,La Libertad,Ascope,Santiago de Cao,130207,0,99.99,30.00,55.00,24.00,100,199.99,25.00,50.00,20.00,200,299.99,20.00,45.00,16.00,300,,15.00,40.00,12.00,Envío estándar,Entrega en 2 a 5 días hábiles,Envío express,Entrega en 24 horas,Envío programado,Elige el día de entrega,,
1178,mi-tienda,MITI-130208,La Libertad,Ascope,Casa Grande,130208,0,99.99,30.00,55.00,24.00,100,199.99,25.00,50.00,20.00,200,299.99,20.00,45.00,16.00,300,,15.00,40.00,12.00,Envío estándar,Entrega en 2 a 5 días hábiles,Envío express,Entrega en 24 horas,Envío programado,Elige el día de entrega,,
1179,mi-tienda,MITI-130301,La Libertad,Bolivar,Bolivar,130301,0,99.99,30.00,55.00,24.00,100,199.99,25.00,50.00,20.00,200,299.99,20.00,45.00,16.00,300,,15.00,40.00,12.00,Envío estándar,Entrega en 2 a 5 días hábiles,Envío express,Entrega en 24 horas,Envío programado,Elige el día de entrega,,
1180,mi-tienda,MITI-130302,La Libertad,Bolivar,Bambamarca,130302,0,99.99,30.00,55.00,24.00,100,199.99,25.00,50.00,20.00,200,299.99,20.00,45.00,16.00,300,,15.00,40.00,12.00,Envío estándar,Entrega en 2 a 5 días hábiles,Envío express,Entrega en 24 horas,Envío programado,Elige el día de entrega,,
1181,mi-tienda,MITI-130303,La Libertad,Bolivar,Condormarca,130303,0,99.99,30.00,55.00,24.00,100,199.99,25.00,50.00,20.00,200,299.99,20.00,45.00,16.00,300,,15.00,40.00,12.00,Envío estándar,Entrega en 2 a 5 días hábiles,Envío express,Entrega en 24 horas,Envío programado,Elige el día de entrega,,
1182,mi-tienda,MITI-130304,La Libertad,Bolivar,Longotea,130304,0,99.99,30.00,55.00,24.00,100,199.99,25.00,50.00,20.00,200,299.99,20.00,45.00,16.00,300,,15.00,40.00,12.00,Envío estándar,Entrega en 2 a 5 días hábiles,Envío express,Entrega en 24 horas,Envío programado,Elige el día de entrega,,
1183,mi-tienda,MITI-130305,La Libertad,Bolivar,Uchumarca,130305,0,99.99,30.00,55.00,24.00,100,199.99,25.00,50.00,20.00,200,299.99,20.00,45.00,16.00,300,,15.00,40.00,12.00,Envío estándar,Entrega en 2 a 5 días hábiles,Envío express,Entrega en 24 horas,Envío programado,Elige el día de entrega,,
1184,mi-tienda,MITI-130306,La Libertad,Bolivar,Ucuncha,130306,0,99.99,30.00,55.00,24.00,100,199.99,25.00,50.00,20.00,200,299.99,20.00,45.00,16.00,300,,15.00,40.00,12.00,Envío estándar,Entrega en 2 a 5 días hábiles,Envío express,Entrega en 24 horas,Envío programado,Elige el día de entrega,,
1185,mi-tienda,MITI-130401,La Libertad,Chepén,Chepén,130401,0,99.99,30.00,55.00,24.00,100,199.99,25.00,50.00,20.00,200,299.99,20.00,45.00,16.00,300,,15.00,40.00,12.00,Envío estándar,Entrega en 2 a 5 días hábiles,Envío express,Entrega en 24 horas,Envío programado,Elige el día de entrega,,
1186,mi-tienda,MITI-130402,La Libertad,Chepén,Pacanga,130402,0,99.99,30.00,55.00,24.00,100,199.99,25.00,50.00,20.00,200,299.99,20.00,45.00,16.00,300,,15.00,40.00,12.00,Envío estándar,Entrega en 2 a 5 días hábiles,Envío express,Entrega en 24 horas,Envío programado,Elige el día de entrega,,
1187,mi-tienda,MITI-130403,La Libertad,Chepén,Pueblo Nuevo,130403,0,99.99,30.00,55.00,24.00,100,199.99,25.00,50.00,20.00,200,299.99,20.00,45.00,16.00,300,,15.00,40.00,12.00,Envío estándar,Entrega en 2 a 5 días hábiles,Envío express,Entrega en 24 horas,Envío programado,Elige el día de entrega,,
1188,mi-tienda,MITI-130501,La Libertad,Julcan,Julcan,130501,0,99.99,30.00,55.00,24.00,100,199.99,25.00,50.00,20.00,200,299.99,20.00,45.00,16.00,300,,15.00,40.00,12.00,Envío estándar,Entrega en 2 a 5 días hábiles,Envío express,Entrega en 24 horas,Envío programado,Elige el día de entrega,,
1189,mi-tienda,MITI-130502,La Libertad,Julcan,Calamarca,130502,0,99.99,30.00,55.00,24.00,100,199.99,25.00,50.00,20.00,200,299.99,20.00,45.00,16.00,300,,15.00,40.00,12.00,Envío estándar,Entrega en 2 a 5 días hábiles,Envío express,Entrega en 24 horas,Envío programado,Elige el día de entrega,,
1190,mi-tienda,MITI-130503,La Libertad,Julcan,Carabamba,130503,0,99.99,30.00,55.00,24.00,100,199.99,25.00,50.00,20.00,200,299.99,20.00,45.00,16.00,300,,15.00,40.00,12.00,Envío estándar,Entrega en 2 a 5 días hábiles,Envío express,Entrega en 24 horas,Envío programado,Elige el día de entrega,,
1191,mi-tienda,MITI-130504,La Libertad,Julcan,Huaso,130504,0,99.99,30.00,55.00,24.00,100,199.99,25.00,50.00,20.00,200,299.99,20.00,45.00,16.00,300,,15.00,40.00,12.00,Envío estándar,Entrega en 2 a 5 días hábiles,Envío express,Entrega en 24 horas,Envío programado,Elige el día de entrega,,
1192,mi-tienda,MITI-130601,La Libertad,Otuzco,Otuzco,130601,0,99.99,30.00,55.00,24.00,100,199.99,25.00,50.00,20.00,200,299.99,20.00,45.00,16.00,300,,15.00,40.00,12.00,Envío estándar,Entrega en 2 a 5 días hábiles,Envío express,Entrega en 24 horas,Envío programado,Elige el día de entrega,,
1193,mi-tienda,MITI-130602,La Libertad,Otuzco,Agallpampa,130602,0,99.99,30.00,55.00,24.00,100,199.99,25.00,50.00,20.00,200,299.99,20.00,45.00,16.00,300,,15.00,40.00,12.00,Envío estándar,Entrega en 2 a 5 días hábiles,Envío express,Entrega en 24 horas,Envío programado,Elige el día de entrega,,
1194,mi-tienda,MITI-130604,La Libertad,Otuzco,Charat,130604,0,99.99,30.00,55.00,24.00,100,199.99,25.00,50.00,20.00,200,299.99,20.00,45.00,16.00,300,,15.00,40.00,12.00,Envío estándar,Entrega en 2 a 5 días hábiles,Envío express,Entrega en 24 horas,Envío programado,Elige el día de entrega,,
1195,mi-tienda,MITI-130605,La Libertad,Otuzco,Huaranchal,130605,0,99.99,30.00,55.00,24.00,100,199.99,25.00,50.00,20.00,200,299.99,20.00,45.00,16.00,300,,15.00,40.00,12.00,Envío estándar,Entrega en 2 a 5 días hábiles,Envío express,Entrega en 24 horas,Envío programado,Elige el día de entrega,,
1196,mi-tienda,MITI-130606,La Libertad,Otuzco,La Cuesta,130606,0,99.99,30.00,55.00,24.00,100,199.99,25.00,50.00,20.00,200,299.99,20.00,45.00,16.00,300,,15.00,40.00,12.00,Envío estándar,Entrega en 2 a 5 días hábiles,Envío express,Entrega en 24 horas,Envío programado,Elige el día de entrega,,
1197,mi-tienda,MITI-130608,La Libertad,Otuzco,Mache,130608,0,99.99,30.00,55.00,24.00,100,199.99,25.00,50.00,20.00,200,299.99,20.00,45.00,16.00,300,,15.00,40.00,12.00,Envío estándar,Entrega en 2 a 5 días hábiles,Envío express,Entrega en 24 horas,Envío programado,Elige el día de entrega,,
1198,mi-tienda,MITI-130610,La Libertad,Otuzco,Paranday,130610,0,99.99,30.00,55.00,24.00,100,199.99,25.00,50.00,20.00,200,299.99,20.00,45.00,16.00,300,,15.00,40.00,12.00,Envío estándar,Entrega en 2 a 5 días hábiles,Envío express,Entrega en 24 horas,Envío programado,Elige el día de entrega,,
1199,mi-tienda,MITI-130611,La Libertad,Otuzco,Salpo,130611,0,99.99,30.00,55.00,24.00,100,199.99,25.00,50.00,20.00,200,299.99,20.00,45.00,16.00,300,,15.00,40.00,12.00,Envío estándar,Entrega en 2 a 5 días hábiles,Envío express,Entrega en 24 horas,Envío programado,Elige el día de entrega,,
1200,mi-tienda,MITI-130613,La Libertad,Otuzco,Sinsicap,130613,0,99.99,30.00,55.00,24.00,100,199.99,25.00,50.00,20.00,200,299.99,20.00,45.00,16.00,300,,15.00,40.00,12.00,Envío estándar,Entrega en 2 a 5 días hábiles,Envío express,Entrega en 24 horas,Envío programado,Elige el día de entrega,,
1201,mi-tienda,MITI-130614,La Libertad,Otuzco,Usquil,130614,0,99.99,30.00,55.00,24.00,100,199.99,25.00,50.00,20.00,200,299.99,20.00,45.00,16.00,300,,15.00,40.00,12.00,Envío estándar,Entrega en 2 a 5 días hábiles,Envío express,Entrega en 24 horas,Envío programado,Elige el día de entrega,,
1202,mi-tienda,MITI-130701,La Libertad,Pacasmayo,San Pedro de Lloc,130701,0,99.99,30.00,55.00,24.00,100,199.99,25.00,50.00,20.00,200,299.99,20.00,45.00,16.00,300,,15.00,40.00,12.00,Envío estándar,Entrega en 2 a 5 días hábiles,Envío express,Entrega en 24 horas,Envío programado,Elige el día de entrega,,
1203,mi-tienda,MITI-130702,La Libertad,Pacasmayo,Guadalupe,130702,0,99.99,30.00,55.00,24.00,100,199.99,25.00,50.00,20.00,200,299.99,20.00,45.00,16.00,300,,15.00,40.00,12.00,Envío estándar,Entrega en 2 a 5 días hábiles,Envío express,Entrega en 24 horas,Envío programado,Elige el día de entrega,,
1204,mi-tienda,MITI-130703,La Libertad,Pacasmayo,Jequetepeque,130703,0,99.99,30.00,55.00,24.00,100,199.99,25.00,50.00,20.00,200,299.99,20.00,45.00,16.00,300,,15.00,40.00,12.00,Envío estándar,Entrega en 2 a 5 días hábiles,Envío express,Entrega en 24 horas,Envío programado,Elige el día de entrega,,
1205,mi-tienda,MITI-130704,La Libertad,Pacasmayo,Pacasmayo,130704,0,99.99,30.00,55.00,24.00,100,199.99,25.00,50.00,20.00,200,299.99,20.00,45.00,16.00,300,,15.00,40.00,12.00,Envío estándar,Entrega en 2 a 5 días hábiles,Envío express,Entrega en 24 horas,Envío programado,Elige el día de entrega,,
1206,mi-tienda,MITI-130705,La Libertad,Pacasmayo,San Jose,130705,0,99.99,30.00,55.00,24.00,100,199.99,25.00,50.00,20.00,200,299.99,20.00,45.00,16.00,300,,15.00,40.00,12.00,Envío estándar,Entrega en 2 a 5 días hábiles,Envío express,Entrega en 24 horas,Envío programado,Elige el día de entrega,,
1207,mi-tienda,MITI-130801,La Libertad,Pataz,Tayabamba,130801,0,99.99,30.00,55.00,24.00,100,199.99,25.00,50.00,20.00,200,299.99,20.00,45.00,16.00,300,,15.00,40.00,12.00,Envío estándar,Entrega en 2 a 5 días hábiles,Envío express,Entrega en 24 horas,Envío programado,Elige el día de entrega,,
1208,mi-tienda,MITI-130802,La Libertad,Pataz,Buldibuyo,130802,0,99.99,30.00,55.00,24.00,100,199.99,25.00,50.00,20.00,200,299.99,20.00,45.00,16.00,300,,15.00,40.00,12.00,Envío estándar,Entrega en 2 a 5 días hábiles,Envío express,Entrega en 24 horas,Envío programado,Elige el día de entrega,,
1209,mi-tienda,MITI-130803,La Libertad,Pataz,Chillia,130803,0,99.99,30.00,55.00,24.00,100,199.99,25.00,50.00,20.00,200,299.99,20.00,45.00,16.00,300,,15.00,40.00,12.00,Envío estándar,Entrega en 2 a 5 días hábiles,Envío express,Entrega en 24 horas,Envío programado,Elige el día de entrega,,
1210,mi-tienda,MITI-130804,La Libertad,Pataz,Huancaspata,130804,0,99.99,30.00,55.00,24.00,100,199.99,25.00,50.00,20.00,200,299.99,20.00,45.00,16.00,300,,15.00,40.00,12.00,Envío estándar,Entrega en 2 a 5 días hábiles,Envío express,Entrega en 24 horas,Envío programado,Elige el día de entrega,,
1211,mi-tienda,MITI-130805,La Libertad,Pataz,Huaylillas,130805,0,99.99,30.00,55.00,24.00,100,199.99,25.00,50.00,20.00,200,299.99,20.00,45.00,16.00,300,,15.00,40.00,12.00,Envío estándar,Entrega en 2 a 5 días hábiles,Envío express,Entrega en 24 horas,Envío programado,Elige el día de entrega,,
1212,mi-tienda,MITI-130806,La Libertad,Pataz,Huayo,130806,0,99.99,30.00,55.00,24.00,100,199.99,25.00,50.00,20.00,200,299.99,20.00,45.00,16.00,300,,15.00,40.00,12.00,Envío estándar,Entrega en 2 a 5 días hábiles,Envío express,Entrega en 24 horas,Envío programado,Elige el día de entrega,,
1213,mi-tienda,MITI-130807,La Libertad,Pataz,Ongon,130807,0,99.99,30.00,55.00,24.00,100,199.99,25.00,50.00,20.00,200,299.99,20.00,45.00,16.00,300,,15.00,40.00,12.00,Envío estándar,Entrega en 2 a 5 días hábiles,Envío express,Entrega en 24 horas,Envío programado,Elige el día de entrega,,
1214,mi-tienda,MITI-130808,La Libertad,Pataz,Parcoy,130808,0,99.99,30.00,55.00,24.00,100,199.99,25.00,50.00,20.00,200,299.99,20.00,45.00,16.00,300,,15.00,40.00,12.00,Envío estándar,Entrega en 2 a 5 días hábiles,Envío express,Entrega en 24 horas,Envío programado,Elige el día de entrega,,
1215,mi-tienda,MITI-130809,La Libertad,Pataz,Pataz,130809,0,99.99,30.00,55.00,24.00,100,199.99,25.00,50.00,20.00,200,299.99,20.00,45.00,16.00,300,,15.00,40.00,12.00,Envío estándar,Entrega en 2 a 5 días hábiles,Envío express,Entrega en 24 horas,Envío programado,Elige el día de entrega,,
1216,mi-tienda,MITI-130810,La Libertad,Pataz,Pias,130810,0,99.99,30.00,55.00,24.00,100,199.99,25.00,50.00,20.00,200,299.99,20.00,45.00,16.00,300,,15.00,40.00,12.00,Envío estándar,Entrega en 2 a 5 días hábiles,Envío express,Entrega en 24 horas,Envío programado,Elige el día de entrega,,
1217,mi-tienda,MITI-130811,La Libertad,Pataz,Santiago de Challas,130811,0,99.99,30.00,55.00,24.00,100,199.99,25.00,50.00,20.00,200,299.99,20.00,45.00,16.00,300,,15.00,40.00,12.00,Envío estándar,Entrega en 2 a 5 días hábiles,Envío express,Entrega en 24 horas,Envío programado,Elige el día de entrega,,
1218,mi-tienda,MITI-130812,La Libertad,Pataz,Taurija,130812,0,99.99,30.00,55.00,24.00,100,199.99,25.00,50.00,20.00,200,299.99,20.00,45.00,16.00,300,,15.00,40.00,12.00,Envío estándar,Entrega en 2 a 5 días hábiles,Envío express,Entrega en 24 horas,Envío programado,Elige el día de entrega,,
1219,mi-tienda,MITI-130813,La Libertad,Pataz,Urpay,130813,0,99.99,30.00,55.00,24.00,100,199.99,25.00,50.00,20.00,200,299.99,20.00,45.00,16.00,300,,15.00,40.00,12.00,Envío estándar,Entrega en 2 a 5 días hábiles,Envío express,Entrega en 24 horas,Envío programado,Elige el día de entrega,,
1220,mi-tienda,MITI-130901,La Libertad,Sánchez Carrión,Huamachuco,130901,0,99.99,30.00,55.00,24.00,100,199.99,25.00,50.00,20.00,200,299.99,20.00,45.00,16.00,300,,15.00,40.00,12.00,Envío estándar,Entrega en 2 a 5 días hábiles,Envío express,Entrega en 24 horas,Envío programado,Elige el día de entrega,,
1221,mi-tienda,MITI-130902,La Libertad,Sánchez Carrión,Chugay,130902,0,99.99,30.00,55.00,24.00,100,199.99,25.00,50.00,20.00,200,299.99,20.00,45.00,16.00,300,,15.00,40.00,12.00,Envío estándar,Entrega en 2 a 5 días hábiles,Envío express,Entrega en 24 horas,Envío programado,Elige el día de entrega,,
1222,mi-tienda,MITI-130903,La Libertad,Sánchez Carrión,Cochorco,130903,0,99.99,30.00,55.00,24.00,100,199.99,25.00,50.00,20.00,200,299.99,20.00,45.00,16.00,300,,15.00,40.00,12.00,Envío estándar,Entrega en 2 a 5 días hábiles,Envío express,Entrega en 24 horas,Envío programado,Elige el día de entrega,,
1223,mi-tienda,MITI-130904,La Libertad,Sánchez Carrión,Curgos,130904,0,99.99,30.00,55.00,24.00,100,199.99,25.00,50.00,20.00,200,299.99,20.00,45.00,16.00,300,,15.00,40.00,12.00,Envío estándar,Entrega en 2 a 5 días hábiles,Envío express,Entrega en 24 horas,Envío programado,Elige el día de entrega,,
1224,mi-tienda,MITI-130905,La Libertad,Sánchez Carrión,Marcabal,130905,0,99.99,30.00,55.00,24.00,100,199.99,25.00,50.00,20.00,200,299.99,20.00,45.00,16.00,300,,15.00,40.00,12.00,Envío estándar,Entrega en 2 a 5 días hábiles,Envío express,Entrega en 24 horas,Envío programado,Elige el día de entrega,,
1225,mi-tienda,MITI-130906,La Libertad,Sánchez Carrión,Sanagoran,130906,0,99.99,30.00,55.00,24.00,100,199.99,25.00,50.00,20.00,200,299.99,20.00,45.00,16.00,300,,15.00,40.00,12.00,Envío estándar,Entrega en 2 a 5 días hábiles,Envío express,Entrega en 24 horas,Envío programado,Elige el día de entrega,,
1226,mi-tienda,MITI-130907,La Libertad,Sánchez Carrión,Sarin,130907,0,99.99,30.00,55.00,24.00,100,199.99,25.00,50.00,20.00,200,299.99,20.00,45.00,16.00,300,,15.00,40.00,12.00,Envío estándar,Entrega en 2 a 5 días hábiles,Envío express,Entrega en 24 horas,Envío programado,Elige el día de entrega,,
1227,mi-tienda,MITI-130908,La Libertad,Sánchez Carrión,Sartimbamba,130908,0,99.99,30.00,55.00,24.00,100,199.99,25.00,50.00,20.00,200,299.99,20.00,45.00,16.00,300,,15.00,40.00,12.00,Envío estándar,Entrega en 2 a 5 días hábiles,Envío express,Entrega en 24 horas,Envío programado,Elige el día de entrega,,
1228,mi-tienda,MITI-131001,La Libertad,Santiago de Chuco,Santiago de Chuco,131001,0,99.99,30.00,55.00,24.00,100,199.99,25.00,50.00,20.00,200,299.99,20.00,45.00,16.00,300,,15.00,40.00,12.00,Envío estándar,Entrega en 2 a 5 días hábiles,Envío express,Entrega en 24 horas,Envío programado,Elige el día de entrega,,
1229,mi-tienda,MITI-131002,La Libertad,Santiago de Chuco,Angasmarca,131002,0,99.99,30.00,55.00,24.00,100,199.99,25.00,50.00,20.00,200,299.99,20.00,45.00,16.00,300,,15.00,40.00,12.00,Envío estándar,Entrega en 2 a 5 días hábiles,Envío express,Entrega en 24 horas,Envío programado,Elige el día de entrega,,
1230,mi-tienda,MITI-131003,La Libertad,Santiago de Chuco,Cachicadan,131003,0,99.99,30.00,55.00,24.00,100,199.99,25.00,50.00,20.00,200,299.99,20.00,45.00,16.00,300,,15.00,40.00,12.00,Envío estándar,Entrega en 2 a 5 días hábiles,Envío express,Entrega en 24 horas,Envío programado,Elige el día de entrega,,
1231,mi-tienda,MITI-131004,La Libertad,Santiago de Chuco,Mollebamba,131004,0,99.99,30.00,55.00,24.00,100,199.99,25.00,50.00,20.00,200,299.99,20.00,45.00,16.00,300,,15.00,40.00,12.00,Envío estándar,Entrega en 2 a 5 días hábiles,Envío express,Entrega en 24 horas,Envío programado,Elige el día de entrega,,
1232,mi-tienda,MITI-131005,La Libertad,Santiago de Chuco,Mollepata,131005,0,99.99,30.00,55.00,24.00,100,199.99,25.00,50.00,20.00,200,299.99,20.00,45.00,16.00,300,,15.00,40.00,12.00,Envío estándar,Entrega en 2 a 5 días hábiles,Envío express,Entrega en 24 horas,Envío programado,Elige el día de entrega,,
1233,mi-tienda,MITI-131006,La Libertad,Santiago de Chuco,Quiruvilca,131006,0,99.99,30.00,55.00,24.00,100,199.99,25.00,50.00,20.00,200,299.99,20.00,45.00,16.00,300,,15.00,40.00,12.00,Envío estándar,Entrega en 2 a 5 días hábiles,Envío express,Entrega en 24 horas,Envío programado,Elige el día de entrega,,
1234,mi-tienda,MITI-131007,La Libertad,Santiago de Chuco,Santa Cruz de Chuca,131007,0,99.99,30.00,55.00,24.00,100,199.99,25.00,50.00,20.00,200,299.99,20.00,45.00,16.00,300,,15.00,40.00,12.00,Envío estándar,Entrega en 2 a 5 días hábiles,Envío express,Entrega en 24 horas,Envío programado,Elige el día de entrega,,
1235,mi-tienda,MITI-131008,La Libertad,Santiago de Chuco,Sitabamba,131008,0,99.99,30.00,55.00,24.00,100,199.99,25.00,50.00,20.00,200,299.99,20.00,45.00,16.00,300,,15.00,40.00,12.00,Envío estándar,Entrega en 2 a 5 días hábiles,Envío express,Entrega en 24 horas,Envío programado,Elige el día de entrega,,
1236,mi-tienda,MITI-131101,La Libertad,Gran Chimú,Cascas,131101,0,99.99,30.00,55.00,24.00,100,199.99,25.00,50.00,20.00,200,299.99,20.00,45.00,16.00,300,,15.00,40.00,12.00,Envío estándar,Entrega en 2 a 5 días hábiles,Envío express,Entrega en 24 horas,Envío programado,Elige el día de entrega,,
1237,mi-tienda,MITI-131102,La Libertad,Gran Chimú,Lucma,131102,0,99.99,30.00,55.00,24.00,100,199.99,25.00,50.00,20.00,200,299.99,20.00,45.00,16.00,300,,15.00,40.00,12.00,Envío estándar,Entrega en 2 a 5 días hábiles,Envío express,Entrega en 24 horas,Envío programado,Elige el día de entrega,,
1238,mi-tienda,MITI-131103,La Libertad,Gran Chimú,Compin,131103,0,99.99,30.00,55.00,24.00,100,199.99,25.00,50.00,20.00,200,299.99,20.00,45.00,16.00,300,,15.00,40.00,12.00,Envío estándar,Entrega en 2 a 5 días hábiles,Envío express,Entrega en 24 horas,Envío programado,Elige el día de entrega,,
1239,mi-tienda,MITI-131104,La Libertad,Gran Chimú,Sayapullo,131104,0,99.99,30.00,55.00,24.00,100,199.99,25.00,50.00,20.00,200,299.99,20.00,45.00,16.00,300,,15.00,40.00,12.00,Envío estándar,Entrega en 2 a 5 días hábiles,Envío express,Entrega en 24 horas,Envío programado,Elige el día de entrega,,
1240,mi-tienda,MITI-131201,La Libertad,Virú,Virú,131201,0,99.99,30.00,55.00,24.00,100,199.99,25.00,50.00,20.00,200,299.99,20.00,45.00,16.00,300,,15.00,40.00,12.00,Envío estándar,Entrega en 2 a 5 días hábiles,Envío express,Entrega en 24 horas,Envío programado,Elige el día de entrega,,
1241,mi-tienda,MITI-131202,La Libertad,Virú,Chao,131202,0,99.99,30.00,55.00,24.00,100,199.99,25.00,50.00,20.00,200,299.99,20.00,45.00,16.00,300,,15.00,40.00,12.00,Envío estándar,Entrega en 2 a 5 días hábiles,Envío express,Entrega en 24 horas,Envío programado,Elige el día de entrega,,
1242,mi-tienda,MITI-131203,La Libertad,Virú,Guadalupito,131203,0,99.99,30.00,55.00,24.00,100,199.99,25.00,50.00,20.00,200,299.99,20.00,45.00,16.00,300,,15.00,40.00,12.00,Envío estándar,Entrega en 2 a 5 días hábiles,Envío express,Entrega en 24 horas,Envío programado,Elige el día de entrega,,
1243,mi-tienda,MITI-140101,Lambayeque,Chiclayo,Chiclayo,140101,0,99.99,30.00,55.00,24.00,100,199.99,25.00,50.00,20.00,200,299.99,20.00,45.00,16.00,300,,15.00,40.00,12.00,Envío estándar,Entrega en 2 a 5 días hábiles,Envío express,Entrega en 24 horas,Envío programado,Elige el día de entrega,,
1244,mi-tienda,MITI-140102,Lambayeque,Chiclayo,Chongoyape,140102,0,99.99,30.00,55.00,24.00,100,199.99,25.00,50.00,20.00,200,299.99,20.00,45.00,16.00,300,,15.00,40.00,12.00,Envío estándar,Entrega en 2 a 5 días hábiles,Envío express,Entrega en 24 horas,Envío programado,Elige el día de entrega,,
1245,mi-tienda,MITI-140103,Lambayeque,Chiclayo,Eten,140103,0,99.99,30.00,55.00,24.00,100,199.99,25.00,50.00,20.00,200,299.99,20.00,45.00,16.00,300,,15.00,40.00,12.00,Envío estándar,Entrega en 2 a 5 días hábiles,Envío express,Entrega en 24 horas,Envío programado,Elige el día de entrega,,
1246,mi-tienda,MITI-140104,Lambayeque,Chiclayo,Eten Puerto,140104,0,99.99,30.00,55.00,24.00,100,199.99,25.00,50.00,20.00,200,299.99,20.00,45.00,16.00,300,,15.00,40.00,12.00,Envío estándar,Entrega en 2 a 5 días hábiles,Envío express,Entrega en 24 horas,Envío programado,Elige el día de entrega,,
1247,mi-tienda,MITI-140105,Lambayeque,Chiclayo,Jose Leonardo Ortiz,140105,0,99.99,30.00,55.00,24.00,100,199.99,25.00,50.00,20.00,200,299.99,20.00,45.00,16.00,300,,15.00,40.00,12.00,Envío estándar,Entrega en 2 a 5 días hábiles,Envío express,Entrega en 24 horas,Envío programado,Elige el día de entrega,,
1248,mi-tienda,MITI-140106,Lambayeque,Chiclayo,La Victoria,140106,0,99.99,30.00,55.00,24.00,100,199.99,25.00,50.00,20.00,200,299.99,20.00,45.00,16.00,300,,15.00,40.00,12.00,Envío estándar,Entrega en 2 a 5 días hábiles,Envío express,Entrega en 24 horas,Envío programado,Elige el día de entrega,,
1249,mi-tienda,MITI-140107,Lambayeque,Chiclayo,Lagunas,140107,0,99.99,30.00,55.00,24.00,100,199.99,25.00,50.00,20.00,200,299.99,20.00,45.00,16.00,300,,15.00,40.00,12.00,Envío estándar,Entrega en 2 a 5 días hábiles,Envío express,Entrega en 24 horas,Envío programado,Elige el día de entrega,,
1250,mi-tienda,MITI-140108,Lambayeque,Chiclayo,Monsefu,140108,0,99.99,30.00,55.00,24.00,100,199.99,25.00,50.00,20.00,200,299.99,20.00,45.00,16.00,300,,15.00,40.00,12.00,Envío estándar,Entrega en 2 a 5 días hábiles,Envío express,Entrega en 24 horas,Envío programado,Elige el día de entrega,,
1251,mi-tienda,MITI-140109,Lambayeque,Chiclayo,Nueva Arica,140109,0,99.99,30.00,55.00,24.00,100,199.99,25.00,50.00,20.00,200,299.99,20.00,45.00,16.00,300,,15.00,40.00,12.00,Envío estándar,Entrega en 2 a 5 días hábiles,Envío express,Entrega en 24 horas,Envío programado,Elige el día de entrega,,
1252,mi-tienda,MITI-140110,Lambayeque,Chiclayo,Oyotun,140110,0,99.99,30.00,55.00,24.00,100,199.99,25.00,50.00,20.00,200,299.99,20.00,45.00,16.00,300,,15.00,40.00,12.00,Envío estándar,Entrega en 2 a 5 días hábiles,Envío express,Entrega en 24 horas,Envío programado,Elige el día de entrega,,
1253,mi-tienda,MITI-140111,Lambayeque,Chiclayo,Picsi,140111,0,99.99,30.00,55.00,24.00,100,199.99,25.00,50.00,20.00,200,299.99,20.00,45.00,16.00,300,,15.00,40.00,12.00,Envío estándar,Entrega en 2 a 5 días hábiles,Envío express,Entrega en 24 horas,Envío programado,Elige el día de entrega,,
1254,mi-tienda,MITI-140112,Lambayeque,Chiclayo,Pimentel,140112,0,99.99,30.00,55.00,24.00,100,199.99,25.00,50.00,20.00,200,299.99,20.00,45.00,16.00,300,,15.00,40.00,12.00,Envío estándar,Entrega en 2 a 5 días hábiles,Envío express,Entrega en 24 horas,Envío programado,Elige el día de entrega,,
1255,mi-tienda,MITI-140113,Lambayeque,Chiclayo,Reque,140113,0,99.99,30.00,55.00,24.00,100,199.99,25.00,50.00,20.00,200,299.99,20.00,45.00,16.00,300,,15.00,40.00,12.00,Envío estándar,Entrega en 2 a 5 días hábiles,Envío express,Entrega en 24 horas,Envío programado,Elige el día de entrega,,
1256,mi-tienda,MITI-140114,Lambayeque,Chiclayo,Santa Rosa,140114,0,99.99,30.00,55.00,24.00,100,199.99,25.00,50.00,20.00,200,299.99,20.00,45.00,16.00,300,,15.00,40.00,12.00,Envío estándar,Entrega en 2 a 5 días hábiles,Envío express,Entrega en 24 horas,Envío programado,Elige el día de entrega,,
1257,mi-tienda,MITI-140115,Lambayeque,Chiclayo,Saña,140115,0,99.99,30.00,55.00,24.00,100,199.99,25.00,50.00,20.00,200,299.99,20.00,45.00,16.00,300,,15.00,40.00,12.00,Envío estándar,Entrega en 2 a 5 días hábiles,Envío express,Entrega en 24 horas,Envío programado,Elige el día de entrega,,
1258,mi-tienda,MITI-140116,Lambayeque,Chiclayo,Cayalti,140116,0,99.99,30.00,55.00,24.00,100,199.99,25.00,50.00,20.00,200,299.99,20.00,45.00,16.00,300,,15.00,40.00,12.00,Envío estándar,Entrega en 2 a 5 días hábiles,Envío express,Entrega en 24 horas,Envío programado,Elige el día de entrega,,
1259,mi-tienda,MITI-140117,Lambayeque,Chiclayo,Patapo,140117,0,99.99,30.00,55.00,24.00,100,199.99,25.00,50.00,20.00,200,299.99,20.00,45.00,16.00,300,,15.00,40.00,12.00,Envío estándar,Entrega en 2 a 5 días hábiles,Envío express,Entrega en 24 horas,Envío programado,Elige el día de entrega,,
1260,mi-tienda,MITI-140118,Lambayeque,Chiclayo,Pomalca,140118,0,99.99,30.00,55.00,24.00,100,199.99,25.00,50.00,20.00,200,299.99,20.00,45.00,16.00,300,,15.00,40.00,12.00,Envío estándar,Entrega en 2 a 5 días hábiles,Envío express,Entrega en 24 horas,Envío programado,Elige el día de entrega,,
1261,mi-tienda,MITI-140119,Lambayeque,Chiclayo,Pucala,140119,0,99.99,30.00,55.00,24.00,100,199.99,25.00,50.00,20.00,200,299.99,20.00,45.00,16.00,300,,15.00,40.00,12.00,Envío estándar,Entrega en 2 a 5 días hábiles,Envío express,Entrega en 24 horas,Envío programado,Elige el día de entrega,,
1262,mi-tienda,MITI-140120,Lambayeque,Chiclayo,Tuman,140120,0,99.99,30.00,55.00,24.00,100,199.99,25.00,50.00,20.00,200,299.99,20.00,45.00,16.00,300,,15.00,40.00,12.00,Envío estándar,Entrega en 2 a 5 días hábiles,Envío express,Entrega en 24 horas,Envío programado,Elige el día de entrega,,
1263,mi-tienda,MITI-140201,Lambayeque,Ferreñafe,Ferreñafe,140201,0,99.99,30.00,55.00,24.00,100,199.99,25.00,50.00,20.00,200,299.99,20.00,45.00,16.00,300,,15.00,40.00,12.00,Envío estándar,Entrega en 2 a 5 días hábiles,Envío express,Entrega en 24 horas,Envío programado,Elige el día de entrega,,
1264,mi-tienda,MITI-140202,Lambayeque,Ferreñafe,Cañaris,140202,0,99.99,30.00,55.00,24.00,100,199.99,25.00,50.00,20.00,200,299.99,20.00,45.00,16.00,300,,15.00,40.00,12.00,Envío estándar,Entrega en 2 a 5 días hábiles,Envío express,Entrega en 24 horas,Envío programado,Elige el día de entrega,,
1265,mi-tienda,MITI-140203,Lambayeque,Ferreñafe,Incahuasi,140203,0,99.99,30.00,55.00,24.00,100,199.99,25.00,50.00,20.00,200,299.99,20.00,45.00,16.00,300,,15.00,40.00,12.00,Envío estándar,Entrega en 2 a 5 días hábiles,Envío express,Entrega en 24 horas,Envío programado,Elige el día de entrega,,
1266,mi-tienda,MITI-140204,Lambayeque,Ferreñafe,Manuel Antonio Mesones Muro,140204,0,99.99,30.00,55.00,24.00,100,199.99,25.00,50.00,20.00,200,299.99,20.00,45.00,16.00,300,,15.00,40.00,12.00,Envío estándar,Entrega en 2 a 5 días hábiles,Envío express,Entrega en 24 horas,Envío programado,Elige el día de entrega,,
1267,mi-tienda,MITI-140205,Lambayeque,Ferreñafe,Pitipo,140205,0,99.99,30.00,55.00,24.00,100,199.99,25.00,50.00,20.00,200,299.99,20.00,45.00,16.00,300,,15.00,40.00,12.00,Envío estándar,Entrega en 2 a 5 días hábiles,Envío express,Entrega en 24 horas,Envío programado,Elige el día de entrega,,
1268,mi-tienda,MITI-140206,Lambayeque,Ferreñafe,Pueblo Nuevo,140206,0,99.99,30.00,55.00,24.00,100,199.99,25.00,50.00,20.00,200,299.99,20.00,45.00,16.00,300,,15.00,40.00,12.00,Envío estándar,Entrega en 2 a 5 días hábiles,Envío express,Entrega en 24 horas,Envío programado,Elige el día de entrega,,
1269,mi-tienda,MITI-140301,Lambayeque,Lambayeque,Lambayeque,140301,0,99.99,30.00,55.00,24.00,100,199.99,25.00,50.00,20.00,200,299.99,20.00,45.00,16.00,300,,15.00,40.00,12.00,Envío estándar,Entrega en 2 a 5 días hábiles,Envío express,Entrega en 24 horas,Envío programado,Elige el día de entrega,,
1270,mi-tienda,MITI-140302,Lambayeque,Lambayeque,Chochope,140302,0,99.99,30.00,55.00,24.00,100,199.99,25.00,50.00,20.00,200,299.99,20.00,45.00,16.00,300,,15.00,40.00,12.00,Envío estándar,Entrega en 2 a 5 días hábiles,Envío express,Entrega en 24 horas,Envío programado,Elige el día de entrega,,
1271,mi-tienda,MITI-140303,Lambayeque,Lambayeque,Illimo,140303,0,99.99,30.00,55.00,24.00,100,199.99,25.00,50.00,20.00,200,299.99,20.00,45.00,16.00,300,,15.00,40.00,12.00,Envío estándar,Entrega en 2 a 5 días hábiles,Envío express,Entrega en 24 horas,Envío programado,Elige el día de entrega,,
1272,mi-tienda,MITI-140304,Lambayeque,Lambayeque,Jayanca,140304,0,99.99,30.00,55.00,24.00,100,199.99,25.00,50.00,20.00,200,299.99,20.00,45.00,16.00,300,,15.00,40.00,12.00,Envío estándar,Entrega en 2 a 5 días hábiles,Envío express,Entrega en 24 horas,Envío programado,Elige el día de entrega,,
1273,mi-tienda,MITI-140305,Lambayeque,Lambayeque,Mochumi,140305,0,99.99,30.00,55.00,24.00,100,199.99,25.00,50.00,20.00,200,299.99,20.00,45.00,16.00,300,,15.00,40.00,12.00,Envío estándar,Entrega en 2 a 5 días hábiles,Envío express,Entrega en 24 horas,Envío programado,Elige el día de entrega,,
1274,mi-tienda,MITI-140306,Lambayeque,Lambayeque,Morrope,140306,0,99.99,30.00,55.00,24.00,100,199.99,25.00,50.00,20.00,200,299.99,20.00,45.00,16.00,300,,15.00,40.00,12.00,Envío estándar,Entrega en 2 a 5 días hábiles,Envío express,Entrega en 24 horas,Envío programado,Elige el día de entrega,,
1275,mi-tienda,MITI-140307,Lambayeque,Lambayeque,Motupe,140307,0,99.99,30.00,55.00,24.00,100,199.99,25.00,50.00,20.00,200,299.99,20.00,45.00,16.00,300,,15.00,40.00,12.00,Envío estándar,Entrega en 2 a 5 días hábiles,Envío express,Entrega en 24 horas,Envío programado,Elige el día de entrega,,
1276,mi-tienda,MITI-140308,Lambayeque,Lambayeque,Olmos,140308,0,99.99,30.00,55.00,24.00,100,199.99,25.00,50.00,20.00,200,299.99,20.00,45.00,16.00,300,,15.00,40.00,12.00,Envío estándar,Entrega en 2 a 5 días hábiles,Envío express,Entrega en 24 horas,Envío programado,Elige el día de entrega,,
1277,mi-tienda,MITI-140309,Lambayeque,Lambayeque,Pacora,140309,0,99.99,30.00,55.00,24.00,100,199.99,25.00,50.00,20.00,200,299.99,20.00,45.00,16.00,300,,15.00,40.00,12.00,Envío estándar,Entrega en 2 a 5 días hábiles,Envío express,Entrega en 24 horas,Envío programado,Elige el día de entrega,,
1278,mi-tienda,MITI-140310,Lambayeque,Lambayeque,Salas,140310,0,99.99,30.00,55.00,24.00,100,199.99,25.00,50.00,20.00,200,299.99,20.00,45.00,16.00,300,,15.00,40.00,12.00,Envío estándar,Entrega en 2 a 5 días hábiles,Envío express,Entrega en 24 horas,Envío programado,Elige el día de entrega,,
1279,mi-tienda,MITI-140311,Lambayeque,Lambayeque,San Jose,140311,0,99.99,30.00,55.00,24.00,100,199.99,25.00,50.00,20.00,200,299.99,20.00,45.00,16.00,300,,15.00,40.00,12.00,Envío estándar,Entrega en 2 a 5 días hábiles,Envío express,Entrega en 24 horas,Envío programado,Elige el día de entrega,,
1280,mi-tienda,MITI-140312,Lambayeque,Lambayeque,Tucume,140312,0,99.99,30.00,55.00,24.00,100,199.99,25.00,50.00,20.00,200,299.99,20.00,45.00,16.00,300,,15.00,40.00,12.00,Envío estándar,Entrega en 2 a 5 días hábiles,Envío express,Entrega en 24 horas,Envío programado,Elige el día de entrega,,
1281,mi-tienda,MITI-150101,Lima,Lima,Lima,150101,0,99.99,15.00,25.00,12.00,100,199.99,10.00,20.00,8.00,200,299.99,5.00,15.00,4.00,300,,GRATIS,12.00,0.00,Envío estándar,Entrega en 2 a 5 días hábiles,Envío express,Entrega en 24 horas,Envío programado,Elige el día de entrega,Recojo en tienda,Sin costo de envío
1282,mi-tienda,MITI-150102,Lima,Lima,Ancón,150102,0,99.99,15.00,25.00,12.00,100,199.99,10.00,20.00,8.00,200,299.99,5.00,15.00,4.00,300,,GRATIS,12.00,0.00,Envío estándar,Entrega en 2 a 5 días hábiles,Envío express,Entrega en 24 horas,Envío programado,Elige el día de entrega,Recojo en tienda,Sin costo de envío
1283,mi-tienda,MITI-150103,Lima,Lima,Ate,150103,0,99.99,15.00,25.00,12.00,100,199.99,10.00,20.00,8.00,200,299.99,5.00,15.00,4.00,300,,GRATIS,12.00,0.00,Envío estándar,Entrega en 2 a 5 días hábiles,Envío express,Entrega en 24 horas,Envío programado,Elige el día de entrega,Recojo en tienda,Sin costo de envío
1284,mi-tienda,MITI-150104,Lima,Lima,Barranco,150104,0,99.99,15.00,25.00,12.00,100,199.99,10.00,20.00,8.00,200,299.99,5.00,15.00,4.00,300,,GRATIS,12.00,0.00,Envío estándar,Entrega en 2 a 5 días hábiles,Envío express,Entrega en 24 horas,Envío programado,Elige el día de entrega,Recojo en tienda,Sin costo de envío
1285,mi-tienda,MITI-150105,Lima,Lima,Breña,150105,0,99.99,15.00,25.00,12.00,100,199.99,10.00,20.00,8.00,200,299.99,5.00,15.00,4.00,300,,GRATIS,12.00,0.00,Envío estándar,Entrega en 2 a 5 días hábiles,Envío express,Entrega en 24 horas,Envío programado,Elige el día de entrega,Recojo en tienda,Sin costo de envío
1286,mi-tienda,MITI-150106,Lima,Lima,Carabayllo,150106,0,99.99,15.00,25.00,12.00,100,199.99,10.00,20.00,8.00,200,299.99,5.00,15.00,4.00,300,,GRATIS,12.00,0.00,Envío estándar,Entrega en 2 a 5 días hábiles,Envío express,Entrega en 24 horas,Envío programado,Elige el día de entrega,Recojo en tienda,Sin costo de envío
1287,mi-tienda,MITI-150107,Lima,Lima,Chaclacayo,150107,0,99.99,15.00,25.00,12.00,100,199.99,10.00,20.00,8.00,200,299.99,5.00,15.00,4.00,300,,GRATIS,12.00,0.00,Envío estándar,Entrega en 2 a 5 días hábiles,Envío express,Entrega en 24 horas,Envío programado,Elige el día de entrega,Recojo en tienda,Sin costo de envío
1288,mi-tienda,MITI-150108,Lima,Lima,Chorrillos,150108,0,99.99,15.00,25.00,12.00,100,199.99,10.00,20.00,8.00,200,299.99,5.00,15.00,4.00,300,,GRATIS,12.00,0.00,Envío estándar,Entrega en 2 a 5 días hábiles,Envío express,Entrega en 24 horas,Envío programado,Elige el día de entrega,Recojo en tienda,Sin costo de envío
1289,mi-tienda,MITI-150109,Lima,Lima,Cieneguilla,150109,0,99.99,15.00,25.00,12.00,100,199.99,10.00,20.00,8.00,200,299.99,5.00,15.00,4.00,300,,GRATIS,12.00,0.00,Envío estándar,Entrega en 2 a 5 días hábiles,Envío express,Entrega en 24 horas,Envío programado,Elige el día de entrega,Recojo en tienda,Sin costo de envío
1290,mi-tienda,MITI-150110,Lima,Lima,Comas,150110,0,99.99,15.00,25.00,12.00,100,199.99,10.00,20.00,8.00,200,299.99,5.00,15.00,4.00,300,,GRATIS,12.00,0.00,Envío estándar,Entrega en 2 a 5 días hábiles,Envío express,Entrega en 24 horas,Envío programado,Elige el día de entrega,Recojo en tienda,Sin costo de envío
1291,mi-tienda,MITI-150111,Lima,Lima,El Agustino,150111,0,99.99,15.00,25.00,12.00,100,199.99,10.00,20.00,8.00,200,299.99,5.00,15.00,4.00,300,,GRATIS,12.00,0.00,Envío estándar,Entrega en 2 a 5 días hábiles,Envío express,Entrega en 24 horas,Envío programado,Elige el día de entrega,Recojo en tienda,Sin costo de envío
1292,mi-tienda,MITI-150112,Lima,Lima,Independencia,150112,0,99.99,15.00,25.00,12.00,100,199.99,10.00,20.00,8.00,200,299.99,5.00,15.00,4.00,300,,GRATIS,12.00,0.00,Envío estándar,Entrega en 2 a 5 días hábiles,Envío express,Entrega en 24 horas,Envío programado,Elige el día de entrega,Recojo en tienda,Sin costo de envío
1293,mi-tienda,MITI-150113,Lima,Lima,Jesus Maria,150113,0,99.99,15.00,25.00,12.00,100,199.99,10.00,20.00,8.00,200,299.99,5.00,15.00,4.00,300,,GRATIS,12.00,0.00,Envío estándar,Entrega en 2 a 5 días hábiles,Envío express,Entrega en 24 horas,Envío programado,Elige el día de entrega,Recojo en tienda,Sin costo de envío
1294,mi-tienda,MITI-150114,Lima,Lima,La Molina,150114,0,99.99,15.00,25.00,12.00,100,199.99,10.00,20.00,8.00,200,299.99,5.00,15.00,4.00,300,,GRATIS,12.00,0.00,Envío estándar,Entrega en 2 a 5 días hábiles,Envío express,Entrega en 24 horas,Envío programado,Elige el día de entrega,Recojo en tienda,Sin costo de envío
1295,mi-tienda,MITI-150115,Lima,Lima,La Victoria,150115,0,99.99,15.00,25.00,12.00,100,199.99,10.00,20.00,8.00,200,299.99,5.00,15.00,4.00,300,,GRATIS,12.00,0.00,Envío estándar,Entrega en 2 a 5 días hábiles,Envío express,Entrega en 24 horas,Envío programado,Elige el día de entrega,Recojo en tienda,Sin costo de envío
1296,mi-tienda,MITI-150116,Lima,Lima,Lince,150116,0,99.99,15.00,25.00,12.00,100,199.99,10.00,20.00,8.00,200,299.99,5.00,15.00,4.00,300,,GRATIS,12.00,0.00,Envío estándar,Entrega en 2 a 5 días hábiles,Envío express,Entrega en 24 horas,Envío programado,Elige el día de entrega,Recojo en tienda,Sin costo de envío
1297,mi-tienda,MITI-150117,Lima,Lima,Los Olivos,150117,0,99.99,15.00,25.00,12.00,100,199.99,10.00,20.00,8.00,200,299.99,5.00,15.00,4.00,300,,GRATIS,12.00,0.00,Envío estándar,Entrega en 2 a 5 días hábiles,Envío express,Entrega en 24 horas,Envío programado,Elige el día de entrega,Recojo en tienda,Sin costo de envío
1298,mi-tienda,MITI-150118,Lima,Lima,Lurigancho,150118,0,99.99,15.00,25.00,12.00,100,199.99,10.00,20.00,8.00,200,299.99,5.00,15.00,4.00,300,,GRATIS,12.00,0.00,Envío estándar,Entrega en 2 a 5 días hábiles,Envío express,Entrega en 24 horas,Envío programado,Elige el día de entrega,Recojo en tienda,Sin costo de envío
1299,mi-tienda,MITI-150119,Lima,Lima,Lurin,150119,0,99.99,15.00,25.00,12.00,100,199.99,10.00,20.00,8.00,200,299.99,5.00,15.00,4.00,300,,GRATIS,12.00,0.00,Envío estándar,Entrega en 2 a 5 días hábiles,Envío express,Entrega en 24 horas,Envío programado,Elige el día de entrega,Recojo en tienda,Sin costo de envío
1300,mi-tienda,MITI-150120,Lima,Lima,Magdalena del Mar,150120,0,99.99,15.00,25.00,12.00,100,199.99,10.00,20.00,8.00,200,299.99,5.00,15.00,4.00,300,,GRATIS,12.00,0.00,Envío estándar,Entrega en 2 a 5 días hábiles,Envío express,Entrega en 24 horas,Envío programado,Elige el día de entrega,Recojo en tienda,Sin costo de envío
1301,mi-tienda,MITI-150121,Lima,Lima,Pueblo Libre,150121,0,99.99,15.00,25.00,12.00,100,199.99,10.00,20.00,8.00,200,299.99,5.00,15.00,4.00,300,,GRATIS,12.00,0.00,Envío estándar,Entrega en 2 a 5 días hábiles,Envío express,Entrega en 24 horas,Envío programado,Elige el día de entrega,Recojo en tienda,Sin costo de envío
1302,mi-tienda,MITI-150122,Lima,Lima,Miraflores,150122,0,99.99,15.00,25.00,12.00,100,199.99,10.00,20.00,8.00,200,299.99,5.00,15.00,4.00,300,,GRATIS,12.00,0.00,Envío estándar,Entrega en 2 a 5 días hábiles,Envío express,Entrega en 24 horas,Envío programado,Elige el día de entrega,Recojo en tienda,Sin costo de envío
1303,mi-tienda,MITI-150123,Lima,Lima,Pachacamac,150123,0,99.99,15.00,25.00,12.00,100,199.99,10.00,20.00,8.00,200,299.99,5.00,15.00,4.00,300,,GRATIS,12.00,0.00,Envío estándar,Entrega en 2 a 5 días hábiles,Envío express,Entrega en 24 horas,Envío programado,Elige el día de entrega,Recojo en tienda,Sin costo de envío
1304,mi-tienda,MITI-150124,Lima,Lima,Pucusana,150124,0,99.99,15.00,25.00,12.00,100,199.99,10.00,20.00,8.00,200,299.99,5.00,15.00,4.00,300,,GRATIS,12.00,0.00,Envío estándar,Entrega en 2 a 5 días hábiles,Envío express,Entrega en 24 horas,Envío programado,Elige el día de entrega,Recojo en tienda,Sin costo de envío
1305,mi-tienda,MITI-150125,Lima,Lima,Puente Piedra,150125,0,99.99,15.00,25.00,12.00,100,199.99,10.00,20.00,8.00,200,299.99,5.00,15.00,4.00,300,,GRATIS,12.00,0.00,Envío estándar,Entrega en 2 a 5 días hábiles,Envío express,Entrega en 24 horas,Envío programado,Elige el día de entrega,Recojo en tienda,Sin costo de envío
1306,mi-tienda,MITI-150126,Lima,Lima,Punta Hermosa,150126,0,99.99,15.00,25.00,12.00,100,199.99,10.00,20.00,8.00,200,299.99,5.00,15.00,4.00,300,,GRATIS,12.00,0.00,Envío estándar,Entrega en 2 a 5 días hábiles,Envío express,Entrega en 24 horas,Envío programado,Elige el día de entrega,Recojo en tienda,Sin costo de envío
1307,mi-tienda,MITI-150127,Lima,Lima,Punta Negra,150127,0,99.99,15.00,25.00,12.00,100,199.99,10.00,20.00,8.00,200,299.99,5.00,15.00,4.00,300,,GRATIS,12.00,0.00,Envío estándar,Entrega en 2 a 5 días hábiles,Envío express,Entrega en 24 horas,Envío programado,Elige el día de entrega,Recojo en tienda,Sin costo de envío
1308,mi-tienda,MITI-150128,Lima,Lima,Rímac,150128,0,99.99,15.00,25.00,12.00,100,199.99,10.00,20.00,8.00,200,299.99,5.00,15.00,4.00,300,,GRATIS,12.00,0.00,Envío estándar,Entrega en 2 a 5 días hábiles,Envío express,Entrega en 24 horas,Envío programado,Elige el día de entrega,Recojo en tienda,Sin costo de envío
1309,mi-tienda,MITI-150129,Lima,Lima,San Bartolo,150129,0,99.99,15.00,25.00,12.00,100,199.99,10.00,20.00,8.00,200,299.99,5.00,15.00,4.00,300,,GRATIS,12.00,0.00,Envío estándar,Entrega en 2 a 5 días hábiles,Envío express,Entrega en 24 horas,Envío programado,Elige el día de entrega,Recojo en tienda,Sin costo de envío
1310,mi-tienda,MITI-150130,Lima,Lima,San Borja,150130,0,99.99,15.00,25.00,12.00,100,199.99,10.00,20.00,8.00,200,299.99,5.00,15.00,4.00,300,,GRATIS,12.00,0.00,Envío estándar,Entrega en 2 a 5 días hábiles,Envío express,Entrega en 24 horas,Envío programado,Elige el día de entrega,Recojo en tienda,Sin costo de envío
1311,mi-tienda,MITI-150131,Lima,Lima,San Isidro,150131,0,99.99,15.00,25.00,12.00,100,199.99,10.00,20.00,8.00,200,299.99,5.00,15.00,4.00,300,,GRATIS,12.00,0.00,Envío estándar,Entrega en 2 a 5 días hábiles,Envío express,Entrega en 24 horas,Envío programado,Elige el día de entrega,Recojo en tienda,Sin costo de envío
1312,mi-tienda,MITI-150132,Lima,Lima,San Juan de Lurigancho,150132,0,99.99,15.00,25.00,12.00,100,199.99,10.00,20.00,8.00,200,299.99,5.00,15.00,4.00,300,,GRATIS,12.00,0.00,Envío estándar,Entrega en 2 a 5 días hábiles,Envío express,Entrega en 24 horas,Envío programado,Elige el día de entrega,Recojo en tienda,Sin costo de envío
1313,mi-tienda,MITI-150133,Lima,Lima,San Juan de Miraflores,150133,0,99.99,15.00,25.00,12.00,100,199.99,10.00,20.00,8.00,200,299.99,5.00,15.00,4.00,300,,GRATIS,12.00,0.00,Envío estándar,Entrega en 2 a 5 días hábiles,Envío express,Entrega en 24 horas,Envío programado,Elige el día de entrega,Recojo en tienda,Sin costo de envío
1314,mi-tienda,MITI-150134,Lima,Lima,San Luis,150134,0,99.99,15.00,25.00,12.00,100,199.99,10.00,20.00,8.00,200,299.99,5.00,15.00,4.00,300,,GRATIS,12.00,0.00,Envío estándar,Entrega en 2 a 5 días hábiles,Envío express,Entrega en 24 horas,Envío programado,Elige el día de entrega,Recojo en tienda,Sin costo de envío
1315,mi-tienda,MITI-150135,Lima,Lima,San Martín de Porres,150135,0,99.99,15.00,25.00,12.00,100,199.99,10.00,20.00,8.00,200,299.99,5.00,15.00,4.00,300,,GRATIS,12.00,0.00,Envío estándar,Entrega en 2 a 5 días hábiles,Envío express,Entrega en 24 horas,Envío programado,Elige el día de entrega,Recojo en tienda,Sin costo de envío
1316,mi-tienda,MITI-150136,Lima,Lima,San Miguel,150136,0,99.99,15.00,25.00,12.00,100,199.99,10.00,20.00,8.00,200,299.99,5.00,15.00,4.00,300,,GRATIS,12.00,0.00,Envío estándar,Entrega en 2 a 5 días hábiles,Envío express,Entrega en 24 horas,Envío programado,Elige el día de entrega,Recojo en tienda,Sin costo de envío
1317,mi-tienda,MITI-150137,Lima,Lima,Santa Anita,150137,0,99.99,15.00,25.00,12.00,100,199.99,10.00,20.00,8.00,200,299.99,5.00,15.00,4.00,300,,GRATIS,12.00,0.00,Envío estándar,Entrega en 2 a 5 días hábiles,Envío express,Entrega en 24 horas,Envío programado,Elige el día de entrega,Recojo en tienda,Sin costo de envío
1318,mi-tienda,MITI-150138,Lima,Lima,Santa Maria del Mar,150138,0,99.99,15.00,25.00,12.00,100,199.99,10.00,20.00,8.00,200,299.99,5.00,15.00,4.00,300,,GRATIS,12.00,0.00,Envío estándar,Entrega en 2 a 5 días hábiles,Envío express,Entrega en 24 horas,Envío programado,Elige el día de entrega,Recojo en tienda,Sin costo de envío
1319,mi-tienda,MITI-150139,Lima,Lima,Santa Rosa,150139,0,99.99,15.00,25.00,12.00,100,199.99,10.00,20.00,8.00,200,299.99,5.00,15.00,4.00,300,,GRATIS,12.00,0.00,Envío estándar,Entrega en 2 a 5 días hábiles,Envío express,Entrega en 24 horas,Envío programado,Elige el día de entrega,Recojo en tienda,Sin costo de envío
1320,mi-tienda,MITI-150140,Lima,Lima,Santiago de Surco,150140,0,99.99,15.00,25.00,12.00,100,199.99,10.00,20.00,8.00,200,299.99,5.00,15.00,4.00,300,,GRATIS,12.00,0.00,Envío estándar,Entrega en 2 a 5 días hábiles,Envío express,Entrega en 24 horas,Envío programado,Elige el día de entrega,Recojo en tienda,Sin costo de envío
1321,mi-tienda,MITI-150141,Lima,Lima,Surquillo,150141,0,99.99,15.00,25.00,12.00,100,199.99,10.00,20.00,8.00,200,299.99,5.00,15.00,4.00,300,,GRATIS,12.00,0.00,Envío estándar,Entrega en 2 a 5 días hábiles,Envío express,Entrega en 24 horas,Envío programado,Elige el día de entrega,Recojo en tienda,Sin costo de envío
1322,mi-tienda,MITI-150142,Lima,Lima,Villa El Salvador,150142,0,99.99,15.00,25.00,12.00,100,199.99,10.00,20.00,8.00,200,299.99,5.00,15.00,4.00,300,,GRATIS,12.00,0.00,Envío estándar,Entrega en 2 a 5 días hábiles,Envío express,Entrega en 24 horas,Envío programado,Elige el día de entrega,Recojo en tienda,Sin costo de envío
1323,mi-tienda,MITI-150143,Lima,Lima,Villa Maria del Triunfo,150143,0,99.99,15.00,25.00,12.00,100,199.99,10.00,20.00,8.00,200,299.99,5.00,15.00,4.00,300,,GRATIS,12.00,0.00,Envío estándar,Entrega en 2 a 5 días hábiles,Envío express,Entrega en 24 horas,Envío programado,Elige el día de entrega,Recojo en tienda,Sin costo de envío
1324,mi-tienda,MITI-150201,Lima,Barranca,Barranca,150201,0,99.99,25.00,40.00,20.00,100,199.99,20.00,35.00,16.00,200,299.99,15.00,30.00,12.00,300,,10.00,25.00,8.00,Envío estándar,Entrega en 2 a 5 días hábiles,Envío express,Entrega en 24 horas,Envío programado,Elige el día de entrega,,
1325,mi-tienda,MITI-150202,Lima,Barranca,Paramonga,150202,0,99.99,25.00,40.00,20.00,100,199.99,20.00,35.00,16.00,200,299.99,15.00,30.00,12.00,300,,10.00,25.00,8.00,Envío estándar,Entrega en 2 a 5 días hábiles,Envío express,Entrega en 24 horas,Envío programado,Elige el día de entrega,,
1326,mi-tienda,MITI-150203,Lima,Barranca,Pativilca,150203,0,99.99,25.00,40.00,20.00,100,199.99,20.00,35.00,16.00,200,299.99,15.00,30.00,12.00,300,,10.00,25.00,8.00,Envío estándar,Entrega en 2 a 5 días hábiles,Envío express,Entrega en 24 horas,Envío programado,Elige el día de entrega,,
1327,mi-tienda,MITI-150204,Lima,Barranca,Supe,150204,0,99.99,25.00,40.00,20.00,100,199.99,20.00,35.00,16.00,200,299.99,15.00,30.00,12.00,300,,10.00,25.00,8.00,Envío estándar,Entrega en 2 a 5 días hábiles,Envío express,Entrega en 24 horas,Envío programado,Elige el día de entrega,,
1328,mi-tienda,MITI-150205,Lima,Barranca,Supe Puerto,150205,0,99.99,25.00,40.00,20.00,100,199.99,20.00,35.00,16.00,200,299.99,15.00,30.00,12.00,300,,10.00,25.00,8.00,Envío estándar,Entrega en 2 a 5 días hábiles,Envío express,Entrega en 24 horas,Envío programado,Elige el día de entrega,,
1329,mi-tienda,MITI-150301,Lima,Cajatambo,Cajatambo,150301,0,99.99,25.00,40.00,20.00,100,199.99,20.00,35.00,16.00,200,299.99,15.00,30.00,12.00,300,,10.00,25.00,8.00,Envío estándar,Entrega en 2 a 5 días hábiles,Envío express,Entrega en 24 horas,Envío programado,Elige el día de entrega,,
1330,mi-tienda,MITI-150302,Lima,Cajatambo,Copa,150302,0,99.99,25.00,40.00,20.00,100,199.99,20.00,35.00,16.00,200,299.99,15.00,30.00,12.00,300,,10.00,25.00,8.00,Envío estándar,Entrega en 2 a 5 días hábiles,Envío express,Entrega en 24 horas,Envío programado,Elige el día de entrega,,
1331,mi-tienda,MITI-150303,Lima,Cajatambo,Gorgor,150303,0,99.99,25.00,40.00,20.00,100,199.99,20.00,35.00,16.00,200,299.99,15.00,30.00,12.00,300,,10.00,25.00,8.00,Envío estándar,Entrega en 2 a 5 días hábiles,Envío express,Entrega en 24 horas,Envío programado,Elige el día de entrega,,
1332,mi-tienda,MITI-150304,Lima,Cajatambo,Huancapon,150304,0,99.99,25.00,40.00,20.00,100,199.99,20.00,35.00,16.00,200,299.99,15.00,30.00,12.00,300,,10.00,25.00,8.00,Envío estándar,Entrega en 2 a 5 días hábiles,Envío express,Entrega en 24 horas,Envío programado,Elige el día de entrega,,
1333,mi-tienda,MITI-150305,Lima,Cajatambo,Manas,150305,0,99.99,25.00,40.00,20.00,100,199.99,20.00,35.00,16.00,200,299.99,15.00,30.00,12.00,300,,10.00,25.00,8.00,Envío estándar,Entrega en 2 a 5 días hábiles,Envío express,Entrega en 24 horas,Envío programado,Elige el día de entrega,,
1334,mi-tienda,MITI-150401,Lima,Canta,Canta,150401,0,99.99,25.00,40.00,20.00,100,199.99,20.00,35.00,16.00,200,299.99,15.00,30.00,12.00,300,,10.00,25.00,8.00,Envío estándar,Entrega en 2 a 5 días hábiles,Envío express,Entrega en 24 horas,Envío programado,Elige el día de entrega,,
1335,mi-tienda,MITI-150402,Lima,Canta,Arahuay,150402,0,99.99,25.00,40.00,20.00,100,199.99,20.00,35.00,16.00,200,299.99,15.00,30.00,12.00,300,,10.00,25.00,8.00,Envío estándar,Entrega en 2 a 5 días hábiles,Envío express,Entrega en 24 horas,Envío programado,Elige el día de entrega,,
1336,mi-tienda,MITI-150403,Lima,Canta,Huamantanga,150403,0,99.99,25.00,40.00,20.00,100,199.99,20.00,35.00,16.00,200,299.99,15.00,30.00,12.00,300,,10.00,25.00,8.00,Envío estándar,Entrega en 2 a 5 días hábiles,Envío express,Entrega en 24 horas,Envío programado,Elige el día de entrega,,
1337,mi-tienda,MITI-150404,Lima,Canta,Huaros,150404,0,99.99,25.00,40.00,20.00,100,199.99,20.00,35.00,16.00,200,299.99,15.00,30.00,12.00,300,,10.00,25.00,8.00,Envío estándar,Entrega en 2 a 5 días hábiles,Envío express,Entrega en 24 horas,Envío programado,Elige el día de entrega,,
1338,mi-tienda,MITI-150405,Lima,Canta,Lachaqui,150405,0,99.99,25.00,40.00,20.00,100,199.99,20.00,35.00,16.00,200,299.99,15.00,30.00,12.00,300,,10.00,25.00,8.00,Envío estándar,Entrega en 2 a 5 días hábiles,Envío express,Entrega en 24 horas,Envío programado,Elige el día de entrega,,
1339,mi-tienda,MITI-150406,Lima,Canta,San Buenaventura,150406,0,99.99,25.00,40.00,20.00,100,199.99,20.00,35.00,16.00,200,299.99,15.00,30.00,12.00,300,,10.00,25.00,8.00,Envío estándar,Entrega en 2 a 5 días hábiles,Envío express,Entrega en 24 horas,Envío programado,Elige el día de entrega,,
1340,mi-tienda,MITI-150407,Lima,Canta,Santa Rosa de Quives,150407,0,99.99,25.00,40.00,20.00,100,199.99,20.00,35.00,16.00,200,299.99,15.00,30.00,12.00,300,,10.00,25.00,8.00,Envío estándar,Entrega en 2 a 5 días hábiles,Envío express,Entrega en 24 horas,Envío programado,Elige el día de entrega,,
1341,mi-tienda,MITI-150501,Lima,Cañete,San Vicente de Cañete,150501,0,99.99,25.00,40.00,20.00,100,199.99,20.00,35.00,16.00,200,299.99,15.00,30.00,12.00,300,,10.00,25.00,8.00,Envío estándar,Entrega en 2 a 5 días hábiles,Envío express,Entrega en 24 horas,Envío programado,Elige el día de entrega,,
1342,mi-tienda,MITI-150502,Lima,Cañete,Asia,150502,0,99.99,25.00,40.00,20.00,100,199.99,20.00,35.00,16.00,200,299.99,15.00,30.00,12.00,300,,10.00,25.00,8.00,Envío estándar,Entrega en 2 a 5 días hábiles,Envío express,Entrega en 24 horas,Envío programado,Elige el día de entrega,,
1343,mi-tienda,MITI-150503,Lima,Cañete,Calango,150503,0,99.99,25.00,40.00,20.00,100,199.99,20.00,35.00,16.00,200,299.99,15.00,30.00,12.00,300,,10.00,25.00,8.00,Envío estándar,Entrega en 2 a 5 días hábiles,Envío express,Entrega en 24 horas,Envío programado,Elige el día de entrega,,
1344,mi-tienda,MITI-150504,Lima,Cañete,Cerro Azul,150504,0,99.99,25.00,40.00,20.00,100,199.99,20.00,35.00,16.00,200,299.99,15.00,30.00,12.00,300,,10.00,25.00,8.00,Envío estándar,Entrega en 2 a 5 días hábiles,Envío express,Entrega en 24 horas,Envío programado,Elige el día de entrega,,
1345,mi-tienda,MITI-150505,Lima,Cañete,Chilca,150505,0,99.99,25.00,40.00,20.00,100,199.99,20.00,35.00,16.00,200,299.99,15.00,30.00,12.00,300,,10.00,25.00,8.00,Envío estándar,Entrega en 2 a 5 días hábiles,Envío express,Entrega en 24 horas,Envío programado,Elige el día de entrega,,
1346,mi-tienda,MITI-150506,Lima,Cañete,Coayllo,150506,0,99.99,25.00,40.00,20.00,100,199.99,20.00,35.00,16.00,200,299.99,15.00,30.00,12.00,300,,10.00,25.00,8.00,Envío estándar,Entrega en 2 a 5 días hábiles,Envío express,Entrega en 24 horas,Envío programado,Elige el día de entrega,,
1347,mi-tienda,MITI-150507,Lima,Cañete,Imperial,150507,0,99.99,25.00,40.00,20.00,100,199.99,20.00,35.00,16.00,200,299.99,15.00,30.00,12.00,300,,10.00,25.00,8.00,Envío estándar,Entrega en 2 a 5 días hábiles,Envío express,Entrega en 24 horas,Envío programado,Elige el día de entrega,,
1348,mi-tienda,MITI-150508,Lima,Cañete,Lunahuana,150508,0,99.99,25.00,40.00,20.00,100,199.99,20.00,35.00,16.00,200,299.99,15.00,30.00,12.00,300,,10.00,25.00,8.00,Envío estándar,Entrega en 2 a 5 días hábiles,Envío express,Entrega en 24 horas,Envío programado,Elige el día de entrega,,
1349,mi-tienda,MITI-150509,Lima,Cañete,Mala,150509,0,99.99,25.00,40.00,20.00,100,199.99,20.00,35.00,16.00,200,299.99,15.00,30.00,12.00,300,,10.00,25.00,8.00,Envío estándar,Entrega en 2 a 5 días hábiles,Envío express,Entrega en 24 horas,Envío programado,Elige el día de entrega,,
1350,mi-tienda,MITI-150510,Lima,Cañete,Nuevo Imperial,150510,0,99.99,25.00,40.00,20.00,100,199.99,20.00,35.00,16.00,200,299.99,15.00,30.00,12.00,300,,10.00,25.00,8.00,Envío estándar,Entrega en 2 a 5 días hábiles,Envío express,Entrega en 24 horas,Envío programado,Elige el día de entrega,,
1351,mi-tienda,MITI-150511,Lima,Cañete,Pacaran,150511,0,99.99,25.00,40.00,20.00,100,199.99,20.00,35.00,16.00,200,299.99,15.00,30.00,12.00,300,,10.00,25.00,8.00,Envío estándar,Entrega en 2 a 5 días hábiles,Envío express,Entrega en 24 horas,Envío programado,Elige el día de entrega,,
1352,mi-tienda,MITI-150512,Lima,Cañete,Quilmana,150512,0,99.99,25.00,40.00,20.00,100,199.99,20.00,35.00,16.00,200,299.99,15.00,30.00,12.00,300,,10.00,25.00,8.00,Envío estándar,Entrega en 2 a 5 días hábiles,Envío express,Entrega en 24 horas,Envío programado,Elige el día de entrega,,
1353,mi-tienda,MITI-150513,Lima,Cañete,San Antonio,150513,0,99.99,25.00,40.00,20.00,100,199.99,20.00,35.00,16.00,200,299.99,15.00,30.00,12.00,300,,10.00,25.00,8.00,Envío estándar,Entrega en 2 a 5 días hábiles,Envío express,Entrega en 24 horas,Envío programado,Elige el día de entrega,,
1354,mi-tienda,MITI-150514,Lima,Cañete,San Luis,150514,0,99.99,25.00,40.00,20.00,100,199.99,20.00,35.00,16.00,200,299.99,15.00,30.00,12.00,300,,10.00,25.00,8.00,Envío estándar,Entrega en 2 a 5 días hábiles,Envío express,Entrega en 24 horas,Envío programado,Elige el día de entrega,,
1355,mi-tienda,MITI-150515,Lima,Cañete,Santa Cruz de Flores,150515,0,99.99,25.00,40.00,20.00,100,199.99,20.00,35.00,16.00,200,299.99,15.00,30.00,12.00,300,,10.00,25.00,8.00,Envío estándar,Entrega en 2 a 5 días hábiles,Envío express,Entrega en 24 horas,Envío programado,Elige el día de entrega,,
1356,mi-tienda,MITI-150516,Lima,Cañete,Zúñiga,150516,0,99.99,25.00,40.00,20.00,100,199.99,20.00,35.00,16.00,200,299.99,15.00,30.00,12.00,300,,10.00,25.00,8.00,Envío estándar,Entrega en 2 a 5 días hábiles,Envío express,Entrega en 24 horas,Envío programado,Elige el día de entrega,,
1357,mi-tienda,MITI-150601,Lima,Huaral,Huaral,150601,0,99.99,25.00,40.00,20.00,100,199.99,20.00,35.00,16.00,200,299.99,15.00,30.00,12.00,300,,10.00,25.00,8.00,Envío estándar,Entrega en 2 a 5 días hábiles,Envío express,Entrega en 24 horas,Envío programado,Elige el día de entrega,,
1358,mi-tienda,MITI-150602,Lima,Huaral,Atavillos Alto,150602,0,99.99,25.00,40.00,20.00,100,199.99,20.00,35.00,16.00,200,299.99,15.00,30.00,12.00,300,,10.00,25.00,8.00,Envío estándar,Entrega en 2 a 5 días hábiles,Envío express,Entrega en 24 horas,Envío programado,Elige el día de entrega,,
1359,mi-tienda,MITI-150603,Lima,Huaral,Atavillos Bajo,150603,0,99.99,25.00,40.00,20.00,100,199.99,20.00,35.00,16.00,200,299.99,15.00,30.00,12.00,300,,10.00,25.00,8.00,Envío estándar,Entrega en 2 a 5 días hábiles,Envío express,Entrega en 24 horas,Envío programado,Elige el día de entrega,,
1360,mi-tienda,MITI-150604,Lima,Huaral,Aucallama,150604,0,99.99,25.00,40.00,20.00,100,199.99,20.00,35.00,16.00,200,299.99,15.00,30.00,12.00,300,,10.00,25.00,8.00,Envío estándar,Entrega en 2 a 5 días hábiles,Envío express,Entrega en 24 horas,Envío programado,Elige el día de entrega,,
1361,mi-tienda,MITI-150605,Lima,Huaral,Chancay,150605,0,99.99,25.00,40.00,20.00,100,199.99,20.00,35.00,16.00,200,299.99,15.00,30.00,12.00,300,,10.00,25.00,8.00,Envío estándar,Entrega en 2 a 5 días hábiles,Envío express,Entrega en 24 horas,Envío programado,Elige el día de entrega,,
1362,mi-tienda,MITI-150606,Lima,Huaral,Ihuari,150606,0,99.99,25.00,40.00,20.00,100,199.99,20.00,35.00,16.00,200,299.99,15.00,30.00,12.00,300,,10.00,25.00,8.00,Envío estándar,Entrega en 2 a 5 días hábiles,Envío express,Entrega en 24 horas,Envío programado,Elige el día de entrega,,
1363,mi-tienda,MITI-150607,Lima,Huaral,Lampian,150607,0,99.99,25.00,40.00,20.00,100,199.99,20.00,35.00,16.00,200,299.99,15.00,30.00,12.00,300,,10.00,25.00,8.00,Envío estándar,Entrega en 2 a 5 días hábiles,Envío express,Entrega en 24 horas,Envío programado,Elige el día de entrega,,
1364,mi-tienda,MITI-150608,Lima,Huaral,Pacaraos,150608,0,99.99,25.00,40.00,20.00,100,199.99,20.00,35.00,16.00,200,299.99,15.00,30.00,12.00,300,,10.00,25.00,8.00,Envío estándar,Entrega en 2 a 5 días hábiles,Envío express,Entrega en 24 horas,Envío programado,Elige el día de entrega,,
1365,mi-tienda,MITI-150609,Lima,Huaral,San Miguel de Acos,150609,0,99.99,25.00,40.00,20.00,100,199.99,20.00,35.00,16.00,200,299.99,15.00,30.00,12.00,300,,10.00,25.00,8.00,Envío estándar,Entrega en 2 a 5 días hábiles,Envío express,Entrega en 24 horas,Envío programado,Elige el día de entrega,,
1366,mi-tienda,MITI-150610,Lima,Huaral,Santa Cruz de Andamarca,150610,0,99.99,25.00,40.00,20.00,100,199.99,20.00,35.00,16.00,200,299.99,15.00,30.00,12.00,300,,10.00,25.00,8.00,Envío estándar,Entrega en 2 a 5 días hábiles,Envío express,Entrega en 24 horas,Envío programado,Elige el día de entrega,,
1367,mi-tienda,MITI-150611,Lima,Huaral,Sumbilca,150611,0,99.99,25.00,40.00,20.00,100,199.99,20.00,35.00,16.00,200,299.99,15.00,30.00,12.00,300,,10.00,25.00,8.00,Envío estándar,Entrega en 2 a 5 días hábiles,Envío express,Entrega en 24 horas,Envío programado,Elige el día de entrega,,
1368,mi-tienda,MITI-150612,Lima,Huaral,Veintisiete de Noviembre,150612,0,99.99,25.00,40.00,20.00,100,199.99,20.00,35.00,16.00,200,299.99,15.00,30.00,12.00,300,,10.00,25.00,8.00,Envío estándar,Entrega en 2 a 5 días hábiles,Envío express,Entrega en 24 horas,Envío programado,Elige el día de entrega,,
1369,mi-tienda,MITI-150701,Lima,Huarochiri,Matucana,150701,0,99.99,25.00,40.00,20.00,100,199.99,20.00,35.00,16.00,200,299.99,15.00,30.00,12.00,300,,10.00,25.00,8.00,Envío estándar,Entrega en 2 a 5 días hábiles,Envío express,Entrega en 24 horas,Envío programado,Elige el día de entrega,,
1370,mi-tienda,MITI-150702,Lima,Huarochiri,Antioquia,150702,0,99.99,25.00,40.00,20.00,100,199.99,20.00,35.00,16.00,200,299.99,15.00,30.00,12.00,300,,10.00,25.00,8.00,Envío estándar,Entrega en 2 a 5 días hábiles,Envío express,Entrega en 24 horas,Envío programado,Elige el día de entrega,,
1371,mi-tienda,MITI-150703,Lima,Huarochiri,Callahuanca,150703,0,99.99,25.00,40.00,20.00,100,199.99,20.00,35.00,16.00,200,299.99,15.00,30.00,12.00,300,,10.00,25.00,8.00,Envío estándar,Entrega en 2 a 5 días hábiles,Envío express,Entrega en 24 horas,Envío programado,Elige el día de entrega,,
1372,mi-tienda,MITI-150704,Lima,Huarochiri,Carampoma,150704,0,99.99,25.00,40.00,20.00,100,199.99,20.00,35.00,16.00,200,299.99,15.00,30.00,12.00,300,,10.00,25.00,8.00,Envío estándar,Entrega en 2 a 5 días hábiles,Envío express,Entrega en 24 horas,Envío programado,Elige el día de entrega,,
1373,mi-tienda,MITI-150705,Lima,Huarochiri,Chicla,150705,0,99.99,25.00,40.00,20.00,100,199.99,20.00,35.00,16.00,200,299.99,15.00,30.00,12.00,300,,10.00,25.00,8.00,Envío estándar,Entrega en 2 a 5 días hábiles,Envío express,Entrega en 24 horas,Envío programado,Elige el día de entrega,,
1374,mi-tienda,MITI-150706,Lima,Huarochiri,Cuenca,150706,0,99.99,25.00,40.00,20.00,100,199.99,20.00,35.00,16.00,200,299.99,15.00,30.00,12.00,300,,10.00,25.00,8.00,Envío estándar,Entrega en 2 a 5 días hábiles,Envío express,Entrega en 24 horas,Envío programado,Elige el día de entrega,,
1375,mi-tienda,MITI-150707,Lima,Huarochiri,Huachupampa,150707,0,99.99,25.00,40.00,20.00,100,199.99,20.00,35.00,16.00,200,299.99,15.00,30.00,12.00,300,,10.00,25.00,8.00,Envío estándar,Entrega en 2 a 5 días hábiles,Envío express,Entrega en 24 horas,Envío programado,Elige el día de entrega,,
1376,mi-tienda,MITI-150708,Lima,Huarochiri,Huanza,150708,0,99.99,25.00,40.00,20.00,100,199.99,20.00,35.00,16.00,200,299.99,15.00,30.00,12.00,300,,10.00,25.00,8.00,Envío estándar,Entrega en 2 a 5 días hábiles,Envío express,Entrega en 24 horas,Envío programado,Elige el día de entrega,,
1377,mi-tienda,MITI-150709,Lima,Huarochiri,Huarochiri,150709,0,99.99,25.00,40.00,20.00,100,199.99,20.00,35.00,16.00,200,299.99,15.00,30.00,12.00,300,,10.00,25.00,8.00,Envío estándar,Entrega en 2 a 5 días hábiles,Envío express,Entrega en 24 horas,Envío programado,Elige el día de entrega,,
1378,mi-tienda,MITI-150710,Lima,Huarochiri,Lahuaytambo,150710,0,99.99,25.00,40.00,20.00,100,199.99,20.00,35.00,16.00,200,299.99,15.00,30.00,12.00,300,,10.00,25.00,8.00,Envío estándar,Entrega en 2 a 5 días hábiles,Envío express,Entrega en 24 horas,Envío programado,Elige el día de entrega,,
1379,mi-tienda,MITI-150711,Lima,Huarochiri,Langa,150711,0,99.99,25.00,40.00,20.00,100,199.99,20.00,35.00,16.00,200,299.99,15.00,30.00,12.00,300,,10.00,25.00,8.00,Envío estándar,Entrega en 2 a 5 días hábiles,Envío express,Entrega en 24 horas,Envío programado,Elige el día de entrega,,
1380,mi-tienda,MITI-150712,Lima,Huarochiri,Laraos,150712,0,99.99,25.00,40.00,20.00,100,199.99,20.00,35.00,16.00,200,299.99,15.00,30.00,12.00,300,,10.00,25.00,8.00,Envío estándar,Entrega en 2 a 5 días hábiles,Envío express,Entrega en 24 horas,Envío programado,Elige el día de entrega,,
1381,mi-tienda,MITI-150713,Lima,Huarochiri,Mariatana,150713,0,99.99,25.00,40.00,20.00,100,199.99,20.00,35.00,16.00,200,299.99,15.00,30.00,12.00,300,,10.00,25.00,8.00,Envío estándar,Entrega en 2 a 5 días hábiles,Envío express,Entrega en 24 horas,Envío programado,Elige el día de entrega,,
1382,mi-tienda,MITI-150714,Lima,Huarochiri,Ricardo Palma,150714,0,99.99,25.00,40.00,20.00,100,199.99,20.00,35.00,16.00,200,299.99,15.00,30.00,12.00,300,,10.00,25.00,8.00,Envío estándar,Entrega en 2 a 5 días hábiles,Envío express,Entrega en 24 horas,Envío programado,Elige el día de entrega,,
1383,mi-tienda,MITI-150715,Lima,Huarochiri,San Andrés de Tupicocha,150715,0,99.99,25.00,40.00,20.00,100,199.99,20.00,35.00,16.00,200,299.99,15.00,30.00,12.00,300,,10.00,25.00,8.00,Envío estándar,Entrega en 2 a 5 días hábiles,Envío express,Entrega en 24 horas,Envío programado,Elige el día de entrega,,
1384,mi-tienda,MITI-150716,Lima,Huarochiri,San Antonio,150716,0,99.99,25.00,40.00,20.00,100,199.99,20.00,35.00,16.00,200,299.99,15.00,30.00,12.00,300,,10.00,25.00,8.00,Envío estándar,Entrega en 2 a 5 días hábiles,Envío express,Entrega en 24 horas,Envío programado,Elige el día de entrega,,
1385,mi-tienda,MITI-150717,Lima,Huarochiri,San Bartolomé,150717,0,99.99,25.00,40.00,20.00,100,199.99,20.00,35.00,16.00,200,299.99,15.00,30.00,12.00,300,,10.00,25.00,8.00,Envío estándar,Entrega en 2 a 5 días hábiles,Envío express,Entrega en 24 horas,Envío programado,Elige el día de entrega,,
1386,mi-tienda,MITI-150718,Lima,Huarochiri,San Damian,150718,0,99.99,25.00,40.00,20.00,100,199.99,20.00,35.00,16.00,200,299.99,15.00,30.00,12.00,300,,10.00,25.00,8.00,Envío estándar,Entrega en 2 a 5 días hábiles,Envío express,Entrega en 24 horas,Envío programado,Elige el día de entrega,,
1387,mi-tienda,MITI-150719,Lima,Huarochiri,San Juan de Iris,150719,0,99.99,25.00,40.00,20.00,100,199.99,20.00,35.00,16.00,200,299.99,15.00,30.00,12.00,300,,10.00,25.00,8.00,Envío estándar,Entrega en 2 a 5 días hábiles,Envío express,Entrega en 24 horas,Envío programado,Elige el día de entrega,,
1388,mi-tienda,MITI-150720,Lima,Huarochiri,San Juan de Tantaranche,150720,0,99.99,25.00,40.00,20.00,100,199.99,20.00,35.00,16.00,200,299.99,15.00,30.00,12.00,300,,10.00,25.00,8.00,Envío estándar,Entrega en 2 a 5 días hábiles,Envío express,Entrega en 24 horas,Envío programado,Elige el día de entrega,,
1389,mi-tienda,MITI-150721,Lima,Huarochiri,San Lorenzo de Quinti,150721,0,99.99,25.00,40.00,20.00,100,199.99,20.00,35.00,16.00,200,299.99,15.00,30.00,12.00,300,,10.00,25.00,8.00,Envío estándar,Entrega en 2 a 5 días hábiles,Envío express,Entrega en 24 horas,Envío programado,Elige el día de entrega,,
1390,mi-tienda,MITI-150722,Lima,Huarochiri,San Mateo,150722,0,99.99,25.00,40.00,20.00,100,199.99,20.00,35.00,16.00,200,299.99,15.00,30.00,12.00,300,,10.00,25.00,8.00,Envío estándar,Entrega en 2 a 5 días hábiles,Envío express,Entrega en 24 horas,Envío programado,Elige el día de entrega,,
1391,mi-tienda,MITI-150723,Lima,Huarochiri,San Mateo de Otao,150723,0,99.99,25.00,40.00,20.00,100,199.99,20.00,35.00,16.00,200,299.99,15.00,30.00,12.00,300,,10.00,25.00,8.00,Envío estándar,Entrega en 2 a 5 días hábiles,Envío express,Entrega en 24 horas,Envío programado,Elige el día de entrega,,
1392,mi-tienda,MITI-150724,Lima,Huarochiri,San Pedro de Casta,150724,0,99.99,25.00,40.00,20.00,100,199.99,20.00,35.00,16.00,200,299.99,15.00,30.00,12.00,300,,10.00,25.00,8.00,Envío estándar,Entrega en 2 a 5 días hábiles,Envío express,Entrega en 24 horas,Envío programado,Elige el día de entrega,,
1393,mi-tienda,MITI-150725,Lima,Huarochiri,San Pedro de Huancayre,150725,0,99.99,25.00,40.00,20.00,100,199.99,20.00,35.00,16.00,200,299.99,15.00,30.00,12.00,300,,10.00,25.00,8.00,Envío estándar,Entrega en 2 a 5 días hábiles,Envío express,Entrega en 24 horas,Envío programado,Elige el día de entrega,,
1394,mi-tienda,MITI-150726,Lima,Huarochiri,Sangallaya,150726,0,99.99,25.00,40.00,20.00,100,199.99,20.00,35.00,16.00,200,299.99,15.00,30.00,12.00,300,,10.00,25.00,8.00,Envío estándar,Entrega en 2 a 5 días hábiles,Envío express,Entrega en 24 horas,Envío programado,Elige el día de entrega,,
1395,mi-tienda,MITI-150727,Lima,Huarochiri,Santa Cruz de Cocachacra,150727,0,99.99,25.00,40.00,20.00,100,199.99,20.00,35.00,16.00,200,299.99,15.00,30.00,12.00,300,,10.00,25.00,8.00,Envío estándar,Entrega en 2 a 5 días hábiles,Envío express,Entrega en 24 horas,Envío programado,Elige el día de entrega,,
1396,mi-tienda,MITI-150728,Lima,Huarochiri,Santa Eulalia,150728,0,99.99,25.00,40.00,20.00,100,199.99,20.00,35.00,16.00,200,299.99,15.00,30.00,12.00,300,,10.00,25.00,8.00,Envío estándar,Entrega en 2 a 5 días hábiles,Envío express,Entrega en 24 horas,Envío programado,Elige el día de entrega,,
1397,mi-tienda,MITI-150729,Lima,Huarochiri,Santiago de Anchucaya,150729,0,99.99,25.00,40.00,20.00,100,199.99,20.00,35.00,16.00,200,299.99,15.00,30.00,12.00,300,,10.00,25.00,8.00,Envío estándar,Entrega en 2 a 5 días hábiles,Envío express,Entrega en 24 horas,Envío programado,Elige el día de entrega,,
1398,mi-tienda,MITI-150730,Lima,Huarochiri,Santiago de Tuna,150730,0,99.99,25.00,40.00,20.00,100,199.99,20.00,35.00,16.00,200,299.99,15.00,30.00,12.00,300,,10.00,25.00,8.00,Envío estándar,Entrega en 2 a 5 días hábiles,Envío express,Entrega en 24 horas,Envío programado,Elige el día de entrega,,
1399,mi-tienda,MITI-150731,Lima,Huarochiri,Santo Domingo de los Olleros,150731,0,99.99,25.00,40.00,20.00,100,199.99,20.00,35.00,16.00,200,299.99,15.00,30.00,12.00,300,,10.00,25.00,8.00,Envío estándar,Entrega en 2 a 5 días hábiles,Envío express,Entrega en 24 horas,Envío programado,Elige el día de entrega,,
1400,mi-tienda,MITI-150732,Lima,Huarochiri,Surco,150732,0,99.99,25.00,40.00,20.00,100,199.99,20.00,35.00,16.00,200,299.99,15.00,30.00,12.00,300,,10.00,25.00,8.00,Envío estándar,Entrega en 2 a 5 días hábiles,Envío express,Entrega en 24 horas,Envío programado,Elige el día de entrega,,
1401,mi-tienda,MITI-150801,Lima,Huaura,Huacho,150801,0,99.99,25.00,40.00,20.00,100,199.99,20.00,35.00,16.00,200,299.99,15.00,30.00,12.00,300,,10.00,25.00,8.00,Envío estándar,Entrega en 2 a 5 días hábiles,Envío express,Entrega en 24 horas,Envío programado,Elige el día de entrega,,
1402,mi-tienda,MITI-150802,Lima,Huaura,Ambar,150802,0,99.99,25.00,40.00,20.00,100,199.99,20.00,35.00,16.00,200,299.99,15.00,30.00,12.00,300,,10.00,25.00,8.00,Envío estándar,Entrega en 2 a 5 días hábiles,Envío express,Entrega en 24 horas,Envío programado,Elige el día de entrega,,
1403,mi-tienda,MITI-150803,Lima,Huaura,Caleta de Carquin,150803,0,99.99,25.00,40.00,20.00,100,199.99,20.00,35.00,16.00,200,299.99,15.00,30.00,12.00,300,,10.00,25.00,8.00,Envío estándar,Entrega en 2 a 5 días hábiles,Envío express,Entrega en 24 horas,Envío programado,Elige el día de entrega,,
1404,mi-tienda,MITI-150804,Lima,Huaura,Checras,150804,0,99.99,25.00,40.00,20.00,100,199.99,20.00,35.00,16.00,200,299.99,15.00,30.00,12.00,300,,10.00,25.00,8.00,Envío estándar,Entrega en 2 a 5 días hábiles,Envío express,Entrega en 24 horas,Envío programado,Elige el día de entrega,,
1405,mi-tienda,MITI-150805,Lima,Huaura,Hualmay,150805,0,99.99,25.00,40.00,20.00,100,199.99,20.00,35.00,16.00,200,299.99,15.00,30.00,12.00,300,,10.00,25.00,8.00,Envío estándar,Entrega en 2 a 5 días hábiles,Envío express,Entrega en 24 horas,Envío programado,Elige el día de entrega,,
1406,mi-tienda,MITI-150806,Lima,Huaura,Huaura,150806,0,99.99,25.00,40.00,20.00,100,199.99,20.00,35.00,16.00,200,299.99,15.00,30.00,12.00,300,,10.00,25.00,8.00,Envío estándar,Entrega en 2 a 5 días hábiles,Envío express,Entrega en 24 horas,Envío programado,Elige el día de entrega,,
1407,mi-tienda,MITI-150807,Lima,Huaura,Leoncio Prado,150807,0,99.99,25.00,40.00,20.00,100,199.99,20.00,35.00,16.00,200,299.99,15.00,30.00,12.00,300,,10.00,25.00,8.00,Envío estándar,Entrega en 2 a 5 días hábiles,Envío express,Entrega en 24 horas,Envío programado,Elige el día de entrega,,
1408,mi-tienda,MITI-150808,Lima,Huaura,Paccho,150808,0,99.99,25.00,40.00,20.00,100,199.99,20.00,35.00,16.00,200,299.99,15.00,30.00,12.00,300,,10.00,25.00,8.00,Envío estándar,Entrega en 2 a 5 días hábiles,Envío express,Entrega en 24 horas,Envío programado,Elige el día de entrega,,
1409,mi-tienda,MITI-150809,Lima,Huaura,Santa Leonor,150809,0,99.99,25.00,40.00,20.00,100,199.99,20.00,35.00,16.00,200,299.99,15.00,30.00,12.00,300,,10.00,25.00,8.00,Envío estándar,Entrega en 2 a 5 días hábiles,Envío express,Entrega en 24 horas,Envío programado,Elige el día de entrega,,
1410,mi-tienda,MITI-150810,Lima,Huaura,Santa Maria,150810,0,99.99,25.00,40.00,20.00,100,199.99,20.00,35.00,16.00,200,299.99,15.00,30.00,12.00,300,,10.00,25.00,8.00,Envío estándar,Entrega en 2 a 5 días hábiles,Envío express,Entrega en 24 horas,Envío programado,Elige el día de entrega,,
1411,mi-tienda,MITI-150811,Lima,Huaura,Sayan,150811,0,99.99,25.00,40.00,20.00,100,199.99,20.00,35.00,16.00,200,299.99,15.00,30.00,12.00,300,,10.00,25.00,8.00,Envío estándar,Entrega en 2 a 5 días hábiles,Envío express,Entrega en 24 horas,Envío programado,Elige el día de entrega,,
1412,mi-tienda,MITI-150812,Lima,Huaura,Vegueta,150812,0,99.99,25.00,40.00,20.00,100,199.99,20.00,35.00,16.00,200,299.99,15.00,30.00,12.00,300,,10.00,25.00,8.00,Envío estándar,Entrega en 2 a 5 días hábiles,Envío express,Entrega en 24 horas,Envío programado,Elige el día de entrega,,
1413,mi-tienda,MITI-150901,Lima,Oyon,Oyon,150901,0,99.99,25.00,40.00,20.00,100,199.99,20.00,35.00,16.00,200,299.99,15.00,30.00,12.00,300,,10.00,25.00,8.00,Envío estándar,Entrega en 2 a 5 días hábiles,Envío express,Entrega en 24 horas,Envío programado,Elige el día de entrega,,
1414,mi-tienda,MITI-150902,Lima,Oyon,Andajes,150902,0,99.99,25.00,40.00,20.00,100,199.99,20.00,35.00,16.00,200,299.99,15.00,30.00,12.00,300,,10.00,25.00,8.00,Envío estándar,Entrega en 2 a 5 días hábiles,Envío express,Entrega en 24 horas,Envío programado,Elige el día de entrega,,
1415,mi-tienda,MITI-150903,Lima,Oyon,Caujul,150903,0,99.99,25.00,40.00,20.00,100,199.99,20.00,35.00,16.00,200,299.99,15.00,30.00,12.00,300,,10.00,25.00,8.00,Envío estándar,Entrega en 2 a 5 días hábiles,Envío express,Entrega en 24 horas,Envío programado,Elige el día de entrega,,
1416,mi-tienda,MITI-150904,Lima,Oyon,Cochamarca,150904,0,99.99,25.00,40.00,20.00,100,199.99,20.00,35.00,16.00,200,299.99,15.00,30.00,12.00,300,,10.00,25.00,8.00,Envío estándar,Entrega en 2 a 5 días hábiles,Envío express,Entrega en 24 horas,Envío programado,Elige el día de entrega,,
1417,mi-tienda,MITI-150905,Lima,Oyon,Navan,150905,0,99.99,25.00,40.00,20.00,100,199.99,20.00,35.00,16.00,200,299.99,15.00,30.00,12.00,300,,10.00,25.00,8.00,Envío estándar,Entrega en 2 a 5 días hábiles,Envío express,Entrega en 24 horas,Envío programado,Elige el día de entrega,,
1418,mi-tienda,MITI-150906,Lima,Oyon,Pachangara,150906,0,99.99,25.00,40.00,20.00,100,199.99,20.00,35.00,16.00,200,299.99,15.00,30.00,12.00,300,,10.00,25.00,8.00,Envío estándar,Entrega en 2 a 5 días hábiles,Envío express,Entrega en 24 horas,Envío programado,Elige el día de entrega,,
1419,mi-tienda,MITI-151001,Lima,Yauyos,Yauyos,151001,0,99.99,25.00,40.00,20.00,100,199.99,20.00,35.00,16.00,200,299.99,15.00,30.00,12.00,300,,10.00,25.00,8.00,Envío estándar,Entrega en 2 a 5 días hábiles,Envío express,Entrega en 24 horas,Envío programado,Elige el día de entrega,,
1420,mi-tienda,MITI-151002,Lima,Yauyos,Alis,151002,0,99.99,25.00,40.00,20.00,100,199.99,20.00,35.00,16.00,200,299.99,15.00,30.00,12.00,300,,10.00,25.00,8.00,Envío estándar,Entrega en 2 a 5 días hábiles,Envío express,Entrega en 24 horas,Envío programado,Elige el día de entrega,,
1421,mi-tienda,MITI-151003,Lima,Yauyos,Ayauca,151003,0,99.99,25.00,40.00,20.00,100,199.99,20.00,35.00,16.00,200,299.99,15.00,30.00,12.00,300,,10.00,25.00,8.00,Envío estándar,Entrega en 2 a 5 días hábiles,Envío express,Entrega en 24 horas,Envío programado,Elige el día de entrega,,
1422,mi-tienda,MITI-151004,Lima,Yauyos,Ayaviri,151004,0,99.99,25.00,40.00,20.00,100,199.99,20.00,35.00,16.00,200,299.99,15.00,30.00,12.00,300,,10.00,25.00,8.00,Envío estándar,Entrega en 2 a 5 días hábiles,Envío express,Entrega en 24 horas,Envío programado,Elige el día de entrega,,
1423,mi-tienda,MITI-151005,Lima,Yauyos,Azángaro,151005,0,99.99,25.00,40.00,20.00,100,199.99,20.00,35.00,16.00,200,299.99,15.00,30.00,12.00,300,,10.00,25.00,8.00,Envío estándar,Entrega en 2 a 5 días hábiles,Envío express,Entrega en 24 horas,Envío programado,Elige el día de entrega,,
1424,mi-tienda,MITI-151006,Lima,Yauyos,Cacra,151006,0,99.99,25.00,40.00,20.00,100,199.99,20.00,35.00,16.00,200,299.99,15.00,30.00,12.00,300,,10.00,25.00,8.00,Envío estándar,Entrega en 2 a 5 días hábiles,Envío express,Entrega en 24 horas,Envío programado,Elige el día de entrega,,
1425,mi-tienda,MITI-151007,Lima,Yauyos,Carania,151007,0,99.99,25.00,40.00,20.00,100,199.99,20.00,35.00,16.00,200,299.99,15.00,30.00,12.00,300,,10.00,25.00,8.00,Envío estándar,Entrega en 2 a 5 días hábiles,Envío express,Entrega en 24 horas,Envío programado,Elige el día de entrega,,
1426,mi-tienda,MITI-151008,Lima,Yauyos,Catahuasi,151008,0,99.99,25.00,40.00,20.00,100,199.99,20.00,35.00,16.00,200,299.99,15.00,30.00,12.00,300,,10.00,25.00,8.00,Envío estándar,Entrega en 2 a 5 días hábiles,Envío express,Entrega en 24 horas,Envío programado,Elige el día de entrega,,
1427,mi-tienda,MITI-151009,Lima,Yauyos,Chocos,151009,0,99.99,25.00,40.00,20.00,100,199.99,20.00,35.00,16.00,200,299.99,15.00,30.00,12.00,300,,10.00,25.00,8.00,Envío estándar,Entrega en 2 a 5 días hábiles,Envío express,Entrega en 24 horas,Envío programado,Elige el día de entrega,,
1428,mi-tienda,MITI-151010,Lima,Yauyos,Cochas,151010,0,99.99,25.00,40.00,20.00,100,199.99,20.00,35.00,16.00,200,299.99,15.00,30.00,12.00,300,,10.00,25.00,8.00,Envío estándar,Entrega en 2 a 5 días hábiles,Envío express,Entrega en 24 horas,Envío programado,Elige el día de entrega,,
1429,mi-tienda,MITI-151011,Lima,Yauyos,Colonia,151011,0,99.99,25.00,40.00,20.00,100,199.99,20.00,35.00,16.00,200,299.99,15.00,30.00,12.00,300,,10.00,25.00,8.00,Envío estándar,Entrega en 2 a 5 días hábiles,Envío express,Entrega en 24 horas,Envío programado,Elige el día de entrega,,
1430,mi-tienda,MITI-151012,Lima,Yauyos,Hongos,151012,0,99.99,25.00,40.00,20.00,100,199.99,20.00,35.00,16.00,200,299.99,15.00,30.00,12.00,300,,10.00,25.00,8.00,Envío estándar,Entrega en 2 a 5 días hábiles,Envío express,Entrega en 24 horas,Envío programado,Elige el día de entrega,,
1431,mi-tienda,MITI-151013,Lima,Yauyos,Huampara,151013,0,99.99,25.00,40.00,20.00,100,199.99,20.00,35.00,16.00,200,299.99,15.00,30.00,12.00,300,,10.00,25.00,8.00,Envío estándar,Entrega en 2 a 5 días hábiles,Envío express,Entrega en 24 horas,Envío programado,Elige el día de entrega,,
1432,mi-tienda,MITI-151014,Lima,Yauyos,Huancaya,151014,0,99.99,25.00,40.00,20.00,100,199.99,20.00,35.00,16.00,200,299.99,15.00,30.00,12.00,300,,10.00,25.00,8.00,Envío estándar,Entrega en 2 a 5 días hábiles,Envío express,Entrega en 24 horas,Envío programado,Elige el día de entrega,,
1433,mi-tienda,MITI-151015,Lima,Yauyos,Huangascar,151015,0,99.99,25.00,40.00,20.00,100,199.99,20.00,35.00,16.00,200,299.99,15.00,30.00,12.00,300,,10.00,25.00,8.00,Envío estándar,Entrega en 2 a 5 días hábiles,Envío express,Entrega en 24 horas,Envío programado,Elige el día de entrega,,
1434,mi-tienda,MITI-151016,Lima,Yauyos,Huantan,151016,0,99.99,25.00,40.00,20.00,100,199.99,20.00,35.00,16.00,200,299.99,15.00,30.00,12.00,300,,10.00,25.00,8.00,Envío estándar,Entrega en 2 a 5 días hábiles,Envío express,Entrega en 24 horas,Envío programado,Elige el día de entrega,,
1435,mi-tienda,MITI-151017,Lima,Yauyos,Huañec,151017,0,99.99,25.00,40.00,20.00,100,199.99,20.00,35.00,16.00,200,299.99,15.00,30.00,12.00,300,,10.00,25.00,8.00,Envío estándar,Entrega en 2 a 5 días hábiles,Envío express,Entrega en 24 horas,Envío programado,Elige el día de entrega,,
1436,mi-tienda,MITI-151018,Lima,Yauyos,Laraos,151018,0,99.99,25.00,40.00,20.00,100,199.99,20.00,35.00,16.00,200,299.99,15.00,30.00,12.00,300,,10.00,25.00,8.00,Envío estándar,Entrega en 2 a 5 días hábiles,Envío express,Entrega en 24 horas,Envío programado,Elige el día de entrega,,
1437,mi-tienda,MITI-151019,Lima,Yauyos,Lincha,151019,0,99.99,25.00,40.00,20.00,100,199.99,20.00,35.00,16.00,200,299.99,15.00,30.00,12.00,300,,10.00,25.00,8.00,Envío estándar,Entrega en 2 a 5 días hábiles,Envío express,Entrega en 24 horas,Envío programado,Elige el día de entrega,,
1438,mi-tienda,MITI-151020,Lima,Yauyos,Madean,151020,0,99.99,25.00,40.00,20.00,100,199.99,20.00,35.00,16.00,200,299.99,15.00,30.00,12.00,300,,10.00,25.00,8.00,Envío estándar,Entrega en 2 a 5 días hábiles,Envío express,Entrega en 24 horas,Envío programado,Elige el día de entrega,,
1439,mi-tienda,MITI-151021,Lima,Yauyos,Miraflores,151021,0,99.99,25.00,40.00,20.00,100,199.99,20.00,35.00,16.00,200,299.99,15.00,30.00,12.00,300,,10.00,25.00,8.00,Envío estándar,Entrega en 2 a 5 días hábiles,Envío express,Entrega en 24 horas,Envío programado,Elige el día de entrega,,
1440,mi-tienda,MITI-151022,Lima,Yauyos,Omas,151022,0,99.99,25.00,40.00,20.00,100,199.99,20.00,35.00,16.00,200,299.99,15.00,30.00,12.00,300,,10.00,25.00,8.00,Envío estándar,Entrega en 2 a 5 días hábiles,Envío express,Entrega en 24 horas,Envío programado,Elige el día de entrega,,
1441,mi-tienda,MITI-151023,Lima,Yauyos,Putinza,151023,0,99.99,25.00,40.00,20.00,100,199.99,20.00,35.00,16.00,200,299.99,15.00,30.00,12.00,300,,10.00,25.00,8.00,Envío estándar,Entrega en 2 a 5 días hábiles,Envío express,Entrega en 24 horas,Envío programado,Elige el día de entrega,,
1442,mi-tienda,MITI-151024,Lima,Yauyos,Quinches,151024,0,99.99,25.00,40.00,20.00,100,199.99,20.00,35.00,16.00,200,299.99,15.00,30.00,12.00,300,,10.00,25.00,8.00,Envío estándar,Entrega en 2 a 5 días hábiles,Envío express,Entrega en 24 horas,Envío programado,Elige el día de entrega,,
1443,mi-tienda,MITI-151025,Lima,Yauyos,Quinocay,151025,0,99.99,25.00,40.00,20.00,100,199.99,20.00,35.00,16.00,200,299.99,15.00,30.00,12.00,300,,10.00,25.00,8.00,Envío estándar,Entrega en 2 a 5 días hábiles,Envío express,Entrega en 24 horas,Envío programado,Elige el día de entrega,,
1444,mi-tienda,MITI-151026,Lima,Yauyos,San Joaquín,151026,0,99.99,25.00,40.00,20.00,100,199.99,20.00,35.00,16.00,200,299.99,15.00,30.00,12.00,300,,10.00,25.00,8.00,Envío estándar,Entrega en 2 a 5 días hábiles,Envío express,Entrega en 24 horas,Envío programado,Elige el día de entrega,,
1445,mi-tienda,MITI-151027,Lima,Yauyos,San Pedro de Pilas,151027,0,99.99,25.00,40.00,20.00,100,199.99,20.00,35.00,16.00,200,299.99,15.00,30.00,12.00,300,,10.00,25.00,8.00,Envío estándar,Entrega en 2 a 5 días hábiles,Envío express,Entrega en 24 horas,Envío programado,Elige el día de entrega,,
1446,mi-tienda,MITI-151028,Lima,Yauyos,Tanta,151028,0,99.99,25.00,40.00,20.00,100,199.99,20.00,35.00,16.00,200,299.99,15.00,30.00,12.00,300,,10.00,25.00,8.00,Envío estándar,Entrega en 2 a 5 días hábiles,Envío express,Entrega en 24 horas,Envío programado,Elige el día de entrega,,
1447,mi-tienda,MITI-151029,Lima,Yauyos,Tauripampa,151029,0,99.99,25.00,40.00,20.00,100,199.99,20.00,35.00,16.00,200,299.99,15.00,30.00,12.00,300,,10.00,25.00,8.00,Envío estándar,Entrega en 2 a 5 días hábiles,Envío express,Entrega en 24 horas,Envío programado,Elige el día de entrega,,
1448,mi-tienda,MITI-151030,Lima,Yauyos,Tomas,151030,0,99.99,25.00,40.00,20.00,100,199.99,20.00,35.00,16.00,200,299.99,15.00,30.00,12.00,300,,10.00,25.00,8.00,Envío estándar,Entrega en 2 a 5 días hábiles,Envío express,Entrega en 24 horas,Envío programado,Elige el día de entrega,,
1449,mi-tienda,MITI-151031,Lima,Yauyos,Tupe,151031,0,99.99,25.00,40.00,20.00,100,199.99,20.00,35.00,16.00,200,299.99,15.00,30.00,12.00,300,,10.00,25.00,8.00,Envío estándar,Entrega en 2 a 5 días hábiles,Envío express,Entrega en 24 horas,Envío programado,Elige el día de entrega,,
1450,mi-tienda,MITI-151032,Lima,Yauyos,Viñac,151032,0,99.99,25.00,40.00,20.00,100,199.99,20.00,35.00,16.00,200,299.99,15.00,30.00,12.00,300,,10.00,25.00,8.00,Envío estándar,Entrega en 2 a 5 días hábiles,Envío express,Entrega en 24 horas,Envío programado,Elige el día de entrega,,
1451,mi-tienda,MITI-151033,Lima,Yauyos,Vitis,151033,0,99.99,25.00,40.00,20.00,100,199.99,20.00,35.00,16.00,200,299.99,15.00,30.00,12.00,300,,10.00,25.00,8.00,Envío estándar,Entrega en 2 a 5 días hábiles,Envío express,Entrega en 24 horas,Envío programado,Elige el día de entrega,,
1452,mi-tienda,MITI-160101,Loreto,Maynas,Iquitos,160101,0,99.99,35.00,65.00,28.00,100,199.99,30.00,60.00,24.00,200,299.99,25.00,55.00,20.00,300,,20.00,50.00,16.00,Envío estándar,Entrega en 2 a 5 días hábiles,Envío express,Entrega en 24 horas,Envío programado,Elige el día de entrega,,
1453,mi-tienda,MITI-160102,Loreto,Maynas,Alto Nanay,160102,0,99.99,35.00,65.00,28.00,100,199.99,30.00,60.00,24.00,200,299.99,25.00,55.00,20.00,300,,20.00,50.00,16.00,Envío estándar,Entrega en 2 a 5 días hábiles,Envío express,Entrega en 24 horas,Envío programado,Elige el día de entrega,,
1454,mi-tienda,MITI-160103,Loreto,Maynas,Fernando Lores,160103,0,99.99,35.00,65.00,28.00,100,199.99,30.00,60.00,24.00,200,299.99,25.00,55.00,20.00,300,,20.00,50.00,16.00,Envío estándar,Entrega en 2 a 5 días hábiles,Envío express,Entrega en 24 horas,Envío programado,Elige el día de entrega,,
1455,mi-tienda,MITI-160104,Loreto,Maynas,Indiana,160104,0,99.99,35.00,65.00,28.00,100,199.99,30.00,60.00,24.00,200,299.99,25.00,55.00,20.00,300,,20.00,50.00,16.00,Envío estándar,Entrega en 2 a 5 días hábiles,Envío express,Entrega en 24 horas,Envío programado,Elige el día de entrega,,
1456,mi-tienda,MITI-160105,Loreto,Maynas,Las Amazonas,160105,0,99.99,35.00,65.00,28.00,100,199.99,30.00,60.00,24.00,200,299.99,25.00,55.00,20.00,300,,20.00,50.00,16.00,Envío estándar,Entrega en 2 a 5 días hábiles,Envío express,Entrega en 24 horas,Envío programado,Elige el día de entrega,,
1457,mi-tienda,MITI-160106,Loreto,Maynas,Mazan,160106,0,99.99,35.00,65.00,28.00,100,199.99,30.00,60.00,24.00,200,299.99,25.00,55.00,20.00,300,,20.00,50.00,16.00,Envío estándar,Entrega en 2 a 5 días hábiles,Envío express,Entrega en 24 horas,Envío programado,Elige el día de entrega,,
1458,mi-tienda,MITI-160107,Loreto,Maynas,Napo,160107,0,99.99,35.00,65.00,28.00,100,199.99,30.00,60.00,24.00,200,299.99,25.00,55.00,20.00,300,,20.00,50.00,16.00,Envío estándar,Entrega en 2 a 5 días hábiles,Envío express,Entrega en 24 horas,Envío programado,Elige el día de entrega,,
1459,mi-tienda,MITI-160108,Loreto,Maynas,Punchana,160108,0,99.99,35.00,65.00,28.00,100,199.99,30.00,60.00,24.00,200,299.99,25.00,55.00,20.00,300,,20.00,50.00,16.00,Envío estándar,Entrega en 2 a 5 días hábiles,Envío express,Entrega en 24 horas,Envío programado,Elige el día de entrega,,
1460,mi-tienda,MITI-160110,Loreto,Maynas,Torres Causana,160110,0,99.99,35.00,65.00,28.00,100,199.99,30.00,60.00,24.00,200,299.99,25.00,55.00,20.00,300,,20.00,50.00,16.00,Envío estándar,Entrega en 2 a 5 días hábiles,Envío express,Entrega en 24 horas,Envío programado,Elige el día de entrega,,
1461,mi-tienda,MITI-160112,Loreto,Maynas,Belén,160112,0,99.99,35.00,65.00,28.00,100,199.99,30.00,60.00,24.00,200,299.99,25.00,55.00,20.00,300,,20.00,50.00,16.00,Envío estándar,Entrega en 2 a 5 días hábiles,Envío express,Entrega en 24 horas,Envío programado,Elige el día de entrega,,
1462,mi-tienda,MITI-160113,Loreto,Maynas,San Juan Bautista,160113,0,99.99,35.00,65.00,28.00,100,199.99,30.00,60.00,24.00,200,299.99,25.00,55.00,20.00,300,,20.00,50.00,16.00,Envío estándar,Entrega en 2 a 5 días hábiles,Envío express,Entrega en 24 horas,Envío programado,Elige el día de entrega,,
1463,mi-tienda,MITI-160201,Loreto,Alto Amazonas,Yurimaguas,160201,0,99.99,35.00,65.00,28.00,100,199.99,30.00,60.00,24.00,200,299.99,25.00,55.00,20.00,300,,20.00,50.00,16.00,Envío estándar,Entrega en 2 a 5 días hábiles,Envío express,Entrega en 24 horas,Envío programado,Elige el día de entrega,,
1464,mi-tienda,MITI-160202,Loreto,Alto Amazonas,Balsapuerto,160202,0,99.99,35.00,65.00,28.00,100,199.99,30.00,60.00,24.00,200,299.99,25.00,55.00,20.00,300,,20.00,50.00,16.00,Envío estándar,Entrega en 2 a 5 días hábiles,Envío express,Entrega en 24 horas,Envío programado,Elige el día de entrega,,
1465,mi-tienda,MITI-160205,Loreto,Alto Amazonas,Jeberos,160205,0,99.99,35.00,65.00,28.00,100,199.99,30.00,60.00,24.00,200,299.99,25.00,55.00,20.00,300,,20.00,50.00,16.00,Envío estándar,Entrega en 2 a 5 días hábiles,Envío express,Entrega en 24 horas,Envío programado,Elige el día de entrega,,
1466,mi-tienda,MITI-160206,Loreto,Alto Amazonas,Lagunas,160206,0,99.99,35.00,65.00,28.00,100,199.99,30.00,60.00,24.00,200,299.99,25.00,55.00,20.00,300,,20.00,50.00,16.00,Envío estándar,Entrega en 2 a 5 días hábiles,Envío express,Entrega en 24 horas,Envío programado,Elige el día de entrega,,
1467,mi-tienda,MITI-160210,Loreto,Alto Amazonas,Santa Cruz,160210,0,99.99,35.00,65.00,28.00,100,199.99,30.00,60.00,24.00,200,299.99,25.00,55.00,20.00,300,,20.00,50.00,16.00,Envío estándar,Entrega en 2 a 5 días hábiles,Envío express,Entrega en 24 horas,Envío programado,Elige el día de entrega,,
1468,mi-tienda,MITI-160211,Loreto,Alto Amazonas,Teniente Cesar López Rojas,160211,0,99.99,35.00,65.00,28.00,100,199.99,30.00,60.00,24.00,200,299.99,25.00,55.00,20.00,300,,20.00,50.00,16.00,Envío estándar,Entrega en 2 a 5 días hábiles,Envío express,Entrega en 24 horas,Envío programado,Elige el día de entrega,,
1469,mi-tienda,MITI-160301,Loreto,Loreto,Nauta,160301,0,99.99,35.00,65.00,28.00,100,199.99,30.00,60.00,24.00,200,299.99,25.00,55.00,20.00,300,,20.00,50.00,16.00,Envío estándar,Entrega en 2 a 5 días hábiles,Envío express,Entrega en 24 horas,Envío programado,Elige el día de entrega,,
1470,mi-tienda,MITI-160302,Loreto,Loreto,Parinari,160302,0,99.99,35.00,65.00,28.00,100,199.99,30.00,60.00,24.00,200,299.99,25.00,55.00,20.00,300,,20.00,50.00,16.00,Envío estándar,Entrega en 2 a 5 días hábiles,Envío express,Entrega en 24 horas,Envío programado,Elige el día de entrega,,
1471,mi-tienda,MITI-160303,Loreto,Loreto,Tigre,160303,0,99.99,35.00,65.00,28.00,100,199.99,30.00,60.00,24.00,200,299.99,25.00,55.00,20.00,300,,20.00,50.00,16.00,Envío estándar,Entrega en 2 a 5 días hábiles,Envío express,Entrega en 24 horas,Envío programado,Elige el día de entrega,,
1472,mi-tienda,MITI-160304,Loreto,Loreto,Trompeteros,160304,0,99.99,35.00,65.00,28.00,100,199.99,30.00,60.00,24.00,200,299.99,25.00,55.00,20.00,300,,20.00,50.00,16.00,Envío estándar,Entrega en 2 a 5 días hábiles,Envío express,Entrega en 24 horas,Envío programado,Elige el día de entrega,,
1473,mi-tienda,MITI-160305,Loreto,Loreto,Urarinas,160305,0,99.99,35.00,65.00,28.00,100,199.99,30.00,60.00,24.00,200,299.99,25.00,55.00,20.00,300,,20.00,50.00,16.00,Envío estándar,Entrega en 2 a 5 días hábiles,Envío express,Entrega en 24 horas,Envío programado,Elige el día de entrega,,
1474,mi-tienda,MITI-160401,Loreto,Mariscal Ramón Castilla,Ramón Castilla,160401,0,99.99,35.00,65.00,28.00,100,199.99,30.00,60.00,24.00,200,299.99,25.00,55.00,20.00,300,,20.00,50.00,16.00,Envío estándar,Entrega en 2 a 5 días hábiles,Envío express,Entrega en 24 horas,Envío programado,Elige el día de entrega,,
1475,mi-tienda,MITI-160402,Loreto,Mariscal Ramón Castilla,Pebas,160402,0,99.99,35.00,65.00,28.00,100,199.99,30.00,60.00,24.00,200,299.99,25.00,55.00,20.00,300,,20.00,50.00,16.00,Envío estándar,Entrega en 2 a 5 días hábiles,Envío express,Entrega en 24 horas,Envío programado,Elige el día de entrega,,
1476,mi-tienda,MITI-160403,Loreto,Mariscal Ramón Castilla,Yavari,160403,0,99.99,35.00,65.00,28.00,100,199.99,30.00,60.00,24.00,200,299.99,25.00,55.00,20.00,300,,20.00,50.00,16.00,Envío estándar,Entrega en 2 a 5 días hábiles,Envío express,Entrega en 24 horas,Envío programado,Elige el día de entrega,,
1477,mi-tienda,MITI-160404,Loreto,Mariscal Ramón Castilla,San Pablo,160404,0,99.99,35.00,65.00,28.00,100,199.99,30.00,60.00,24.00,200,299.99,25.00,55.00,20.00,300,,20.00,50.00,16.00,Envío estándar,Entrega en 2 a 5 días hábiles,Envío express,Entrega en 24 horas,Envío programado,Elige el día de entrega,,
1478,mi-tienda,MITI-160501,Loreto,Requena,Requena,160501,0,99.99,35.00,65.00,28.00,100,199.99,30.00,60.00,24.00,200,299.99,25.00,55.00,20.00,300,,20.00,50.00,16.00,Envío estándar,Entrega en 2 a 5 días hábiles,Envío express,Entrega en 24 horas,Envío programado,Elige el día de entrega,,
1479,mi-tienda,MITI-160502,Loreto,Requena,Alto Tapiche,160502,0,99.99,35.00,65.00,28.00,100,199.99,30.00,60.00,24.00,200,299.99,25.00,55.00,20.00,300,,20.00,50.00,16.00,Envío estándar,Entrega en 2 a 5 días hábiles,Envío express,Entrega en 24 horas,Envío programado,Elige el día de entrega,,
1480,mi-tienda,MITI-160503,Loreto,Requena,Capelo,160503,0,99.99,35.00,65.00,28.00,100,199.99,30.00,60.00,24.00,200,299.99,25.00,55.00,20.00,300,,20.00,50.00,16.00,Envío estándar,Entrega en 2 a 5 días hábiles,Envío express,Entrega en 24 horas,Envío programado,Elige el día de entrega,,
1481,mi-tienda,MITI-160504,Loreto,Requena,Emilio San Martín,160504,0,99.99,35.00,65.00,28.00,100,199.99,30.00,60.00,24.00,200,299.99,25.00,55.00,20.00,300,,20.00,50.00,16.00,Envío estándar,Entrega en 2 a 5 días hábiles,Envío express,Entrega en 24 horas,Envío programado,Elige el día de entrega,,
1482,mi-tienda,MITI-160505,Loreto,Requena,Maquia,160505,0,99.99,35.00,65.00,28.00,100,199.99,30.00,60.00,24.00,200,299.99,25.00,55.00,20.00,300,,20.00,50.00,16.00,Envío estándar,Entrega en 2 a 5 días hábiles,Envío express,Entrega en 24 horas,Envío programado,Elige el día de entrega,,
1483,mi-tienda,MITI-160506,Loreto,Requena,Puinahua,160506,0,99.99,35.00,65.00,28.00,100,199.99,30.00,60.00,24.00,200,299.99,25.00,55.00,20.00,300,,20.00,50.00,16.00,Envío estándar,Entrega en 2 a 5 días hábiles,Envío express,Entrega en 24 horas,Envío programado,Elige el día de entrega,,
1484,mi-tienda,MITI-160507,Loreto,Requena,Saquena,160507,0,99.99,35.00,65.00,28.00,100,199.99,30.00,60.00,24.00,200,299.99,25.00,55.00,20.00,300,,20.00,50.00,16.00,Envío estándar,Entrega en 2 a 5 días hábiles,Envío express,Entrega en 24 horas,Envío programado,Elige el día de entrega,,
1485,mi-tienda,MITI-160508,Loreto,Requena,Soplin,160508,0,99.99,35.00,65.00,28.00,100,199.99,30.00,60.00,24.00,200,299.99,25.00,55.00,20.00,300,,20.00,50.00,16.00,Envío estándar,Entrega en 2 a 5 días hábiles,Envío express,Entrega en 24 horas,Envío programado,Elige el día de entrega,,
1486,mi-tienda,MITI-160509,Loreto,Requena,Tapiche,160509,0,99.99,35.00,65.00,28.00,100,199.99,30.00,60.00,24.00,200,299.99,25.00,55.00,20.00,300,,20.00,50.00,16.00,Envío estándar,Entrega en 2 a 5 días hábiles,Envío express,Entrega en 24 horas,Envío programado,Elige el día de entrega,,
1487,mi-tienda,MITI-160510,Loreto,Requena,Jenaro Herrera,160510,0,99.99,35.00,65.00,28.00,100,199.99,30.00,60.00,24.00,200,299.99,25.00,55.00,20.00,300,,20.00,50.00,16.00,Envío estándar,Entrega en 2 a 5 días hábiles,Envío express,Entrega en 24 horas,Envío programado,Elige el día de entrega,,
1488,mi-tienda,MITI-160511,Loreto,Requena,Yaquerana,160511,0,99.99,35.00,65.00,28.00,100,199.99,30.00,60.00,24.00,200,299.99,25.00,55.00,20.00,300,,20.00,50.00,16.00,Envío estándar,Entrega en 2 a 5 días hábiles,Envío express,Entrega en 24 horas,Envío programado,Elige el día de entrega,,
1489,mi-tienda,MITI-160601,Loreto,Ucayali,Contamana,160601,0,99.99,35.00,65.00,28.00,100,199.99,30.00,60.00,24.00,200,299.99,25.00,55.00,20.00,300,,20.00,50.00,16.00,Envío estándar,Entrega en 2 a 5 días hábiles,Envío express,Entrega en 24 horas,Envío programado,Elige el día de entrega,,
1490,mi-tienda,MITI-160602,Loreto,Ucayali,Inahuaya,160602,0,99.99,35.00,65.00,28.00,100,199.99,30.00,60.00,24.00,200,299.99,25.00,55.00,20.00,300,,20.00,50.00,16.00,Envío estándar,Entrega en 2 a 5 días hábiles,Envío express,Entrega en 24 horas,Envío programado,Elige el día de entrega,,
1491,mi-tienda,MITI-160603,Loreto,Ucayali,Padre Marquez,160603,0,99.99,35.00,65.00,28.00,100,199.99,30.00,60.00,24.00,200,299.99,25.00,55.00,20.00,300,,20.00,50.00,16.00,Envío estándar,Entrega en 2 a 5 días hábiles,Envío express,Entrega en 24 horas,Envío programado,Elige el día de entrega,,
1492,mi-tienda,MITI-160604,Loreto,Ucayali,Pampa Hermosa,160604,0,99.99,35.00,65.00,28.00,100,199.99,30.00,60.00,24.00,200,299.99,25.00,55.00,20.00,300,,20.00,50.00,16.00,Envío estándar,Entrega en 2 a 5 días hábiles,Envío express,Entrega en 24 horas,Envío programado,Elige el día de entrega,,
1493,mi-tienda,MITI-160605,Loreto,Ucayali,Sarayacu,160605,0,99.99,35.00,65.00,28.00,100,199.99,30.00,60.00,24.00,200,299.99,25.00,55.00,20.00,300,,20.00,50.00,16.00,Envío estándar,Entrega en 2 a 5 días hábiles,Envío express,Entrega en 24 horas,Envío programado,Elige el día de entrega,,
1494,mi-tienda,MITI-160606,Loreto,Ucayali,Vargas Guerra,160606,0,99.99,35.00,65.00,28.00,100,199.99,30.00,60.00,24.00,200,299.99,25.00,55.00,20.00,300,,20.00,50.00,16.00,Envío estándar,Entrega en 2 a 5 días hábiles,Envío express,Entrega en 24 horas,Envío programado,Elige el día de entrega,,
1495,mi-tienda,MITI-160701,Loreto,Datem del Marañon,Barranca,160701,0,99.99,35.00,65.00,28.00,100,199.99,30.00,60.00,24.00,200,299.99,25.00,55.00,20.00,300,,20.00,50.00,16.00,Envío estándar,Entrega en 2 a 5 días hábiles,Envío express,Entrega en 24 horas,Envío programado,Elige el día de entrega,,
1496,mi-tienda,MITI-160702,Loreto,Datem del Marañon,Cahuapanas,160702,0,99.99,35.00,65.00,28.00,100,199.99,30.00,60.00,24.00,200,299.99,25.00,55.00,20.00,300,,20.00,50.00,16.00,Envío estándar,Entrega en 2 a 5 días hábiles,Envío express,Entrega en 24 horas,Envío programado,Elige el día de entrega,,
1497,mi-tienda,MITI-160703,Loreto,Datem del Marañon,Manseriche,160703,0,99.99,35.00,65.00,28.00,100,199.99,30.00,60.00,24.00,200,299.99,25.00,55.00,20.00,300,,20.00,50.00,16.00,Envío estándar,Entrega en 2 a 5 días hábiles,Envío express,Entrega en 24 horas,Envío programado,Elige el día de entrega,,
1498,mi-tienda,MITI-160704,Loreto,Datem del Marañon,Morona,160704,0,99.99,35.00,65.00,28.00,100,199.99,30.00,60.00,24.00,200,299.99,25.00,55.00,20.00,300,,20.00,50.00,16.00,Envío estándar,Entrega en 2 a 5 días hábiles,Envío express,Entrega en 24 horas,Envío programado,Elige el día de entrega,,
1499,mi-tienda,MITI-160705,Loreto,Datem del Marañon,Pastaza,160705,0,99.99,35.00,65.00,28.00,100,199.99,30.00,60.00,24.00,200,299.99,25.00,55.00,20.00,300,,20.00,50.00,16.00,Envío estándar,Entrega en 2 a 5 días hábiles,Envío express,Entrega en 24 horas,Envío programado,Elige el día de entrega,,
1500,mi-tienda,MITI-160706,Loreto,Datem del Marañon,Andoas,160706,0,99.99,35.00,65.00,28.00,100,199.99,30.00,60.00,24.00,200,299.99,25.00,55.00,20.00,300,,20.00,50.00,16.00,Envío estándar,Entrega en 2 a 5 días hábiles,Envío express,Entrega en 24 horas,Envío programado,Elige el día de entrega,,
1501,mi-tienda,MITI-160801,Loreto,Maynas,Putumayo,160801,0,99.99,35.00,65.00,28.00,100,199.99,30.00,60.00,24.00,200,299.99,25.00,55.00,20.00,300,,20.00,50.00,16.00,Envío estándar,Entrega en 2 a 5 días hábiles,Envío express,Entrega en 24 horas,Envío programado,Elige el día de entrega,,
1502,mi-tienda,MITI-160802,Loreto,Maynas,Rosa Panduro,160802,0,99.99,35.00,65.00,28.00,100,199.99,30.00,60.00,24.00,200,299.99,25.00,55.00,20.00,300,,20.00,50.00,16.00,Envío estándar,Entrega en 2 a 5 días hábiles,Envío express,Entrega en 24 horas,Envío programado,Elige el día de entrega,,
1503,mi-tienda,MITI-160803,Loreto,Maynas,Teniente Manuel Clavero,160803,0,99.99,35.00,65.00,28.00,100,199.99,30.00,60.00,24.00,200,299.99,25.00,55.00,20.00,300,,20.00,50.00,16.00,Envío estándar,Entrega en 2 a 5 días hábiles,Envío express,Entrega en 24 horas,Envío programado,Elige el día de entrega,,
1504,mi-tienda,MITI-160804,Loreto,Maynas,Yaguas,160804,0,99.99,35.00,65.00,28.00,100,199.99,30.00,60.00,24.00,200,299.99,25.00,55.00,20.00,300,,20.00,50.00,16.00,Envío estándar,Entrega en 2 a 5 días hábiles,Envío express,Entrega en 24 horas,Envío programado,Elige el día de entrega,,
1505,mi-tienda,MITI-170101,Madre de Dios,Tambopata,Tambopata,170101,0,99.99,35.00,65.00,28.00,100,199.99,30.00,60.00,24.00,200,299.99,25.00,55.00,20.00,300,,20.00,50.00,16.00,Envío estándar,Entrega en 2 a 5 días hábiles,Envío express,Entrega en 24 horas,Envío programado,Elige el día de entrega,,
1506,mi-tienda,MITI-170102,Madre de Dios,Tambopata,Inambari,170102,0,99.99,35.00,65.00,28.00,100,199.99,30.00,60.00,24.00,200,299.99,25.00,55.00,20.00,300,,20.00,50.00,16.00,Envío estándar,Entrega en 2 a 5 días hábiles,Envío express,Entrega en 24 horas,Envío programado,Elige el día de entrega,,
1507,mi-tienda,MITI-170103,Madre de Dios,Tambopata,Las Piedras,170103,0,99.99,35.00,65.00,28.00,100,199.99,30.00,60.00,24.00,200,299.99,25.00,55.00,20.00,300,,20.00,50.00,16.00,Envío estándar,Entrega en 2 a 5 días hábiles,Envío express,Entrega en 24 horas,Envío programado,Elige el día de entrega,,
1508,mi-tienda,MITI-170104,Madre de Dios,Tambopata,Laberinto,170104,0,99.99,35.00,65.00,28.00,100,199.99,30.00,60.00,24.00,200,299.99,25.00,55.00,20.00,300,,20.00,50.00,16.00,Envío estándar,Entrega en 2 a 5 días hábiles,Envío express,Entrega en 24 horas,Envío programado,Elige el día de entrega,,
1509,mi-tienda,MITI-170201,Madre de Dios,Manu,Manu,170201,0,99.99,35.00,65.00,28.00,100,199.99,30.00,60.00,24.00,200,299.99,25.00,55.00,20.00,300,,20.00,50.00,16.00,Envío estándar,Entrega en 2 a 5 días hábiles,Envío express,Entrega en 24 horas,Envío programado,Elige el día de entrega,,
1510,mi-tienda,MITI-170202,Madre de Dios,Manu,Fitzcarrald,170202,0,99.99,35.00,65.00,28.00,100,199.99,30.00,60.00,24.00,200,299.99,25.00,55.00,20.00,300,,20.00,50.00,16.00,Envío estándar,Entrega en 2 a 5 días hábiles,Envío express,Entrega en 24 horas,Envío programado,Elige el día de entrega,,
1511,mi-tienda,MITI-170203,Madre de Dios,Manu,Madre de Dios,170203,0,99.99,35.00,65.00,28.00,100,199.99,30.00,60.00,24.00,200,299.99,25.00,55.00,20.00,300,,20.00,50.00,16.00,Envío estándar,Entrega en 2 a 5 días hábiles,Envío express,Entrega en 24 horas,Envío programado,Elige el día de entrega,,
1512,mi-tienda,MITI-170204,Madre de Dios,Manu,Huepetuhe,170204,0,99.99,35.00,65.00,28.00,100,199.99,30.00,60.00,24.00,200,299.99,25.00,55.00,20.00,300,,20.00,50.00,16.00,Envío estándar,Entrega en 2 a 5 días hábiles,Envío express,Entrega en 24 horas,Envío programado,Elige el día de entrega,,
1513,mi-tienda,MITI-170301,Madre de Dios,Tahuamanu,Iñapari,170301,0,99.99,35.00,65.00,28.00,100,199.99,30.00,60.00,24.00,200,299.99,25.00,55.00,20.00,300,,20.00,50.00,16.00,Envío estándar,Entrega en 2 a 5 días hábiles,Envío express,Entrega en 24 horas,Envío programado,Elige el día de entrega,,
1514,mi-tienda,MITI-170302,Madre de Dios,Tahuamanu,Iberia,170302,0,99.99,35.00,65.00,28.00,100,199.99,30.00,60.00,24.00,200,299.99,25.00,55.00,20.00,300,,20.00,50.00,16.00,Envío estándar,Entrega en 2 a 5 días hábiles,Envío express,Entrega en 24 horas,Envío programado,Elige el día de entrega,,
1515,mi-tienda,MITI-170303,Madre de Dios,Tahuamanu,Tahuamanu,170303,0,99.99,35.00,65.00,28.00,100,199.99,30.00,60.00,24.00,200,299.99,25.00,55.00,20.00,300,,20.00,50.00,16.00,Envío estándar,Entrega en 2 a 5 días hábiles,Envío express,Entrega en 24 horas,Envío programado,Elige el día de entrega,,
1516,mi-tienda,MITI-180101,Moquegua,Mariscal Nieto,Moquegua,180101,0,99.99,35.00,65.00,28.00,100,199.99,30.00,60.00,24.00,200,299.99,25.00,55.00,20.00,300,,20.00,50.00,16.00,Envío estándar,Entrega en 2 a 5 días hábiles,Envío express,Entrega en 24 horas,Envío programado,Elige el día de entrega,,
1517,mi-tienda,MITI-180102,Moquegua,Mariscal Nieto,Carumas,180102,0,99.99,35.00,65.00,28.00,100,199.99,30.00,60.00,24.00,200,299.99,25.00,55.00,20.00,300,,20.00,50.00,16.00,Envío estándar,Entrega en 2 a 5 días hábiles,Envío express,Entrega en 24 horas,Envío programado,Elige el día de entrega,,
1518,mi-tienda,MITI-180103,Moquegua,Mariscal Nieto,Cuchumbaya,180103,0,99.99,35.00,65.00,28.00,100,199.99,30.00,60.00,24.00,200,299.99,25.00,55.00,20.00,300,,20.00,50.00,16.00,Envío estándar,Entrega en 2 a 5 días hábiles,Envío express,Entrega en 24 horas,Envío programado,Elige el día de entrega,,
1519,mi-tienda,MITI-180104,Moquegua,Mariscal Nieto,Samegua,180104,0,99.99,35.00,65.00,28.00,100,199.99,30.00,60.00,24.00,200,299.99,25.00,55.00,20.00,300,,20.00,50.00,16.00,Envío estándar,Entrega en 2 a 5 días hábiles,Envío express,Entrega en 24 horas,Envío programado,Elige el día de entrega,,
1520,mi-tienda,MITI-180105,Moquegua,Mariscal Nieto,San Cristóbal,180105,0,99.99,35.00,65.00,28.00,100,199.99,30.00,60.00,24.00,200,299.99,25.00,55.00,20.00,300,,20.00,50.00,16.00,Envío estándar,Entrega en 2 a 5 días hábiles,Envío express,Entrega en 24 horas,Envío programado,Elige el día de entrega,,
1521,mi-tienda,MITI-180106,Moquegua,Mariscal Nieto,Torata,180106,0,99.99,35.00,65.00,28.00,100,199.99,30.00,60.00,24.00,200,299.99,25.00,55.00,20.00,300,,20.00,50.00,16.00,Envío estándar,Entrega en 2 a 5 días hábiles,Envío express,Entrega en 24 horas,Envío programado,Elige el día de entrega,,
1522,mi-tienda,MITI-180201,Moquegua,General Sánchez Cerro,Omate,180201,0,99.99,35.00,65.00,28.00,100,199.99,30.00,60.00,24.00,200,299.99,25.00,55.00,20.00,300,,20.00,50.00,16.00,Envío estándar,Entrega en 2 a 5 días hábiles,Envío express,Entrega en 24 horas,Envío programado,Elige el día de entrega,,
1523,mi-tienda,MITI-180202,Moquegua,General Sánchez Cerro,Chojata,180202,0,99.99,35.00,65.00,28.00,100,199.99,30.00,60.00,24.00,200,299.99,25.00,55.00,20.00,300,,20.00,50.00,16.00,Envío estándar,Entrega en 2 a 5 días hábiles,Envío express,Entrega en 24 horas,Envío programado,Elige el día de entrega,,
1524,mi-tienda,MITI-180203,Moquegua,General Sánchez Cerro,Coalaque,180203,0,99.99,35.00,65.00,28.00,100,199.99,30.00,60.00,24.00,200,299.99,25.00,55.00,20.00,300,,20.00,50.00,16.00,Envío estándar,Entrega en 2 a 5 días hábiles,Envío express,Entrega en 24 horas,Envío programado,Elige el día de entrega,,
1525,mi-tienda,MITI-180204,Moquegua,General Sánchez Cerro,Ichuña,180204,0,99.99,35.00,65.00,28.00,100,199.99,30.00,60.00,24.00,200,299.99,25.00,55.00,20.00,300,,20.00,50.00,16.00,Envío estándar,Entrega en 2 a 5 días hábiles,Envío express,Entrega en 24 horas,Envío programado,Elige el día de entrega,,
1526,mi-tienda,MITI-180205,Moquegua,General Sánchez Cerro,La Capilla,180205,0,99.99,35.00,65.00,28.00,100,199.99,30.00,60.00,24.00,200,299.99,25.00,55.00,20.00,300,,20.00,50.00,16.00,Envío estándar,Entrega en 2 a 5 días hábiles,Envío express,Entrega en 24 horas,Envío programado,Elige el día de entrega,,
1527,mi-tienda,MITI-180206,Moquegua,General Sánchez Cerro,Lloque,180206,0,99.99,35.00,65.00,28.00,100,199.99,30.00,60.00,24.00,200,299.99,25.00,55.00,20.00,300,,20.00,50.00,16.00,Envío estándar,Entrega en 2 a 5 días hábiles,Envío express,Entrega en 24 horas,Envío programado,Elige el día de entrega,,
1528,mi-tienda,MITI-180207,Moquegua,General Sánchez Cerro,Matalaque,180207,0,99.99,35.00,65.00,28.00,100,199.99,30.00,60.00,24.00,200,299.99,25.00,55.00,20.00,300,,20.00,50.00,16.00,Envío estándar,Entrega en 2 a 5 días hábiles,Envío express,Entrega en 24 horas,Envío programado,Elige el día de entrega,,
1529,mi-tienda,MITI-180208,Moquegua,General Sánchez Cerro,Puquina,180208,0,99.99,35.00,65.00,28.00,100,199.99,30.00,60.00,24.00,200,299.99,25.00,55.00,20.00,300,,20.00,50.00,16.00,Envío estándar,Entrega en 2 a 5 días hábiles,Envío express,Entrega en 24 horas,Envío programado,Elige el día de entrega,,
1530,mi-tienda,MITI-180209,Moquegua,General Sánchez Cerro,Quinistaquillas,180209,0,99.99,35.00,65.00,28.00,100,199.99,30.00,60.00,24.00,200,299.99,25.00,55.00,20.00,300,,20.00,50.00,16.00,Envío estándar,Entrega en 2 a 5 días hábiles,Envío express,Entrega en 24 horas,Envío programado,Elige el día de entrega,,
1531,mi-tienda,MITI-180210,Moquegua,General Sánchez Cerro,Ubinas,180210,0,99.99,35.00,65.00,28.00,100,199.99,30.00,60.00,24.00,200,299.99,25.00,55.00,20.00,300,,20.00,50.00,16.00,Envío estándar,Entrega en 2 a 5 días hábiles,Envío express,Entrega en 24 horas,Envío programado,Elige el día de entrega,,
1532,mi-tienda,MITI-180211,Moquegua,General Sánchez Cerro,Yunga,180211,0,99.99,35.00,65.00,28.00,100,199.99,30.00,60.00,24.00,200,299.99,25.00,55.00,20.00,300,,20.00,50.00,16.00,Envío estándar,Entrega en 2 a 5 días hábiles,Envío express,Entrega en 24 horas,Envío programado,Elige el día de entrega,,
1533,mi-tienda,MITI-180301,Moquegua,Ilo,Ilo,180301,0,99.99,35.00,65.00,28.00,100,199.99,30.00,60.00,24.00,200,299.99,25.00,55.00,20.00,300,,20.00,50.00,16.00,Envío estándar,Entrega en 2 a 5 días hábiles,Envío express,Entrega en 24 horas,Envío programado,Elige el día de entrega,,
1534,mi-tienda,MITI-180302,Moquegua,Ilo,El Algarrobal,180302,0,99.99,35.00,65.00,28.00,100,199.99,30.00,60.00,24.00,200,299.99,25.00,55.00,20.00,300,,20.00,50.00,16.00,Envío estándar,Entrega en 2 a 5 días hábiles,Envío express,Entrega en 24 horas,Envío programado,Elige el día de entrega,,
1535,mi-tienda,MITI-180303,Moquegua,Ilo,Pacocha,180303,0,99.99,35.00,65.00,28.00,100,199.99,30.00,60.00,24.00,200,299.99,25.00,55.00,20.00,300,,20.00,50.00,16.00,Envío estándar,Entrega en 2 a 5 días hábiles,Envío express,Entrega en 24 horas,Envío programado,Elige el día de entrega,,
1536,mi-tienda,MITI-190101,Pasco,Pasco,Chaupimarca,190101,0,99.99,35.00,65.00,28.00,100,199.99,30.00,60.00,24.00,200,299.99,25.00,55.00,20.00,300,,20.00,50.00,16.00,Envío estándar,Entrega en 2 a 5 días hábiles,Envío express,Entrega en 24 horas,Envío programado,Elige el día de entrega,,
1537,mi-tienda,MITI-190102,Pasco,Pasco,Huachon,190102,0,99.99,35.00,65.00,28.00,100,199.99,30.00,60.00,24.00,200,299.99,25.00,55.00,20.00,300,,20.00,50.00,16.00,Envío estándar,Entrega en 2 a 5 días hábiles,Envío express,Entrega en 24 horas,Envío programado,Elige el día de entrega,,
1538,mi-tienda,MITI-190103,Pasco,Pasco,Huariaca,190103,0,99.99,35.00,65.00,28.00,100,199.99,30.00,60.00,24.00,200,299.99,25.00,55.00,20.00,300,,20.00,50.00,16.00,Envío estándar,Entrega en 2 a 5 días hábiles,Envío express,Entrega en 24 horas,Envío programado,Elige el día de entrega,,
1539,mi-tienda,MITI-190104,Pasco,Pasco,Huayllay,190104,0,99.99,35.00,65.00,28.00,100,199.99,30.00,60.00,24.00,200,299.99,25.00,55.00,20.00,300,,20.00,50.00,16.00,Envío estándar,Entrega en 2 a 5 días hábiles,Envío express,Entrega en 24 horas,Envío programado,Elige el día de entrega,,
1540,mi-tienda,MITI-190105,Pasco,Pasco,Ninacaca,190105,0,99.99,35.00,65.00,28.00,100,199.99,30.00,60.00,24.00,200,299.99,25.00,55.00,20.00,300,,20.00,50.00,16.00,Envío estándar,Entrega en 2 a 5 días hábiles,Envío express,Entrega en 24 horas,Envío programado,Elige el día de entrega,,
1541,mi-tienda,MITI-190106,Pasco,Pasco,Pallanchacra,190106,0,99.99,35.00,65.00,28.00,100,199.99,30.00,60.00,24.00,200,299.99,25.00,55.00,20.00,300,,20.00,50.00,16.00,Envío estándar,Entrega en 2 a 5 días hábiles,Envío express,Entrega en 24 horas,Envío programado,Elige el día de entrega,,
1542,mi-tienda,MITI-190107,Pasco,Pasco,Paucartambo,190107,0,99.99,35.00,65.00,28.00,100,199.99,30.00,60.00,24.00,200,299.99,25.00,55.00,20.00,300,,20.00,50.00,16.00,Envío estándar,Entrega en 2 a 5 días hábiles,Envío express,Entrega en 24 horas,Envío programado,Elige el día de entrega,,
1543,mi-tienda,MITI-190108,Pasco,Pasco,San Francisco de Asís de Yarusyacan,190108,0,99.99,35.00,65.00,28.00,100,199.99,30.00,60.00,24.00,200,299.99,25.00,55.00,20.00,300,,20.00,50.00,16.00,Envío estándar,Entrega en 2 a 5 días hábiles,Envío express,Entrega en 24 horas,Envío programado,Elige el día de entrega,,
1544,mi-tienda,MITI-190109,Pasco,Pasco,Simon Bolivar,190109,0,99.99,35.00,65.00,28.00,100,199.99,30.00,60.00,24.00,200,299.99,25.00,55.00,20.00,300,,20.00,50.00,16.00,Envío estándar,Entrega en 2 a 5 días hábiles,Envío express,Entrega en 24 horas,Envío programado,Elige el día de entrega,,
1545,mi-tienda,MITI-190110,Pasco,Pasco,Ticlacayan,190110,0,99.99,35.00,65.00,28.00,100,199.99,30.00,60.00,24.00,200,299.99,25.00,55.00,20.00,300,,20.00,50.00,16.00,Envío estándar,Entrega en 2 a 5 días hábiles,Envío express,Entrega en 24 horas,Envío programado,Elige el día de entrega,,
1546,mi-tienda,MITI-190111,Pasco,Pasco,Tinyahuarco,190111,0,99.99,35.00,65.00,28.00,100,199.99,30.00,60.00,24.00,200,299.99,25.00,55.00,20.00,300,,20.00,50.00,16.00,Envío estándar,Entrega en 2 a 5 días hábiles,Envío express,Entrega en 24 horas,Envío programado,Elige el día de entrega,,
1547,mi-tienda,MITI-190112,Pasco,Pasco,Vicco,190112,0,99.99,35.00,65.00,28.00,100,199.99,30.00,60.00,24.00,200,299.99,25.00,55.00,20.00,300,,20.00,50.00,16.00,Envío estándar,Entrega en 2 a 5 días hábiles,Envío express,Entrega en 24 horas,Envío programado,Elige el día de entrega,,
1548,mi-tienda,MITI-190113,Pasco,Pasco,Yanacancha,190113,0,99.99,35.00,65.00,28.00,100,199.99,30.00,60.00,24.00,200,299.99,25.00,55.00,20.00,300,,20.00,50.00,16.00,Envío estándar,Entrega en 2 a 5 días hábiles,Envío express,Entrega en 24 horas,Envío programado,Elige el día de entrega,,
1549,mi-tienda,MITI-190201,Pasco,Daniel Alcides Carrión,Yanahuanca,190201,0,99.99,35.00,65.00,28.00,100,199.99,30.00,60.00,24.00,200,299.99,25.00,55.00,20.00,300,,20.00,50.00,16.00,Envío estándar,Entrega en 2 a 5 días hábiles,Envío express,Entrega en 24 horas,Envío programado,Elige el día de entrega,,
1550,mi-tienda,MITI-190202,Pasco,Daniel Alcides Carrión,Chacayan,190202,0,99.99,35.00,65.00,28.00,100,199.99,30.00,60.00,24.00,200,299.99,25.00,55.00,20.00,300,,20.00,50.00,16.00,Envío estándar,Entrega en 2 a 5 días hábiles,Envío express,Entrega en 24 horas,Envío programado,Elige el día de entrega,,
1551,mi-tienda,MITI-190203,Pasco,Daniel Alcides Carrión,Goyllarisquizga,190203,0,99.99,35.00,65.00,28.00,100,199.99,30.00,60.00,24.00,200,299.99,25.00,55.00,20.00,300,,20.00,50.00,16.00,Envío estándar,Entrega en 2 a 5 días hábiles,Envío express,Entrega en 24 horas,Envío programado,Elige el día de entrega,,
1552,mi-tienda,MITI-190204,Pasco,Daniel Alcides Carrión,Paucar,190204,0,99.99,35.00,65.00,28.00,100,199.99,30.00,60.00,24.00,200,299.99,25.00,55.00,20.00,300,,20.00,50.00,16.00,Envío estándar,Entrega en 2 a 5 días hábiles,Envío express,Entrega en 24 horas,Envío programado,Elige el día de entrega,,
1553,mi-tienda,MITI-190205,Pasco,Daniel Alcides Carrión,San Pedro de Pillao,190205,0,99.99,35.00,65.00,28.00,100,199.99,30.00,60.00,24.00,200,299.99,25.00,55.00,20.00,300,,20.00,50.00,16.00,Envío estándar,Entrega en 2 a 5 días hábiles,Envío express,Entrega en 24 horas,Envío programado,Elige el día de entrega,,
1554,mi-tienda,MITI-190206,Pasco,Daniel Alcides Carrión,Santa Ana de Tusi,190206,0,99.99,35.00,65.00,28.00,100,199.99,30.00,60.00,24.00,200,299.99,25.00,55.00,20.00,300,,20.00,50.00,16.00,Envío estándar,Entrega en 2 a 5 días hábiles,Envío express,Entrega en 24 horas,Envío programado,Elige el día de entrega,,
1555,mi-tienda,MITI-190207,Pasco,Daniel Alcides Carrión,Tapuc,190207,0,99.99,35.00,65.00,28.00,100,199.99,30.00,60.00,24.00,200,299.99,25.00,55.00,20.00,300,,20.00,50.00,16.00,Envío estándar,Entrega en 2 a 5 días hábiles,Envío express,Entrega en 24 horas,Envío programado,Elige el día de entrega,,
1556,mi-tienda,MITI-190208,Pasco,Daniel Alcides Carrión,Vilcabamba,190208,0,99.99,35.00,65.00,28.00,100,199.99,30.00,60.00,24.00,200,299.99,25.00,55.00,20.00,300,,20.00,50.00,16.00,Envío estándar,Entrega en 2 a 5 días hábiles,Envío express,Entrega en 24 horas,Envío programado,Elige el día de entrega,,
1557,mi-tienda,MITI-190301,Pasco,Oxapampa,Oxapampa,190301,0,99.99,35.00,65.00,28.00,100,199.99,30.00,60.00,24.00,200,299.99,25.00,55.00,20.00,300,,20.00,50.00,16.00,Envío estándar,Entrega en 2 a 5 días hábiles,Envío express,Entrega en 24 horas,Envío programado,Elige el día de entrega,,
1558,mi-tienda,MITI-190302,Pasco,Oxapampa,Chontabamba,190302,0,99.99,35.00,65.00,28.00,100,199.99,30.00,60.00,24.00,200,299.99,25.00,55.00,20.00,300,,20.00,50.00,16.00,Envío estándar,Entrega en 2 a 5 días hábiles,Envío express,Entrega en 24 horas,Envío programado,Elige el día de entrega,,
1559,mi-tienda,MITI-190303,Pasco,Oxapampa,Huancabamba,190303,0,99.99,35.00,65.00,28.00,100,199.99,30.00,60.00,24.00,200,299.99,25.00,55.00,20.00,300,,20.00,50.00,16.00,Envío estándar,Entrega en 2 a 5 días hábiles,Envío express,Entrega en 24 horas,Envío programado,Elige el día de entrega,,
1560,mi-tienda,MITI-190304,Pasco,Oxapampa,Palcazu,190304,0,99.99,35.00,65.00,28.00,100,199.99,30.00,60.00,24.00,200,299.99,25.00,55.00,20.00,300,,20.00,50.00,16.00,Envío estándar,Entrega en 2 a 5 días hábiles,Envío express,Entrega en 24 horas,Envío programado,Elige el día de entrega,,
1561,mi-tienda,MITI-190305,Pasco,Oxapampa,Pozuzo,190305,0,99.99,35.00,65.00,28.00,100,199.99,30.00,60.00,24.00,200,299.99,25.00,55.00,20.00,300,,20.00,50.00,16.00,Envío estándar,Entrega en 2 a 5 días hábiles,Envío express,Entrega en 24 horas,Envío programado,Elige el día de entrega,,
1562,mi-tienda,MITI-190306,Pasco,Oxapampa,Puerto Bermúdez,190306,0,99.99,35.00,65.00,28.00,100,199.99,30.00,60.00,24.00,200,299.99,25.00,55.00,20.00,300,,20.00,50.00,16.00,Envío estándar,Entrega en 2 a 5 días hábiles,Envío express,Entrega en 24 horas,Envío programado,Elige el día de entrega,,
1563,mi-tienda,MITI-190307,Pasco,Oxapampa,Villa Rica,190307,0,99.99,35.00,65.00,28.00,100,199.99,30.00,60.00,24.00,200,299.99,25.00,55.00,20.00,300,,20.00,50.00,16.00,Envío estándar,Entrega en 2 a 5 días hábiles,Envío express,Entrega en 24 horas,Envío programado,Elige el día de entrega,,
1564,mi-tienda,MITI-190308,Pasco,Oxapampa,Constitución,190308,0,99.99,35.00,65.00,28.00,100,199.99,30.00,60.00,24.00,200,299.99,25.00,55.00,20.00,300,,20.00,50.00,16.00,Envío estándar,Entrega en 2 a 5 días hábiles,Envío express,Entrega en 24 horas,Envío programado,Elige el día de entrega,,
1565,mi-tienda,MITI-200101,Piura,Piura,Piura,200101,0,99.99,30.00,55.00,24.00,100,199.99,25.00,50.00,20.00,200,299.99,20.00,45.00,16.00,300,,15.00,40.00,12.00,Envío estándar,Entrega en 2 a 5 días hábiles,Envío express,Entrega en 24 horas,Envío programado,Elige el día de entrega,,
1566,mi-tienda,MITI-200104,Piura,Piura,Castilla,200104,0,99.99,30.00,55.00,24.00,100,199.99,25.00,50.00,20.00,200,299.99,20.00,45.00,16.00,300,,15.00,40.00,12.00,Envío estándar,Entrega en 2 a 5 días hábiles,Envío express,Entrega en 24 horas,Envío programado,Elige el día de entrega,,
1567,mi-tienda,MITI-200105,Piura,Piura,Catacaos,200105,0,99.99,30.00,55.00,24.00,100,199.99,25.00,50.00,20.00,200,299.99,20.00,45.00,16.00,300,,15.00,40.00,12.00,Envío estándar,Entrega en 2 a 5 días hábiles,Envío express,Entrega en 24 horas,Envío programado,Elige el día de entrega,,
1568,mi-tienda,MITI-200107,Piura,Piura,Cura Mori,200107,0,99.99,30.00,55.00,24.00,100,199.99,25.00,50.00,20.00,200,299.99,20.00,45.00,16.00,300,,15.00,40.00,12.00,Envío estándar,Entrega en 2 a 5 días hábiles,Envío express,Entrega en 24 horas,Envío programado,Elige el día de entrega,,
1569,mi-tienda,MITI-200108,Piura,Piura,El Tallan,200108,0,99.99,30.00,55.00,24.00,100,199.99,25.00,50.00,20.00,200,299.99,20.00,45.00,16.00,300,,15.00,40.00,12.00,Envío estándar,Entrega en 2 a 5 días hábiles,Envío express,Entrega en 24 horas,Envío programado,Elige el día de entrega,,
1570,mi-tienda,MITI-200109,Piura,Piura,La Arena,200109,0,99.99,30.00,55.00,24.00,100,199.99,25.00,50.00,20.00,200,299.99,20.00,45.00,16.00,300,,15.00,40.00,12.00,Envío estándar,Entrega en 2 a 5 días hábiles,Envío express,Entrega en 24 horas,Envío programado,Elige el día de entrega,,
1571,mi-tienda,MITI-200110,Piura,Piura,La Union,200110,0,99.99,30.00,55.00,24.00,100,199.99,25.00,50.00,20.00,200,299.99,20.00,45.00,16.00,300,,15.00,40.00,12.00,Envío estándar,Entrega en 2 a 5 días hábiles,Envío express,Entrega en 24 horas,Envío programado,Elige el día de entrega,,
1572,mi-tienda,MITI-200111,Piura,Piura,Las Lomas,200111,0,99.99,30.00,55.00,24.00,100,199.99,25.00,50.00,20.00,200,299.99,20.00,45.00,16.00,300,,15.00,40.00,12.00,Envío estándar,Entrega en 2 a 5 días hábiles,Envío express,Entrega en 24 horas,Envío programado,Elige el día de entrega,,
1573,mi-tienda,MITI-200114,Piura,Piura,Tambo Grande,200114,0,99.99,30.00,55.00,24.00,100,199.99,25.00,50.00,20.00,200,299.99,20.00,45.00,16.00,300,,15.00,40.00,12.00,Envío estándar,Entrega en 2 a 5 días hábiles,Envío express,Entrega en 24 horas,Envío programado,Elige el día de entrega,,
1574,mi-tienda,MITI-200115,Piura,Piura,26 de Octubre,200115,0,99.99,30.00,55.00,24.00,100,199.99,25.00,50.00,20.00,200,299.99,20.00,45.00,16.00,300,,15.00,40.00,12.00,Envío estándar,Entrega en 2 a 5 días hábiles,Envío express,Entrega en 24 horas,Envío programado,Elige el día de entrega,,
1575,mi-tienda,MITI-200201,Piura,Ayabaca,Ayabaca,200201,0,99.99,30.00,55.00,24.00,100,199.99,25.00,50.00,20.00,200,299.99,20.00,45.00,16.00,300,,15.00,40.00,12.00,Envío estándar,Entrega en 2 a 5 días hábiles,Envío express,Entrega en 24 horas,Envío programado,Elige el día de entrega,,
1576,mi-tienda,MITI-200202,Piura,Ayabaca,Frias,200202,0,99.99,30.00,55.00,24.00,100,199.99,25.00,50.00,20.00,200,299.99,20.00,45.00,16.00,300,,15.00,40.00,12.00,Envío estándar,Entrega en 2 a 5 días hábiles,Envío express,Entrega en 24 horas,Envío programado,Elige el día de entrega,,
1577,mi-tienda,MITI-200203,Piura,Ayabaca,Jilili,200203,0,99.99,30.00,55.00,24.00,100,199.99,25.00,50.00,20.00,200,299.99,20.00,45.00,16.00,300,,15.00,40.00,12.00,Envío estándar,Entrega en 2 a 5 días hábiles,Envío express,Entrega en 24 horas,Envío programado,Elige el día de entrega,,
1578,mi-tienda,MITI-200204,Piura,Ayabaca,Lagunas,200204,0,99.99,30.00,55.00,24.00,100,199.99,25.00,50.00,20.00,200,299.99,20.00,45.00,16.00,300,,15.00,40.00,12.00,Envío estándar,Entrega en 2 a 5 días hábiles,Envío express,Entrega en 24 horas,Envío programado,Elige el día de entrega,,
1579,mi-tienda,MITI-200205,Piura,Ayabaca,Montero,200205,0,99.99,30.00,55.00,24.00,100,199.99,25.00,50.00,20.00,200,299.99,20.00,45.00,16.00,300,,15.00,40.00,12.00,Envío estándar,Entrega en 2 a 5 días hábiles,Envío express,Entrega en 24 horas,Envío programado,Elige el día de entrega,,
1580,mi-tienda,MITI-200206,Piura,Ayabaca,Pacaipampa,200206,0,99.99,30.00,55.00,24.00,100,199.99,25.00,50.00,20.00,200,299.99,20.00,45.00,16.00,300,,15.00,40.00,12.00,Envío estándar,Entrega en 2 a 5 días hábiles,Envío express,Entrega en 24 horas,Envío programado,Elige el día de entrega,,
1581,mi-tienda,MITI-200207,Piura,Ayabaca,Paimas,200207,0,99.99,30.00,55.00,24.00,100,199.99,25.00,50.00,20.00,200,299.99,20.00,45.00,16.00,300,,15.00,40.00,12.00,Envío estándar,Entrega en 2 a 5 días hábiles,Envío express,Entrega en 24 horas,Envío programado,Elige el día de entrega,,
1582,mi-tienda,MITI-200208,Piura,Ayabaca,Sapillica,200208,0,99.99,30.00,55.00,24.00,100,199.99,25.00,50.00,20.00,200,299.99,20.00,45.00,16.00,300,,15.00,40.00,12.00,Envío estándar,Entrega en 2 a 5 días hábiles,Envío express,Entrega en 24 horas,Envío programado,Elige el día de entrega,,
1583,mi-tienda,MITI-200209,Piura,Ayabaca,Sicchez,200209,0,99.99,30.00,55.00,24.00,100,199.99,25.00,50.00,20.00,200,299.99,20.00,45.00,16.00,300,,15.00,40.00,12.00,Envío estándar,Entrega en 2 a 5 días hábiles,Envío express,Entrega en 24 horas,Envío programado,Elige el día de entrega,,
1584,mi-tienda,MITI-200210,Piura,Ayabaca,Suyo,200210,0,99.99,30.00,55.00,24.00,100,199.99,25.00,50.00,20.00,200,299.99,20.00,45.00,16.00,300,,15.00,40.00,12.00,Envío estándar,Entrega en 2 a 5 días hábiles,Envío express,Entrega en 24 horas,Envío programado,Elige el día de entrega,,
1585,mi-tienda,MITI-200301,Piura,Huancabamba,Huancabamba,200301,0,99.99,30.00,55.00,24.00,100,199.99,25.00,50.00,20.00,200,299.99,20.00,45.00,16.00,300,,15.00,40.00,12.00,Envío estándar,Entrega en 2 a 5 días hábiles,Envío express,Entrega en 24 horas,Envío programado,Elige el día de entrega,,
1586,mi-tienda,MITI-200302,Piura,Huancabamba,Canchaque,200302,0,99.99,30.00,55.00,24.00,100,199.99,25.00,50.00,20.00,200,299.99,20.00,45.00,16.00,300,,15.00,40.00,12.00,Envío estándar,Entrega en 2 a 5 días hábiles,Envío express,Entrega en 24 horas,Envío programado,Elige el día de entrega,,
1587,mi-tienda,MITI-200303,Piura,Huancabamba,El Carmen de La Frontera,200303,0,99.99,30.00,55.00,24.00,100,199.99,25.00,50.00,20.00,200,299.99,20.00,45.00,16.00,300,,15.00,40.00,12.00,Envío estándar,Entrega en 2 a 5 días hábiles,Envío express,Entrega en 24 horas,Envío programado,Elige el día de entrega,,
1588,mi-tienda,MITI-200304,Piura,Huancabamba,Huarmaca,200304,0,99.99,30.00,55.00,24.00,100,199.99,25.00,50.00,20.00,200,299.99,20.00,45.00,16.00,300,,15.00,40.00,12.00,Envío estándar,Entrega en 2 a 5 días hábiles,Envío express,Entrega en 24 horas,Envío programado,Elige el día de entrega,,
1589,mi-tienda,MITI-200305,Piura,Huancabamba,Lalaquiz,200305,0,99.99,30.00,55.00,24.00,100,199.99,25.00,50.00,20.00,200,299.99,20.00,45.00,16.00,300,,15.00,40.00,12.00,Envío estándar,Entrega en 2 a 5 días hábiles,Envío express,Entrega en 24 horas,Envío programado,Elige el día de entrega,,
1590,mi-tienda,MITI-200306,Piura,Huancabamba,San Miguel de El Faique,200306,0,99.99,30.00,55.00,24.00,100,199.99,25.00,50.00,20.00,200,299.99,20.00,45.00,16.00,300,,15.00,40.00,12.00,Envío estándar,Entrega en 2 a 5 días hábiles,Envío express,Entrega en 24 horas,Envío programado,Elige el día de entrega,,
1591,mi-tienda,MITI-200307,Piura,Huancabamba,Sondor,200307,0,99.99,30.00,55.00,24.00,100,199.99,25.00,50.00,20.00,200,299.99,20.00,45.00,16.00,300,,15.00,40.00,12.00,Envío estándar,Entrega en 2 a 5 días hábiles,Envío express,Entrega en 24 horas,Envío programado,Elige el día de entrega,,
1592,mi-tienda,MITI-200308,Piura,Huancabamba,Sondorillo,200308,0,99.99,30.00,55.00,24.00,100,199.99,25.00,50.00,20.00,200,299.99,20.00,45.00,16.00,300,,15.00,40.00,12.00,Envío estándar,Entrega en 2 a 5 días hábiles,Envío express,Entrega en 24 horas,Envío programado,Elige el día de entrega,,
1593,mi-tienda,MITI-200401,Piura,Morropon,Chulucanas,200401,0,99.99,30.00,55.00,24.00,100,199.99,25.00,50.00,20.00,200,299.99,20.00,45.00,16.00,300,,15.00,40.00,12.00,Envío estándar,Entrega en 2 a 5 días hábiles,Envío express,Entrega en 24 horas,Envío programado,Elige el día de entrega,,
1594,mi-tienda,MITI-200402,Piura,Morropon,Buenos Aires,200402,0,99.99,30.00,55.00,24.00,100,199.99,25.00,50.00,20.00,200,299.99,20.00,45.00,16.00,300,,15.00,40.00,12.00,Envío estándar,Entrega en 2 a 5 días hábiles,Envío express,Entrega en 24 horas,Envío programado,Elige el día de entrega,,
1595,mi-tienda,MITI-200403,Piura,Morropon,Chalaco,200403,0,99.99,30.00,55.00,24.00,100,199.99,25.00,50.00,20.00,200,299.99,20.00,45.00,16.00,300,,15.00,40.00,12.00,Envío estándar,Entrega en 2 a 5 días hábiles,Envío express,Entrega en 24 horas,Envío programado,Elige el día de entrega,,
1596,mi-tienda,MITI-200404,Piura,Morropon,La Matanza,200404,0,99.99,30.00,55.00,24.00,100,199.99,25.00,50.00,20.00,200,299.99,20.00,45.00,16.00,300,,15.00,40.00,12.00,Envío estándar,Entrega en 2 a 5 días hábiles,Envío express,Entrega en 24 horas,Envío programado,Elige el día de entrega,,
1597,mi-tienda,MITI-200405,Piura,Morropon,Morropon,200405,0,99.99,30.00,55.00,24.00,100,199.99,25.00,50.00,20.00,200,299.99,20.00,45.00,16.00,300,,15.00,40.00,12.00,Envío estándar,Entrega en 2 a 5 días hábiles,Envío express,Entrega en 24 horas,Envío programado,Elige el día de entrega,,
1598,mi-tienda,MITI-200406,Piura,Morropon,Salitral,200406,0,99.99,30.00,55.00,24.00,100,199.99,25.00,50.00,20.00,200,299.99,20.00,45.00,16.00,300,,15.00,40.00,12.00,Envío estándar,Entrega en 2 a 5 días hábiles,Envío express,Entrega en 24 horas,Envío programado,Elige el día de entrega,,
1599,mi-tienda,MITI-200407,Piura,Morropon,San Juan de Bigote,200407,0,99.99,30.00,55.00,24.00,100,199.99,25.00,50.00,20.00,200,299.99,20.00,45.00,16.00,300,,15.00,40.00,12.00,Envío estándar,Entrega en 2 a 5 días hábiles,Envío express,Entrega en 24 horas,Envío programado,Elige el día de entrega,,
1600,mi-tienda,MITI-200408,Piura,Morropon,Santa Catalina de Mossa,200408,0,99.99,30.00,55.00,24.00,100,199.99,25.00,50.00,20.00,200,299.99,20.00,45.00,16.00,300,,15.00,40.00,12.00,Envío estándar,Entrega en 2 a 5 días hábiles,Envío express,Entrega en 24 horas,Envío programado,Elige el día de entrega,,
1601,mi-tienda,MITI-200409,Piura,Morropon,Santo Domingo,200409,0,99.99,30.00,55.00,24.00,100,199.99,25.00,50.00,20.00,200,299.99,20.00,45.00,16.00,300,,15.00,40.00,12.00,Envío estándar,Entrega en 2 a 5 días hábiles,Envío express,Entrega en 24 horas,Envío programado,Elige el día de entrega,,
1602,mi-tienda,MITI-200410,Piura,Morropon,Yamango,200410,0,99.99,30.00,55.00,24.00,100,199.99,25.00,50.00,20.00,200,299.99,20.00,45.00,16.00,300,,15.00,40.00,12.00,Envío estándar,Entrega en 2 a 5 días hábiles,Envío express,Entrega en 24 horas,Envío programado,Elige el día de entrega,,
1603,mi-tienda,MITI-200501,Piura,Paita,Paita,200501,0,99.99,30.00,55.00,24.00,100,199.99,25.00,50.00,20.00,200,299.99,20.00,45.00,16.00,300,,15.00,40.00,12.00,Envío estándar,Entrega en 2 a 5 días hábiles,Envío express,Entrega en 24 horas,Envío programado,Elige el día de entrega,,
1604,mi-tienda,MITI-200502,Piura,Paita,Amotape,200502,0,99.99,30.00,55.00,24.00,100,199.99,25.00,50.00,20.00,200,299.99,20.00,45.00,16.00,300,,15.00,40.00,12.00,Envío estándar,Entrega en 2 a 5 días hábiles,Envío express,Entrega en 24 horas,Envío programado,Elige el día de entrega,,
1605,mi-tienda,MITI-200503,Piura,Paita,Arenal,200503,0,99.99,30.00,55.00,24.00,100,199.99,25.00,50.00,20.00,200,299.99,20.00,45.00,16.00,300,,15.00,40.00,12.00,Envío estándar,Entrega en 2 a 5 días hábiles,Envío express,Entrega en 24 horas,Envío programado,Elige el día de entrega,,
1606,mi-tienda,MITI-200504,Piura,Paita,Colan,200504,0,99.99,30.00,55.00,24.00,100,199.99,25.00,50.00,20.00,200,299.99,20.00,45.00,16.00,300,,15.00,40.00,12.00,Envío estándar,Entrega en 2 a 5 días hábiles,Envío express,Entrega en 24 horas,Envío programado,Elige el día de entrega,,
1607,mi-tienda,MITI-200505,Piura,Paita,La Huaca,200505,0,99.99,30.00,55.00,24.00,100,199.99,25.00,50.00,20.00,200,299.99,20.00,45.00,16.00,300,,15.00,40.00,12.00,Envío estándar,Entrega en 2 a 5 días hábiles,Envío express,Entrega en 24 horas,Envío programado,Elige el día de entrega,,
1608,mi-tienda,MITI-200506,Piura,Paita,Tamarindo,200506,0,99.99,30.00,55.00,24.00,100,199.99,25.00,50.00,20.00,200,299.99,20.00,45.00,16.00,300,,15.00,40.00,12.00,Envío estándar,Entrega en 2 a 5 días hábiles,Envío express,Entrega en 24 horas,Envío programado,Elige el día de entrega,,
1609,mi-tienda,MITI-200507,Piura,Paita,Vichayal,200507,0,99.99,30.00,55.00,24.00,100,199.99,25.00,50.00,20.00,200,299.99,20.00,45.00,16.00,300,,15.00,40.00,12.00,Envío estándar,Entrega en 2 a 5 días hábiles,Envío express,Entrega en 24 horas,Envío programado,Elige el día de entrega,,
1610,mi-tienda,MITI-200601,Piura,Sullana,Sullana,200601,0,99.99,30.00,55.00,24.00,100,199.99,25.00,50.00,20.00,200,299.99,20.00,45.00,16.00,300,,15.00,40.00,12.00,Envío estándar,Entrega en 2 a 5 días hábiles,Envío express,Entrega en 24 horas,Envío programado,Elige el día de entrega,,
1611,mi-tienda,MITI-200602,Piura,Sullana,Bellavista,200602,0,99.99,30.00,55.00,24.00,100,199.99,25.00,50.00,20.00,200,299.99,20.00,45.00,16.00,300,,15.00,40.00,12.00,Envío estándar,Entrega en 2 a 5 días hábiles,Envío express,Entrega en 24 horas,Envío programado,Elige el día de entrega,,
1612,mi-tienda,MITI-200603,Piura,Sullana,Ignacio Escudero,200603,0,99.99,30.00,55.00,24.00,100,199.99,25.00,50.00,20.00,200,299.99,20.00,45.00,16.00,300,,15.00,40.00,12.00,Envío estándar,Entrega en 2 a 5 días hábiles,Envío express,Entrega en 24 horas,Envío programado,Elige el día de entrega,,
1613,mi-tienda,MITI-200604,Piura,Sullana,Lancones,200604,0,99.99,30.00,55.00,24.00,100,199.99,25.00,50.00,20.00,200,299.99,20.00,45.00,16.00,300,,15.00,40.00,12.00,Envío estándar,Entrega en 2 a 5 días hábiles,Envío express,Entrega en 24 horas,Envío programado,Elige el día de entrega,,
1614,mi-tienda,MITI-200605,Piura,Sullana,Marcavelica,200605,0,99.99,30.00,55.00,24.00,100,199.99,25.00,50.00,20.00,200,299.99,20.00,45.00,16.00,300,,15.00,40.00,12.00,Envío estándar,Entrega en 2 a 5 días hábiles,Envío express,Entrega en 24 horas,Envío programado,Elige el día de entrega,,
1615,mi-tienda,MITI-200606,Piura,Sullana,Miguel Checa,200606,0,99.99,30.00,55.00,24.00,100,199.99,25.00,50.00,20.00,200,299.99,20.00,45.00,16.00,300,,15.00,40.00,12.00,Envío estándar,Entrega en 2 a 5 días hábiles,Envío express,Entrega en 24 horas,Envío programado,Elige el día de entrega,,
1616,mi-tienda,MITI-200607,Piura,Sullana,Querecotillo,200607,0,99.99,30.00,55.00,24.00,100,199.99,25.00,50.00,20.00,200,299.99,20.00,45.00,16.00,300,,15.00,40.00,12.00,Envío estándar,Entrega en 2 a 5 días hábiles,Envío express,Entrega en 24 horas,Envío programado,Elige el día de entrega,,
1617,mi-tienda,MITI-200608,Piura,Sullana,Salitral,200608,0,99.99,30.00,55.00,24.00,100,199.99,25.00,50.00,20.00,200,299.99,20.00,45.00,16.00,300,,15.00,40.00,12.00,Envío estándar,Entrega en 2 a 5 días hábiles,Envío express,Entrega en 24 horas,Envío programado,Elige el día de entrega,,
1618,mi-tienda,MITI-200701,Piura,Talara,Pariñas,200701,0,99.99,30.00,55.00,24.00,100,199.99,25.00,50.00,20.00,200,299.99,20.00,45.00,16.00,300,,15.00,40.00,12.00,Envío estándar,Entrega en 2 a 5 días hábiles,Envío express,Entrega en 24 horas,Envío programado,Elige el día de entrega,,
1619,mi-tienda,MITI-200702,Piura,Talara,El Alto,200702,0,99.99,30.00,55.00,24.00,100,199.99,25.00,50.00,20.00,200,299.99,20.00,45.00,16.00,300,,15.00,40.00,12.00,Envío estándar,Entrega en 2 a 5 días hábiles,Envío express,Entrega en 24 horas,Envío programado,Elige el día de entrega,,
1620,mi-tienda,MITI-200703,Piura,Talara,La Brea,200703,0,99.99,30.00,55.00,24.00,100,199.99,25.00,50.00,20.00,200,299.99,20.00,45.00,16.00,300,,15.00,40.00,12.00,Envío estándar,Entrega en 2 a 5 días hábiles,Envío express,Entrega en 24 horas,Envío programado,Elige el día de entrega,,
1621,mi-tienda,MITI-200704,Piura,Talara,Lobitos,200704,0,99.99,30.00,55.00,24.00,100,199.99,25.00,50.00,20.00,200,299.99,20.00,45.00,16.00,300,,15.00,40.00,12.00,Envío estándar,Entrega en 2 a 5 días hábiles,Envío express,Entrega en 24 horas,Envío programado,Elige el día de entrega,,
1622,mi-tienda,MITI-200705,Piura,Talara,Los Organos,200705,0,99.99,30.00,55.00,24.00,100,199.99,25.00,50.00,20.00,200,299.99,20.00,45.00,16.00,300,,15.00,40.00,12.00,Envío estándar,Entrega en 2 a 5 días hábiles,Envío express,Entrega en 24 horas,Envío programado,Elige el día de entrega,,
1623,mi-tienda,MITI-200706,Piura,Talara,Mancora,200706,0,99.99,30.00,55.00,24.00,100,199.99,25.00,50.00,20.00,200,299.99,20.00,45.00,16.00,300,,15.00,40.00,12.00,Envío estándar,Entrega en 2 a 5 días hábiles,Envío express,Entrega en 24 horas,Envío programado,Elige el día de entrega,,
1624,mi-tienda,MITI-200801,Piura,Sechura,Sechura,200801,0,99.99,30.00,55.00,24.00,100,199.99,25.00,50.00,20.00,200,299.99,20.00,45.00,16.00,300,,15.00,40.00,12.00,Envío estándar,Entrega en 2 a 5 días hábiles,Envío express,Entrega en 24 horas,Envío programado,Elige el día de entrega,,
1625,mi-tienda,MITI-200802,Piura,Sechura,Bellavista de La Union,200802,0,99.99,30.00,55.00,24.00,100,199.99,25.00,50.00,20.00,200,299.99,20.00,45.00,16.00,300,,15.00,40.00,12.00,Envío estándar,Entrega en 2 a 5 días hábiles,Envío express,Entrega en 24 horas,Envío programado,Elige el día de entrega,,
1626,mi-tienda,MITI-200803,Piura,Sechura,Bernal,200803,0,99.99,30.00,55.00,24.00,100,199.99,25.00,50.00,20.00,200,299.99,20.00,45.00,16.00,300,,15.00,40.00,12.00,Envío estándar,Entrega en 2 a 5 días hábiles,Envío express,Entrega en 24 horas,Envío programado,Elige el día de entrega,,
1627,mi-tienda,MITI-200804,Piura,Sechura,Cristo Nos Valga,200804,0,99.99,30.00,55.00,24.00,100,199.99,25.00,50.00,20.00,200,299.99,20.00,45.00,16.00,300,,15.00,40.00,12.00,Envío estándar,Entrega en 2 a 5 días hábiles,Envío express,Entrega en 24 horas,Envío programado,Elige el día de entrega,,
1628,mi-tienda,MITI-200805,Piura,Sechura,Vice,200805,0,99.99,30.00,55.00,24.00,100,199.99,25.00,50.00,20.00,200,299.99,20.00,45.00,16.00,300,,15.00,40.00,12.00,Envío estándar,Entrega en 2 a 5 días hábiles,Envío express,Entrega en 24 horas,Envío programado,Elige el día de entrega,,
1629,mi-tienda,MITI-200806,Piura,Sechura,Rinconada Llicuar,200806,0,99.99,30.00,55.00,24.00,100,199.99,25.00,50.00,20.00,200,299.99,20.00,45.00,16.00,300,,15.00,40.00,12.00,Envío estándar,Entrega en 2 a 5 días hábiles,Envío express,Entrega en 24 horas,Envío programado,Elige el día de entrega,,
1630,mi-tienda,MITI-210101,Puno,Puno,Puno,210101,0,99.99,35.00,65.00,28.00,100,199.99,30.00,60.00,24.00,200,299.99,25.00,55.00,20.00,300,,20.00,50.00,16.00,Envío estándar,Entrega en 2 a 5 días hábiles,Envío express,Entrega en 24 horas,Envío programado,Elige el día de entrega,,
1631,mi-tienda,MITI-210102,Puno,Puno,Acora,210102,0,99.99,35.00,65.00,28.00,100,199.99,30.00,60.00,24.00,200,299.99,25.00,55.00,20.00,300,,20.00,50.00,16.00,Envío estándar,Entrega en 2 a 5 días hábiles,Envío express,Entrega en 24 horas,Envío programado,Elige el día de entrega,,
1632,mi-tienda,MITI-210103,Puno,Puno,Amantani,210103,0,99.99,35.00,65.00,28.00,100,199.99,30.00,60.00,24.00,200,299.99,25.00,55.00,20.00,300,,20.00,50.00,16.00,Envío estándar,Entrega en 2 a 5 días hábiles,Envío express,Entrega en 24 horas,Envío programado,Elige el día de entrega,,
1633,mi-tienda,MITI-210104,Puno,Puno,Atuncolla,210104,0,99.99,35.00,65.00,28.00,100,199.99,30.00,60.00,24.00,200,299.99,25.00,55.00,20.00,300,,20.00,50.00,16.00,Envío estándar,Entrega en 2 a 5 días hábiles,Envío express,Entrega en 24 horas,Envío programado,Elige el día de entrega,,
1634,mi-tienda,MITI-210105,Puno,Puno,Capachica,210105,0,99.99,35.00,65.00,28.00,100,199.99,30.00,60.00,24.00,200,299.99,25.00,55.00,20.00,300,,20.00,50.00,16.00,Envío estándar,Entrega en 2 a 5 días hábiles,Envío express,Entrega en 24 horas,Envío programado,Elige el día de entrega,,
1635,mi-tienda,MITI-210106,Puno,Puno,Chucuito,210106,0,99.99,35.00,65.00,28.00,100,199.99,30.00,60.00,24.00,200,299.99,25.00,55.00,20.00,300,,20.00,50.00,16.00,Envío estándar,Entrega en 2 a 5 días hábiles,Envío express,Entrega en 24 horas,Envío programado,Elige el día de entrega,,
1636,mi-tienda,MITI-210107,Puno,Puno,Coata,210107,0,99.99,35.00,65.00,28.00,100,199.99,30.00,60.00,24.00,200,299.99,25.00,55.00,20.00,300,,20.00,50.00,16.00,Envío estándar,Entrega en 2 a 5 días hábiles,Envío express,Entrega en 24 horas,Envío programado,Elige el día de entrega,,
1637,mi-tienda,MITI-210108,Puno,Puno,Huata,210108,0,99.99,35.00,65.00,28.00,100,199.99,30.00,60.00,24.00,200,299.99,25.00,55.00,20.00,300,,20.00,50.00,16.00,Envío estándar,Entrega en 2 a 5 días hábiles,Envío express,Entrega en 24 horas,Envío programado,Elige el día de entrega,,
1638,mi-tienda,MITI-210109,Puno,Puno,Mañazo,210109,0,99.99,35.00,65.00,28.00,100,199.99,30.00,60.00,24.00,200,299.99,25.00,55.00,20.00,300,,20.00,50.00,16.00,Envío estándar,Entrega en 2 a 5 días hábiles,Envío express,Entrega en 24 horas,Envío programado,Elige el día de entrega,,
1639,mi-tienda,MITI-210110,Puno,Puno,Paucarcolla,210110,0,99.99,35.00,65.00,28.00,100,199.99,30.00,60.00,24.00,200,299.99,25.00,55.00,20.00,300,,20.00,50.00,16.00,Envío estándar,Entrega en 2 a 5 días hábiles,Envío express,Entrega en 24 horas,Envío programado,Elige el día de entrega,,
1640,mi-tienda,MITI-210111,Puno,Puno,Pichacani,210111,0,99.99,35.00,65.00,28.00,100,199.99,30.00,60.00,24.00,200,299.99,25.00,55.00,20.00,300,,20.00,50.00,16.00,Envío estándar,Entrega en 2 a 5 días hábiles,Envío express,Entrega en 24 horas,Envío programado,Elige el día de entrega,,
1641,mi-tienda,MITI-210112,Puno,Puno,Plateria,210112,0,99.99,35.00,65.00,28.00,100,199.99,30.00,60.00,24.00,200,299.99,25.00,55.00,20.00,300,,20.00,50.00,16.00,Envío estándar,Entrega en 2 a 5 días hábiles,Envío express,Entrega en 24 horas,Envío programado,Elige el día de entrega,,
1642,mi-tienda,MITI-210113,Puno,Puno,San Antonio,210113,0,99.99,35.00,65.00,28.00,100,199.99,30.00,60.00,24.00,200,299.99,25.00,55.00,20.00,300,,20.00,50.00,16.00,Envío estándar,Entrega en 2 a 5 días hábiles,Envío express,Entrega en 24 horas,Envío programado,Elige el día de entrega,,
1643,mi-tienda,MITI-210114,Puno,Puno,Tiquillaca,210114,0,99.99,35.00,65.00,28.00,100,199.99,30.00,60.00,24.00,200,299.99,25.00,55.00,20.00,300,,20.00,50.00,16.00,Envío estándar,Entrega en 2 a 5 días hábiles,Envío express,Entrega en 24 horas,Envío programado,Elige el día de entrega,,
1644,mi-tienda,MITI-210115,Puno,Puno,Vilque,210115,0,99.99,35.00,65.00,28.00,100,199.99,30.00,60.00,24.00,200,299.99,25.00,55.00,20.00,300,,20.00,50.00,16.00,Envío estándar,Entrega en 2 a 5 días hábiles,Envío express,Entrega en 24 horas,Envío programado,Elige el día de entrega,,
1645,mi-tienda,MITI-210201,Puno,Azángaro,Azángaro,210201,0,99.99,35.00,65.00,28.00,100,199.99,30.00,60.00,24.00,200,299.99,25.00,55.00,20.00,300,,20.00,50.00,16.00,Envío estándar,Entrega en 2 a 5 días hábiles,Envío express,Entrega en 24 horas,Envío programado,Elige el día de entrega,,
1646,mi-tienda,MITI-210202,Puno,Azángaro,Achaya,210202,0,99.99,35.00,65.00,28.00,100,199.99,30.00,60.00,24.00,200,299.99,25.00,55.00,20.00,300,,20.00,50.00,16.00,Envío estándar,Entrega en 2 a 5 días hábiles,Envío express,Entrega en 24 horas,Envío programado,Elige el día de entrega,,
1647,mi-tienda,MITI-210203,Puno,Azángaro,Arapa,210203,0,99.99,35.00,65.00,28.00,100,199.99,30.00,60.00,24.00,200,299.99,25.00,55.00,20.00,300,,20.00,50.00,16.00,Envío estándar,Entrega en 2 a 5 días hábiles,Envío express,Entrega en 24 horas,Envío programado,Elige el día de entrega,,
1648,mi-tienda,MITI-210204,Puno,Azángaro,Asillo,210204,0,99.99,35.00,65.00,28.00,100,199.99,30.00,60.00,24.00,200,299.99,25.00,55.00,20.00,300,,20.00,50.00,16.00,Envío estándar,Entrega en 2 a 5 días hábiles,Envío express,Entrega en 24 horas,Envío programado,Elige el día de entrega,,
1649,mi-tienda,MITI-210205,Puno,Azángaro,Caminaca,210205,0,99.99,35.00,65.00,28.00,100,199.99,30.00,60.00,24.00,200,299.99,25.00,55.00,20.00,300,,20.00,50.00,16.00,Envío estándar,Entrega en 2 a 5 días hábiles,Envío express,Entrega en 24 horas,Envío programado,Elige el día de entrega,,
1650,mi-tienda,MITI-210206,Puno,Azángaro,Chupa,210206,0,99.99,35.00,65.00,28.00,100,199.99,30.00,60.00,24.00,200,299.99,25.00,55.00,20.00,300,,20.00,50.00,16.00,Envío estándar,Entrega en 2 a 5 días hábiles,Envío express,Entrega en 24 horas,Envío programado,Elige el día de entrega,,
1651,mi-tienda,MITI-210207,Puno,Azángaro,Jose Domingo Choquehuanca,210207,0,99.99,35.00,65.00,28.00,100,199.99,30.00,60.00,24.00,200,299.99,25.00,55.00,20.00,300,,20.00,50.00,16.00,Envío estándar,Entrega en 2 a 5 días hábiles,Envío express,Entrega en 24 horas,Envío programado,Elige el día de entrega,,
1652,mi-tienda,MITI-210208,Puno,Azángaro,Muñani,210208,0,99.99,35.00,65.00,28.00,100,199.99,30.00,60.00,24.00,200,299.99,25.00,55.00,20.00,300,,20.00,50.00,16.00,Envío estándar,Entrega en 2 a 5 días hábiles,Envío express,Entrega en 24 horas,Envío programado,Elige el día de entrega,,
1653,mi-tienda,MITI-210209,Puno,Azángaro,Potoni,210209,0,99.99,35.00,65.00,28.00,100,199.99,30.00,60.00,24.00,200,299.99,25.00,55.00,20.00,300,,20.00,50.00,16.00,Envío estándar,Entrega en 2 a 5 días hábiles,Envío express,Entrega en 24 horas,Envío programado,Elige el día de entrega,,
1654,mi-tienda,MITI-210210,Puno,Azángaro,Saman,210210,0,99.99,35.00,65.00,28.00,100,199.99,30.00,60.00,24.00,200,299.99,25.00,55.00,20.00,300,,20.00,50.00,16.00,Envío estándar,Entrega en 2 a 5 días hábiles,Envío express,Entrega en 24 horas,Envío programado,Elige el día de entrega,,
1655,mi-tienda,MITI-210211,Puno,Azángaro,San Anton,210211,0,99.99,35.00,65.00,28.00,100,199.99,30.00,60.00,24.00,200,299.99,25.00,55.00,20.00,300,,20.00,50.00,16.00,Envío estándar,Entrega en 2 a 5 días hábiles,Envío express,Entrega en 24 horas,Envío programado,Elige el día de entrega,,
1656,mi-tienda,MITI-210212,Puno,Azángaro,San Jose,210212,0,99.99,35.00,65.00,28.00,100,199.99,30.00,60.00,24.00,200,299.99,25.00,55.00,20.00,300,,20.00,50.00,16.00,Envío estándar,Entrega en 2 a 5 días hábiles,Envío express,Entrega en 24 horas,Envío programado,Elige el día de entrega,,
1657,mi-tienda,MITI-210213,Puno,Azángaro,San Juan de Salinas,210213,0,99.99,35.00,65.00,28.00,100,199.99,30.00,60.00,24.00,200,299.99,25.00,55.00,20.00,300,,20.00,50.00,16.00,Envío estándar,Entrega en 2 a 5 días hábiles,Envío express,Entrega en 24 horas,Envío programado,Elige el día de entrega,,
1658,mi-tienda,MITI-210214,Puno,Azángaro,Santiago de Pupuja,210214,0,99.99,35.00,65.00,28.00,100,199.99,30.00,60.00,24.00,200,299.99,25.00,55.00,20.00,300,,20.00,50.00,16.00,Envío estándar,Entrega en 2 a 5 días hábiles,Envío express,Entrega en 24 horas,Envío programado,Elige el día de entrega,,
1659,mi-tienda,MITI-210215,Puno,Azángaro,Tirapata,210215,0,99.99,35.00,65.00,28.00,100,199.99,30.00,60.00,24.00,200,299.99,25.00,55.00,20.00,300,,20.00,50.00,16.00,Envío estándar,Entrega en 2 a 5 días hábiles,Envío express,Entrega en 24 horas,Envío programado,Elige el día de entrega,,
1660,mi-tienda,MITI-210301,Puno,Carabaya,Macusani,210301,0,99.99,35.00,65.00,28.00,100,199.99,30.00,60.00,24.00,200,299.99,25.00,55.00,20.00,300,,20.00,50.00,16.00,Envío estándar,Entrega en 2 a 5 días hábiles,Envío express,Entrega en 24 horas,Envío programado,Elige el día de entrega,,
1661,mi-tienda,MITI-210302,Puno,Carabaya,Ajoyani,210302,0,99.99,35.00,65.00,28.00,100,199.99,30.00,60.00,24.00,200,299.99,25.00,55.00,20.00,300,,20.00,50.00,16.00,Envío estándar,Entrega en 2 a 5 días hábiles,Envío express,Entrega en 24 horas,Envío programado,Elige el día de entrega,,
1662,mi-tienda,MITI-210303,Puno,Carabaya,Ayapata,210303,0,99.99,35.00,65.00,28.00,100,199.99,30.00,60.00,24.00,200,299.99,25.00,55.00,20.00,300,,20.00,50.00,16.00,Envío estándar,Entrega en 2 a 5 días hábiles,Envío express,Entrega en 24 horas,Envío programado,Elige el día de entrega,,
1663,mi-tienda,MITI-210304,Puno,Carabaya,Coasa,210304,0,99.99,35.00,65.00,28.00,100,199.99,30.00,60.00,24.00,200,299.99,25.00,55.00,20.00,300,,20.00,50.00,16.00,Envío estándar,Entrega en 2 a 5 días hábiles,Envío express,Entrega en 24 horas,Envío programado,Elige el día de entrega,,
1664,mi-tienda,MITI-210305,Puno,Carabaya,Corani,210305,0,99.99,35.00,65.00,28.00,100,199.99,30.00,60.00,24.00,200,299.99,25.00,55.00,20.00,300,,20.00,50.00,16.00,Envío estándar,Entrega en 2 a 5 días hábiles,Envío express,Entrega en 24 horas,Envío programado,Elige el día de entrega,,
1665,mi-tienda,MITI-210306,Puno,Carabaya,Crucero,210306,0,99.99,35.00,65.00,28.00,100,199.99,30.00,60.00,24.00,200,299.99,25.00,55.00,20.00,300,,20.00,50.00,16.00,Envío estándar,Entrega en 2 a 5 días hábiles,Envío express,Entrega en 24 horas,Envío programado,Elige el día de entrega,,
1666,mi-tienda,MITI-210307,Puno,Carabaya,Ituata,210307,0,99.99,35.00,65.00,28.00,100,199.99,30.00,60.00,24.00,200,299.99,25.00,55.00,20.00,300,,20.00,50.00,16.00,Envío estándar,Entrega en 2 a 5 días hábiles,Envío express,Entrega en 24 horas,Envío programado,Elige el día de entrega,,
1667,mi-tienda,MITI-210308,Puno,Carabaya,Ollachea,210308,0,99.99,35.00,65.00,28.00,100,199.99,30.00,60.00,24.00,200,299.99,25.00,55.00,20.00,300,,20.00,50.00,16.00,Envío estándar,Entrega en 2 a 5 días hábiles,Envío express,Entrega en 24 horas,Envío programado,Elige el día de entrega,,
1668,mi-tienda,MITI-210309,Puno,Carabaya,San Gaban,210309,0,99.99,35.00,65.00,28.00,100,199.99,30.00,60.00,24.00,200,299.99,25.00,55.00,20.00,300,,20.00,50.00,16.00,Envío estándar,Entrega en 2 a 5 días hábiles,Envío express,Entrega en 24 horas,Envío programado,Elige el día de entrega,,
1669,mi-tienda,MITI-210310,Puno,Carabaya,Usicayos,210310,0,99.99,35.00,65.00,28.00,100,199.99,30.00,60.00,24.00,200,299.99,25.00,55.00,20.00,300,,20.00,50.00,16.00,Envío estándar,Entrega en 2 a 5 días hábiles,Envío express,Entrega en 24 horas,Envío programado,Elige el día de entrega,,
1670,mi-tienda,MITI-210401,Puno,Chucuito,Juli,210401,0,99.99,35.00,65.00,28.00,100,199.99,30.00,60.00,24.00,200,299.99,25.00,55.00,20.00,300,,20.00,50.00,16.00,Envío estándar,Entrega en 2 a 5 días hábiles,Envío express,Entrega en 24 horas,Envío programado,Elige el día de entrega,,
1671,mi-tienda,MITI-210402,Puno,Chucuito,Desaguadero,210402,0,99.99,35.00,65.00,28.00,100,199.99,30.00,60.00,24.00,200,299.99,25.00,55.00,20.00,300,,20.00,50.00,16.00,Envío estándar,Entrega en 2 a 5 días hábiles,Envío express,Entrega en 24 horas,Envío programado,Elige el día de entrega,,
1672,mi-tienda,MITI-210403,Puno,Chucuito,Huacullani,210403,0,99.99,35.00,65.00,28.00,100,199.99,30.00,60.00,24.00,200,299.99,25.00,55.00,20.00,300,,20.00,50.00,16.00,Envío estándar,Entrega en 2 a 5 días hábiles,Envío express,Entrega en 24 horas,Envío programado,Elige el día de entrega,,
1673,mi-tienda,MITI-210404,Puno,Chucuito,Kelluyo,210404,0,99.99,35.00,65.00,28.00,100,199.99,30.00,60.00,24.00,200,299.99,25.00,55.00,20.00,300,,20.00,50.00,16.00,Envío estándar,Entrega en 2 a 5 días hábiles,Envío express,Entrega en 24 horas,Envío programado,Elige el día de entrega,,
1674,mi-tienda,MITI-210405,Puno,Chucuito,Pisacoma,210405,0,99.99,35.00,65.00,28.00,100,199.99,30.00,60.00,24.00,200,299.99,25.00,55.00,20.00,300,,20.00,50.00,16.00,Envío estándar,Entrega en 2 a 5 días hábiles,Envío express,Entrega en 24 horas,Envío programado,Elige el día de entrega,,
1675,mi-tienda,MITI-210406,Puno,Chucuito,Pomata,210406,0,99.99,35.00,65.00,28.00,100,199.99,30.00,60.00,24.00,200,299.99,25.00,55.00,20.00,300,,20.00,50.00,16.00,Envío estándar,Entrega en 2 a 5 días hábiles,Envío express,Entrega en 24 horas,Envío programado,Elige el día de entrega,,
1676,mi-tienda,MITI-210407,Puno,Chucuito,Zepita,210407,0,99.99,35.00,65.00,28.00,100,199.99,30.00,60.00,24.00,200,299.99,25.00,55.00,20.00,300,,20.00,50.00,16.00,Envío estándar,Entrega en 2 a 5 días hábiles,Envío express,Entrega en 24 horas,Envío programado,Elige el día de entrega,,
1677,mi-tienda,MITI-210501,Puno,El Collao,Ilave,210501,0,99.99,35.00,65.00,28.00,100,199.99,30.00,60.00,24.00,200,299.99,25.00,55.00,20.00,300,,20.00,50.00,16.00,Envío estándar,Entrega en 2 a 5 días hábiles,Envío express,Entrega en 24 horas,Envío programado,Elige el día de entrega,,
1678,mi-tienda,MITI-210502,Puno,El Collao,Capazo,210502,0,99.99,35.00,65.00,28.00,100,199.99,30.00,60.00,24.00,200,299.99,25.00,55.00,20.00,300,,20.00,50.00,16.00,Envío estándar,Entrega en 2 a 5 días hábiles,Envío express,Entrega en 24 horas,Envío programado,Elige el día de entrega,,
1679,mi-tienda,MITI-210503,Puno,El Collao,Pilcuyo,210503,0,99.99,35.00,65.00,28.00,100,199.99,30.00,60.00,24.00,200,299.99,25.00,55.00,20.00,300,,20.00,50.00,16.00,Envío estándar,Entrega en 2 a 5 días hábiles,Envío express,Entrega en 24 horas,Envío programado,Elige el día de entrega,,
1680,mi-tienda,MITI-210504,Puno,El Collao,Santa Rosa,210504,0,99.99,35.00,65.00,28.00,100,199.99,30.00,60.00,24.00,200,299.99,25.00,55.00,20.00,300,,20.00,50.00,16.00,Envío estándar,Entrega en 2 a 5 días hábiles,Envío express,Entrega en 24 horas,Envío programado,Elige el día de entrega,,
1681,mi-tienda,MITI-210505,Puno,El Collao,Conduriri,210505,0,99.99,35.00,65.00,28.00,100,199.99,30.00,60.00,24.00,200,299.99,25.00,55.00,20.00,300,,20.00,50.00,16.00,Envío estándar,Entrega en 2 a 5 días hábiles,Envío express,Entrega en 24 horas,Envío programado,Elige el día de entrega,,
1682,mi-tienda,MITI-210601,Puno,Huancane,Huancane,210601,0,99.99,35.00,65.00,28.00,100,199.99,30.00,60.00,24.00,200,299.99,25.00,55.00,20.00,300,,20.00,50.00,16.00,Envío estándar,Entrega en 2 a 5 días hábiles,Envío express,Entrega en 24 horas,Envío programado,Elige el día de entrega,,
1683,mi-tienda,MITI-210602,Puno,Huancane,Cojata,210602,0,99.99,35.00,65.00,28.00,100,199.99,30.00,60.00,24.00,200,299.99,25.00,55.00,20.00,300,,20.00,50.00,16.00,Envío estándar,Entrega en 2 a 5 días hábiles,Envío express,Entrega en 24 horas,Envío programado,Elige el día de entrega,,
1684,mi-tienda,MITI-210603,Puno,Huancane,Huatasani,210603,0,99.99,35.00,65.00,28.00,100,199.99,30.00,60.00,24.00,200,299.99,25.00,55.00,20.00,300,,20.00,50.00,16.00,Envío estándar,Entrega en 2 a 5 días hábiles,Envío express,Entrega en 24 horas,Envío programado,Elige el día de entrega,,
1685,mi-tienda,MITI-210604,Puno,Huancane,Inchupalla,210604,0,99.99,35.00,65.00,28.00,100,199.99,30.00,60.00,24.00,200,299.99,25.00,55.00,20.00,300,,20.00,50.00,16.00,Envío estándar,Entrega en 2 a 5 días hábiles,Envío express,Entrega en 24 horas,Envío programado,Elige el día de entrega,,
1686,mi-tienda,MITI-210605,Puno,Huancane,Pusi,210605,0,99.99,35.00,65.00,28.00,100,199.99,30.00,60.00,24.00,200,299.99,25.00,55.00,20.00,300,,20.00,50.00,16.00,Envío estándar,Entrega en 2 a 5 días hábiles,Envío express,Entrega en 24 horas,Envío programado,Elige el día de entrega,,
1687,mi-tienda,MITI-210606,Puno,Huancane,Rosaspata,210606,0,99.99,35.00,65.00,28.00,100,199.99,30.00,60.00,24.00,200,299.99,25.00,55.00,20.00,300,,20.00,50.00,16.00,Envío estándar,Entrega en 2 a 5 días hábiles,Envío express,Entrega en 24 horas,Envío programado,Elige el día de entrega,,
1688,mi-tienda,MITI-210607,Puno,Huancane,Taraco,210607,0,99.99,35.00,65.00,28.00,100,199.99,30.00,60.00,24.00,200,299.99,25.00,55.00,20.00,300,,20.00,50.00,16.00,Envío estándar,Entrega en 2 a 5 días hábiles,Envío express,Entrega en 24 horas,Envío programado,Elige el día de entrega,,
1689,mi-tienda,MITI-210608,Puno,Huancane,Vilque Chico,210608,0,99.99,35.00,65.00,28.00,100,199.99,30.00,60.00,24.00,200,299.99,25.00,55.00,20.00,300,,20.00,50.00,16.00,Envío estándar,Entrega en 2 a 5 días hábiles,Envío express,Entrega en 24 horas,Envío programado,Elige el día de entrega,,
1690,mi-tienda,MITI-210701,Puno,Lampa,Lampa,210701,0,99.99,35.00,65.00,28.00,100,199.99,30.00,60.00,24.00,200,299.99,25.00,55.00,20.00,300,,20.00,50.00,16.00,Envío estándar,Entrega en 2 a 5 días hábiles,Envío express,Entrega en 24 horas,Envío programado,Elige el día de entrega,,
1691,mi-tienda,MITI-210702,Puno,Lampa,Cabanilla,210702,0,99.99,35.00,65.00,28.00,100,199.99,30.00,60.00,24.00,200,299.99,25.00,55.00,20.00,300,,20.00,50.00,16.00,Envío estándar,Entrega en 2 a 5 días hábiles,Envío express,Entrega en 24 horas,Envío programado,Elige el día de entrega,,
1692,mi-tienda,MITI-210703,Puno,Lampa,Calapuja,210703,0,99.99,35.00,65.00,28.00,100,199.99,30.00,60.00,24.00,200,299.99,25.00,55.00,20.00,300,,20.00,50.00,16.00,Envío estándar,Entrega en 2 a 5 días hábiles,Envío express,Entrega en 24 horas,Envío programado,Elige el día de entrega,,
1693,mi-tienda,MITI-210704,Puno,Lampa,Nicasio,210704,0,99.99,35.00,65.00,28.00,100,199.99,30.00,60.00,24.00,200,299.99,25.00,55.00,20.00,300,,20.00,50.00,16.00,Envío estándar,Entrega en 2 a 5 días hábiles,Envío express,Entrega en 24 horas,Envío programado,Elige el día de entrega,,
1694,mi-tienda,MITI-210705,Puno,Lampa,Ocuviri,210705,0,99.99,35.00,65.00,28.00,100,199.99,30.00,60.00,24.00,200,299.99,25.00,55.00,20.00,300,,20.00,50.00,16.00,Envío estándar,Entrega en 2 a 5 días hábiles,Envío express,Entrega en 24 horas,Envío programado,Elige el día de entrega,,
1695,mi-tienda,MITI-210706,Puno,Lampa,Palca,210706,0,99.99,35.00,65.00,28.00,100,199.99,30.00,60.00,24.00,200,299.99,25.00,55.00,20.00,300,,20.00,50.00,16.00,Envío estándar,Entrega en 2 a 5 días hábiles,Envío express,Entrega en 24 horas,Envío programado,Elige el día de entrega,,
1696,mi-tienda,MITI-210707,Puno,Lampa,Paratia,210707,0,99.99,35.00,65.00,28.00,100,199.99,30.00,60.00,24.00,200,299.99,25.00,55.00,20.00,300,,20.00,50.00,16.00,Envío estándar,Entrega en 2 a 5 días hábiles,Envío express,Entrega en 24 horas,Envío programado,Elige el día de entrega,,
1697,mi-tienda,MITI-210708,Puno,Lampa,Pucara,210708,0,99.99,35.00,65.00,28.00,100,199.99,30.00,60.00,24.00,200,299.99,25.00,55.00,20.00,300,,20.00,50.00,16.00,Envío estándar,Entrega en 2 a 5 días hábiles,Envío express,Entrega en 24 horas,Envío programado,Elige el día de entrega,,
1698,mi-tienda,MITI-210709,Puno,Lampa,Santa Lucia,210709,0,99.99,35.00,65.00,28.00,100,199.99,30.00,60.00,24.00,200,299.99,25.00,55.00,20.00,300,,20.00,50.00,16.00,Envío estándar,Entrega en 2 a 5 días hábiles,Envío express,Entrega en 24 horas,Envío programado,Elige el día de entrega,,
1699,mi-tienda,MITI-210710,Puno,Lampa,Vilavila,210710,0,99.99,35.00,65.00,28.00,100,199.99,30.00,60.00,24.00,200,299.99,25.00,55.00,20.00,300,,20.00,50.00,16.00,Envío estándar,Entrega en 2 a 5 días hábiles,Envío express,Entrega en 24 horas,Envío programado,Elige el día de entrega,,
1700,mi-tienda,MITI-210801,Puno,Melgar,Ayaviri,210801,0,99.99,35.00,65.00,28.00,100,199.99,30.00,60.00,24.00,200,299.99,25.00,55.00,20.00,300,,20.00,50.00,16.00,Envío estándar,Entrega en 2 a 5 días hábiles,Envío express,Entrega en 24 horas,Envío programado,Elige el día de entrega,,
1701,mi-tienda,MITI-210802,Puno,Melgar,Antauta,210802,0,99.99,35.00,65.00,28.00,100,199.99,30.00,60.00,24.00,200,299.99,25.00,55.00,20.00,300,,20.00,50.00,16.00,Envío estándar,Entrega en 2 a 5 días hábiles,Envío express,Entrega en 24 horas,Envío programado,Elige el día de entrega,,
1702,mi-tienda,MITI-210803,Puno,Melgar,Cupi,210803,0,99.99,35.00,65.00,28.00,100,199.99,30.00,60.00,24.00,200,299.99,25.00,55.00,20.00,300,,20.00,50.00,16.00,Envío estándar,Entrega en 2 a 5 días hábiles,Envío express,Entrega en 24 horas,Envío programado,Elige el día de entrega,,
1703,mi-tienda,MITI-210804,Puno,Melgar,Llalli,210804,0,99.99,35.00,65.00,28.00,100,199.99,30.00,60.00,24.00,200,299.99,25.00,55.00,20.00,300,,20.00,50.00,16.00,Envío estándar,Entrega en 2 a 5 días hábiles,Envío express,Entrega en 24 horas,Envío programado,Elige el día de entrega,,
1704,mi-tienda,MITI-210805,Puno,Melgar,Macari,210805,0,99.99,35.00,65.00,28.00,100,199.99,30.00,60.00,24.00,200,299.99,25.00,55.00,20.00,300,,20.00,50.00,16.00,Envío estándar,Entrega en 2 a 5 días hábiles,Envío express,Entrega en 24 horas,Envío programado,Elige el día de entrega,,
1705,mi-tienda,MITI-210806,Puno,Melgar,Nuñoa,210806,0,99.99,35.00,65.00,28.00,100,199.99,30.00,60.00,24.00,200,299.99,25.00,55.00,20.00,300,,20.00,50.00,16.00,Envío estándar,Entrega en 2 a 5 días hábiles,Envío express,Entrega en 24 horas,Envío programado,Elige el día de entrega,,
1706,mi-tienda,MITI-210807,Puno,Melgar,Orurillo,210807,0,99.99,35.00,65.00,28.00,100,199.99,30.00,60.00,24.00,200,299.99,25.00,55.00,20.00,300,,20.00,50.00,16.00,Envío estándar,Entrega en 2 a 5 días hábiles,Envío express,Entrega en 24 horas,Envío programado,Elige el día de entrega,,
1707,mi-tienda,MITI-210808,Puno,Melgar,Santa Rosa,210808,0,99.99,35.00,65.00,28.00,100,199.99,30.00,60.00,24.00,200,299.99,25.00,55.00,20.00,300,,20.00,50.00,16.00,Envío estándar,Entrega en 2 a 5 días hábiles,Envío express,Entrega en 24 horas,Envío programado,Elige el día de entrega,,
1708,mi-tienda,MITI-210809,Puno,Melgar,Umachiri,210809,0,99.99,35.00,65.00,28.00,100,199.99,30.00,60.00,24.00,200,299.99,25.00,55.00,20.00,300,,20.00,50.00,16.00,Envío estándar,Entrega en 2 a 5 días hábiles,Envío express,Entrega en 24 horas,Envío programado,Elige el día de entrega,,
1709,mi-tienda,MITI-210901,Puno,Moho,Moho,210901,0,99.99,35.00,65.00,28.00,100,199.99,30.00,60.00,24.00,200,299.99,25.00,55.00,20.00,300,,20.00,50.00,16.00,Envío estándar,Entrega en 2 a 5 días hábiles,Envío express,Entrega en 24 horas,Envío programado,Elige el día de entrega,,
1710,mi-tienda,MITI-210902,Puno,Moho,Conima,210902,0,99.99,35.00,65.00,28.00,100,199.99,30.00,60.00,24.00,200,299.99,25.00,55.00,20.00,300,,20.00,50.00,16.00,Envío estándar,Entrega en 2 a 5 días hábiles,Envío express,Entrega en 24 horas,Envío programado,Elige el día de entrega,,
1711,mi-tienda,MITI-210903,Puno,Moho,Huayrapata,210903,0,99.99,35.00,65.00,28.00,100,199.99,30.00,60.00,24.00,200,299.99,25.00,55.00,20.00,300,,20.00,50.00,16.00,Envío estándar,Entrega en 2 a 5 días hábiles,Envío express,Entrega en 24 horas,Envío programado,Elige el día de entrega,,
1712,mi-tienda,MITI-210904,Puno,Moho,Tilali,210904,0,99.99,35.00,65.00,28.00,100,199.99,30.00,60.00,24.00,200,299.99,25.00,55.00,20.00,300,,20.00,50.00,16.00,Envío estándar,Entrega en 2 a 5 días hábiles,Envío express,Entrega en 24 horas,Envío programado,Elige el día de entrega,,
1713,mi-tienda,MITI-211001,Puno,San Antonio de Putina,Putina,211001,0,99.99,35.00,65.00,28.00,100,199.99,30.00,60.00,24.00,200,299.99,25.00,55.00,20.00,300,,20.00,50.00,16.00,Envío estándar,Entrega en 2 a 5 días hábiles,Envío express,Entrega en 24 horas,Envío programado,Elige el día de entrega,,
1714,mi-tienda,MITI-211002,Puno,San Antonio de Putina,Ananea,211002,0,99.99,35.00,65.00,28.00,100,199.99,30.00,60.00,24.00,200,299.99,25.00,55.00,20.00,300,,20.00,50.00,16.00,Envío estándar,Entrega en 2 a 5 días hábiles,Envío express,Entrega en 24 horas,Envío programado,Elige el día de entrega,,
1715,mi-tienda,MITI-211003,Puno,San Antonio de Putina,Pedro Vilca Apaza,211003,0,99.99,35.00,65.00,28.00,100,199.99,30.00,60.00,24.00,200,299.99,25.00,55.00,20.00,300,,20.00,50.00,16.00,Envío estándar,Entrega en 2 a 5 días hábiles,Envío express,Entrega en 24 horas,Envío programado,Elige el día de entrega,,
1716,mi-tienda,MITI-211004,Puno,San Antonio de Putina,Quilcapuncu,211004,0,99.99,35.00,65.00,28.00,100,199.99,30.00,60.00,24.00,200,299.99,25.00,55.00,20.00,300,,20.00,50.00,16.00,Envío estándar,Entrega en 2 a 5 días hábiles,Envío express,Entrega en 24 horas,Envío programado,Elige el día de entrega,,
1717,mi-tienda,MITI-211005,Puno,San Antonio de Putina,Sina,211005,0,99.99,35.00,65.00,28.00,100,199.99,30.00,60.00,24.00,200,299.99,25.00,55.00,20.00,300,,20.00,50.00,16.00,Envío estándar,Entrega en 2 a 5 días hábiles,Envío express,Entrega en 24 horas,Envío programado,Elige el día de entrega,,
1718,mi-tienda,MITI-211101,Puno,San Román,Juliaca,211101,0,99.99,35.00,65.00,28.00,100,199.99,30.00,60.00,24.00,200,299.99,25.00,55.00,20.00,300,,20.00,50.00,16.00,Envío estándar,Entrega en 2 a 5 días hábiles,Envío express,Entrega en 24 horas,Envío programado,Elige el día de entrega,,
1719,mi-tienda,MITI-211102,Puno,San Román,Cabana,211102,0,99.99,35.00,65.00,28.00,100,199.99,30.00,60.00,24.00,200,299.99,25.00,55.00,20.00,300,,20.00,50.00,16.00,Envío estándar,Entrega en 2 a 5 días hábiles,Envío express,Entrega en 24 horas,Envío programado,Elige el día de entrega,,
1720,mi-tienda,MITI-211103,Puno,San Román,Cabanillas,211103,0,99.99,35.00,65.00,28.00,100,199.99,30.00,60.00,24.00,200,299.99,25.00,55.00,20.00,300,,20.00,50.00,16.00,Envío estándar,Entrega en 2 a 5 días hábiles,Envío express,Entrega en 24 horas,Envío programado,Elige el día de entrega,,
1721,mi-tienda,MITI-211104,Puno,San Román,Caracoto,211104,0,99.99,35.00,65.00,28.00,100,199.99,30.00,60.00,24.00,200,299.99,25.00,55.00,20.00,300,,20.00,50.00,16.00,Envío estándar,Entrega en 2 a 5 días hábiles,Envío express,Entrega en 24 horas,Envío programado,Elige el día de entrega,,
1722,mi-tienda,MITI-211105,Puno,San Román,San Miguel,211105,0,99.99,35.00,65.00,28.00,100,199.99,30.00,60.00,24.00,200,299.99,25.00,55.00,20.00,300,,20.00,50.00,16.00,Envío estándar,Entrega en 2 a 5 días hábiles,Envío express,Entrega en 24 horas,Envío programado,Elige el día de entrega,,
1723,mi-tienda,MITI-211201,Puno,Sandia,Sandia,211201,0,99.99,35.00,65.00,28.00,100,199.99,30.00,60.00,24.00,200,299.99,25.00,55.00,20.00,300,,20.00,50.00,16.00,Envío estándar,Entrega en 2 a 5 días hábiles,Envío express,Entrega en 24 horas,Envío programado,Elige el día de entrega,,
1724,mi-tienda,MITI-211202,Puno,Sandia,Cuyocuyo,211202,0,99.99,35.00,65.00,28.00,100,199.99,30.00,60.00,24.00,200,299.99,25.00,55.00,20.00,300,,20.00,50.00,16.00,Envío estándar,Entrega en 2 a 5 días hábiles,Envío express,Entrega en 24 horas,Envío programado,Elige el día de entrega,,
1725,mi-tienda,MITI-211203,Puno,Sandia,Limbani,211203,0,99.99,35.00,65.00,28.00,100,199.99,30.00,60.00,24.00,200,299.99,25.00,55.00,20.00,300,,20.00,50.00,16.00,Envío estándar,Entrega en 2 a 5 días hábiles,Envío express,Entrega en 24 horas,Envío programado,Elige el día de entrega,,
1726,mi-tienda,MITI-211204,Puno,Sandia,Patambuco,211204,0,99.99,35.00,65.00,28.00,100,199.99,30.00,60.00,24.00,200,299.99,25.00,55.00,20.00,300,,20.00,50.00,16.00,Envío estándar,Entrega en 2 a 5 días hábiles,Envío express,Entrega en 24 horas,Envío programado,Elige el día de entrega,,
1727,mi-tienda,MITI-211205,Puno,Sandia,Phara,211205,0,99.99,35.00,65.00,28.00,100,199.99,30.00,60.00,24.00,200,299.99,25.00,55.00,20.00,300,,20.00,50.00,16.00,Envío estándar,Entrega en 2 a 5 días hábiles,Envío express,Entrega en 24 horas,Envío programado,Elige el día de entrega,,
1728,mi-tienda,MITI-211206,Puno,Sandia,Quiaca,211206,0,99.99,35.00,65.00,28.00,100,199.99,30.00,60.00,24.00,200,299.99,25.00,55.00,20.00,300,,20.00,50.00,16.00,Envío estándar,Entrega en 2 a 5 días hábiles,Envío express,Entrega en 24 horas,Envío programado,Elige el día de entrega,,
1729,mi-tienda,MITI-211207,Puno,Sandia,San Juan del Oro,211207,0,99.99,35.00,65.00,28.00,100,199.99,30.00,60.00,24.00,200,299.99,25.00,55.00,20.00,300,,20.00,50.00,16.00,Envío estándar,Entrega en 2 a 5 días hábiles,Envío express,Entrega en 24 horas,Envío programado,Elige el día de entrega,,
1730,mi-tienda,MITI-211208,Puno,Sandia,Yanahuaya,211208,0,99.99,35.00,65.00,28.00,100,199.99,30.00,60.00,24.00,200,299.99,25.00,55.00,20.00,300,,20.00,50.00,16.00,Envío estándar,Entrega en 2 a 5 días hábiles,Envío express,Entrega en 24 horas,Envío programado,Elige el día de entrega,,
1731,mi-tienda,MITI-211209,Puno,Sandia,Alto Inambari,211209,0,99.99,35.00,65.00,28.00,100,199.99,30.00,60.00,24.00,200,299.99,25.00,55.00,20.00,300,,20.00,50.00,16.00,Envío estándar,Entrega en 2 a 5 días hábiles,Envío express,Entrega en 24 horas,Envío programado,Elige el día de entrega,,
1732,mi-tienda,MITI-211210,Puno,Sandia,San Pedro de Putina Punco,211210,0,99.99,35.00,65.00,28.00,100,199.99,30.00,60.00,24.00,200,299.99,25.00,55.00,20.00,300,,20.00,50.00,16.00,Envío estándar,Entrega en 2 a 5 días hábiles,Envío express,Entrega en 24 horas,Envío programado,Elige el día de entrega,,
1733,mi-tienda,MITI-211301,Puno,Yunguyo,Yunguyo,211301,0,99.99,35.00,65.00,28.00,100,199.99,30.00,60.00,24.00,200,299.99,25.00,55.00,20.00,300,,20.00,50.00,16.00,Envío estándar,Entrega en 2 a 5 días hábiles,Envío express,Entrega en 24 horas,Envío programado,Elige el día de entrega,,
1734,mi-tienda,MITI-211302,Puno,Yunguyo,Anapia,211302,0,99.99,35.00,65.00,28.00,100,199.99,30.00,60.00,24.00,200,299.99,25.00,55.00,20.00,300,,20.00,50.00,16.00,Envío estándar,Entrega en 2 a 5 días hábiles,Envío express,Entrega en 24 horas,Envío programado,Elige el día de entrega,,
1735,mi-tienda,MITI-211303,Puno,Yunguyo,Copani,211303,0,99.99,35.00,65.00,28.00,100,199.99,30.00,60.00,24.00,200,299.99,25.00,55.00,20.00,300,,20.00,50.00,16.00,Envío estándar,Entrega en 2 a 5 días hábiles,Envío express,Entrega en 24 horas,Envío programado,Elige el día de entrega,,
1736,mi-tienda,MITI-211304,Puno,Yunguyo,Cuturapi,211304,0,99.99,35.00,65.00,28.00,100,199.99,30.00,60.00,24.00,200,299.99,25.00,55.00,20.00,300,,20.00,50.00,16.00,Envío estándar,Entrega en 2 a 5 días hábiles,Envío express,Entrega en 24 horas,Envío programado,Elige el día de entrega,,
1737,mi-tienda,MITI-211305,Puno,Yunguyo,Ollaraya,211305,0,99.99,35.00,65.00,28.00,100,199.99,30.00,60.00,24.00,200,299.99,25.00,55.00,20.00,300,,20.00,50.00,16.00,Envío estándar,Entrega en 2 a 5 días hábiles,Envío express,Entrega en 24 horas,Envío programado,Elige el día de entrega,,
1738,mi-tienda,MITI-211306,Puno,Yunguyo,Tinicachi,211306,0,99.99,35.00,65.00,28.00,100,199.99,30.00,60.00,24.00,200,299.99,25.00,55.00,20.00,300,,20.00,50.00,16.00,Envío estándar,Entrega en 2 a 5 días hábiles,Envío express,Entrega en 24 horas,Envío programado,Elige el día de entrega,,
1739,mi-tienda,MITI-211307,Puno,Yunguyo,Unicachi,211307,0,99.99,35.00,65.00,28.00,100,199.99,30.00,60.00,24.00,200,299.99,25.00,55.00,20.00,300,,20.00,50.00,16.00,Envío estándar,Entrega en 2 a 5 días hábiles,Envío express,Entrega en 24 horas,Envío programado,Elige el día de entrega,,
1740,mi-tienda,MITI-220101,San Martín,Moyobamba,Moyobamba,220101,0,99.99,35.00,65.00,28.00,100,199.99,30.00,60.00,24.00,200,299.99,25.00,55.00,20.00,300,,20.00,50.00,16.00,Envío estándar,Entrega en 2 a 5 días hábiles,Envío express,Entrega en 24 horas,Envío programado,Elige el día de entrega,,
1741,mi-tienda,MITI-220102,San Martín,Moyobamba,Calzada,220102,0,99.99,35.00,65.00,28.00,100,199.99,30.00,60.00,24.00,200,299.99,25.00,55.00,20.00,300,,20.00,50.00,16.00,Envío estándar,Entrega en 2 a 5 días hábiles,Envío express,Entrega en 24 horas,Envío programado,Elige el día de entrega,,
1742,mi-tienda,MITI-220103,San Martín,Moyobamba,Habana,220103,0,99.99,35.00,65.00,28.00,100,199.99,30.00,60.00,24.00,200,299.99,25.00,55.00,20.00,300,,20.00,50.00,16.00,Envío estándar,Entrega en 2 a 5 días hábiles,Envío express,Entrega en 24 horas,Envío programado,Elige el día de entrega,,
1743,mi-tienda,MITI-220104,San Martín,Moyobamba,Jepelacio,220104,0,99.99,35.00,65.00,28.00,100,199.99,30.00,60.00,24.00,200,299.99,25.00,55.00,20.00,300,,20.00,50.00,16.00,Envío estándar,Entrega en 2 a 5 días hábiles,Envío express,Entrega en 24 horas,Envío programado,Elige el día de entrega,,
1744,mi-tienda,MITI-220105,San Martín,Moyobamba,Soritor,220105,0,99.99,35.00,65.00,28.00,100,199.99,30.00,60.00,24.00,200,299.99,25.00,55.00,20.00,300,,20.00,50.00,16.00,Envío estándar,Entrega en 2 a 5 días hábiles,Envío express,Entrega en 24 horas,Envío programado,Elige el día de entrega,,
1745,mi-tienda,MITI-220106,San Martín,Moyobamba,Yantalo,220106,0,99.99,35.00,65.00,28.00,100,199.99,30.00,60.00,24.00,200,299.99,25.00,55.00,20.00,300,,20.00,50.00,16.00,Envío estándar,Entrega en 2 a 5 días hábiles,Envío express,Entrega en 24 horas,Envío programado,Elige el día de entrega,,
1746,mi-tienda,MITI-220201,San Martín,San Martín,Bellavista,220201,0,99.99,35.00,65.00,28.00,100,199.99,30.00,60.00,24.00,200,299.99,25.00,55.00,20.00,300,,20.00,50.00,16.00,Envío estándar,Entrega en 2 a 5 días hábiles,Envío express,Entrega en 24 horas,Envío programado,Elige el día de entrega,,
1747,mi-tienda,MITI-220202,San Martín,San Martín,Alto Biavo,220202,0,99.99,35.00,65.00,28.00,100,199.99,30.00,60.00,24.00,200,299.99,25.00,55.00,20.00,300,,20.00,50.00,16.00,Envío estándar,Entrega en 2 a 5 días hábiles,Envío express,Entrega en 24 horas,Envío programado,Elige el día de entrega,,
1748,mi-tienda,MITI-220203,San Martín,San Martín,Bajo Biavo,220203,0,99.99,35.00,65.00,28.00,100,199.99,30.00,60.00,24.00,200,299.99,25.00,55.00,20.00,300,,20.00,50.00,16.00,Envío estándar,Entrega en 2 a 5 días hábiles,Envío express,Entrega en 24 horas,Envío programado,Elige el día de entrega,,
1749,mi-tienda,MITI-220204,San Martín,San Martín,Huallaga,220204,0,99.99,35.00,65.00,28.00,100,199.99,30.00,60.00,24.00,200,299.99,25.00,55.00,20.00,300,,20.00,50.00,16.00,Envío estándar,Entrega en 2 a 5 días hábiles,Envío express,Entrega en 24 horas,Envío programado,Elige el día de entrega,,
1750,mi-tienda,MITI-220205,San Martín,San Martín,San Pablo,220205,0,99.99,35.00,65.00,28.00,100,199.99,30.00,60.00,24.00,200,299.99,25.00,55.00,20.00,300,,20.00,50.00,16.00,Envío estándar,Entrega en 2 a 5 días hábiles,Envío express,Entrega en 24 horas,Envío programado,Elige el día de entrega,,
1751,mi-tienda,MITI-220206,San Martín,San Martín,San Rafael,220206,0,99.99,35.00,65.00,28.00,100,199.99,30.00,60.00,24.00,200,299.99,25.00,55.00,20.00,300,,20.00,50.00,16.00,Envío estándar,Entrega en 2 a 5 días hábiles,Envío express,Entrega en 24 horas,Envío programado,Elige el día de entrega,,
1752,mi-tienda,MITI-220301,San Martín,El Dorado,San Jose de Sisa,220301,0,99.99,35.00,65.00,28.00,100,199.99,30.00,60.00,24.00,200,299.99,25.00,55.00,20.00,300,,20.00,50.00,16.00,Envío estándar,Entrega en 2 a 5 días hábiles,Envío express,Entrega en 24 horas,Envío programado,Elige el día de entrega,,
1753,mi-tienda,MITI-220302,San Martín,El Dorado,Agua Blanca,220302,0,99.99,35.00,65.00,28.00,100,199.99,30.00,60.00,24.00,200,299.99,25.00,55.00,20.00,300,,20.00,50.00,16.00,Envío estándar,Entrega en 2 a 5 días hábiles,Envío express,Entrega en 24 horas,Envío programado,Elige el día de entrega,,
1754,mi-tienda,MITI-220303,San Martín,El Dorado,San Martín,220303,0,99.99,35.00,65.00,28.00,100,199.99,30.00,60.00,24.00,200,299.99,25.00,55.00,20.00,300,,20.00,50.00,16.00,Envío estándar,Entrega en 2 a 5 días hábiles,Envío express,Entrega en 24 horas,Envío programado,Elige el día de entrega,,
1755,mi-tienda,MITI-220304,San Martín,El Dorado,Santa Rosa,220304,0,99.99,35.00,65.00,28.00,100,199.99,30.00,60.00,24.00,200,299.99,25.00,55.00,20.00,300,,20.00,50.00,16.00,Envío estándar,Entrega en 2 a 5 días hábiles,Envío express,Entrega en 24 horas,Envío programado,Elige el día de entrega,,
1756,mi-tienda,MITI-220305,San Martín,El Dorado,Shatoja,220305,0,99.99,35.00,65.00,28.00,100,199.99,30.00,60.00,24.00,200,299.99,25.00,55.00,20.00,300,,20.00,50.00,16.00,Envío estándar,Entrega en 2 a 5 días hábiles,Envío express,Entrega en 24 horas,Envío programado,Elige el día de entrega,,
1757,mi-tienda,MITI-220401,San Martín,Huallaga,Saposoa,220401,0,99.99,35.00,65.00,28.00,100,199.99,30.00,60.00,24.00,200,299.99,25.00,55.00,20.00,300,,20.00,50.00,16.00,Envío estándar,Entrega en 2 a 5 días hábiles,Envío express,Entrega en 24 horas,Envío programado,Elige el día de entrega,,
1758,mi-tienda,MITI-220402,San Martín,Huallaga,Alto Saposoa,220402,0,99.99,35.00,65.00,28.00,100,199.99,30.00,60.00,24.00,200,299.99,25.00,55.00,20.00,300,,20.00,50.00,16.00,Envío estándar,Entrega en 2 a 5 días hábiles,Envío express,Entrega en 24 horas,Envío programado,Elige el día de entrega,,
1759,mi-tienda,MITI-220403,San Martín,Huallaga,El Eslabón,220403,0,99.99,35.00,65.00,28.00,100,199.99,30.00,60.00,24.00,200,299.99,25.00,55.00,20.00,300,,20.00,50.00,16.00,Envío estándar,Entrega en 2 a 5 días hábiles,Envío express,Entrega en 24 horas,Envío programado,Elige el día de entrega,,
1760,mi-tienda,MITI-220404,San Martín,Huallaga,Piscoyacu,220404,0,99.99,35.00,65.00,28.00,100,199.99,30.00,60.00,24.00,200,299.99,25.00,55.00,20.00,300,,20.00,50.00,16.00,Envío estándar,Entrega en 2 a 5 días hábiles,Envío express,Entrega en 24 horas,Envío programado,Elige el día de entrega,,
1761,mi-tienda,MITI-220405,San Martín,Huallaga,Sacanche,220405,0,99.99,35.00,65.00,28.00,100,199.99,30.00,60.00,24.00,200,299.99,25.00,55.00,20.00,300,,20.00,50.00,16.00,Envío estándar,Entrega en 2 a 5 días hábiles,Envío express,Entrega en 24 horas,Envío programado,Elige el día de entrega,,
1762,mi-tienda,MITI-220406,San Martín,Huallaga,Tingo de Saposoa,220406,0,99.99,35.00,65.00,28.00,100,199.99,30.00,60.00,24.00,200,299.99,25.00,55.00,20.00,300,,20.00,50.00,16.00,Envío estándar,Entrega en 2 a 5 días hábiles,Envío express,Entrega en 24 horas,Envío programado,Elige el día de entrega,,
1763,mi-tienda,MITI-220501,San Martín,Lamas,Lamas,220501,0,99.99,35.00,65.00,28.00,100,199.99,30.00,60.00,24.00,200,299.99,25.00,55.00,20.00,300,,20.00,50.00,16.00,Envío estándar,Entrega en 2 a 5 días hábiles,Envío express,Entrega en 24 horas,Envío programado,Elige el día de entrega,,
1764,mi-tienda,MITI-220502,San Martín,Lamas,Alonso de Alvarado,220502,0,99.99,35.00,65.00,28.00,100,199.99,30.00,60.00,24.00,200,299.99,25.00,55.00,20.00,300,,20.00,50.00,16.00,Envío estándar,Entrega en 2 a 5 días hábiles,Envío express,Entrega en 24 horas,Envío programado,Elige el día de entrega,,
1765,mi-tienda,MITI-220503,San Martín,Lamas,Barranquita,220503,0,99.99,35.00,65.00,28.00,100,199.99,30.00,60.00,24.00,200,299.99,25.00,55.00,20.00,300,,20.00,50.00,16.00,Envío estándar,Entrega en 2 a 5 días hábiles,Envío express,Entrega en 24 horas,Envío programado,Elige el día de entrega,,
1766,mi-tienda,MITI-220504,San Martín,Lamas,Caynarachi,220504,0,99.99,35.00,65.00,28.00,100,199.99,30.00,60.00,24.00,200,299.99,25.00,55.00,20.00,300,,20.00,50.00,16.00,Envío estándar,Entrega en 2 a 5 días hábiles,Envío express,Entrega en 24 horas,Envío programado,Elige el día de entrega,,
1767,mi-tienda,MITI-220505,San Martín,Lamas,Cuñumbuqui,220505,0,99.99,35.00,65.00,28.00,100,199.99,30.00,60.00,24.00,200,299.99,25.00,55.00,20.00,300,,20.00,50.00,16.00,Envío estándar,Entrega en 2 a 5 días hábiles,Envío express,Entrega en 24 horas,Envío programado,Elige el día de entrega,,
1768,mi-tienda,MITI-220506,San Martín,Lamas,Pinto Recodo,220506,0,99.99,35.00,65.00,28.00,100,199.99,30.00,60.00,24.00,200,299.99,25.00,55.00,20.00,300,,20.00,50.00,16.00,Envío estándar,Entrega en 2 a 5 días hábiles,Envío express,Entrega en 24 horas,Envío programado,Elige el día de entrega,,
1769,mi-tienda,MITI-220507,San Martín,Lamas,Rumisapa,220507,0,99.99,35.00,65.00,28.00,100,199.99,30.00,60.00,24.00,200,299.99,25.00,55.00,20.00,300,,20.00,50.00,16.00,Envío estándar,Entrega en 2 a 5 días hábiles,Envío express,Entrega en 24 horas,Envío programado,Elige el día de entrega,,
1770,mi-tienda,MITI-220508,San Martín,Lamas,San Roque de Cumbaza,220508,0,99.99,35.00,65.00,28.00,100,199.99,30.00,60.00,24.00,200,299.99,25.00,55.00,20.00,300,,20.00,50.00,16.00,Envío estándar,Entrega en 2 a 5 días hábiles,Envío express,Entrega en 24 horas,Envío programado,Elige el día de entrega,,
1771,mi-tienda,MITI-220509,San Martín,Lamas,Shanao,220509,0,99.99,35.00,65.00,28.00,100,199.99,30.00,60.00,24.00,200,299.99,25.00,55.00,20.00,300,,20.00,50.00,16.00,Envío estándar,Entrega en 2 a 5 días hábiles,Envío express,Entrega en 24 horas,Envío programado,Elige el día de entrega,,
1772,mi-tienda,MITI-220510,San Martín,Lamas,Tabalosos,220510,0,99.99,35.00,65.00,28.00,100,199.99,30.00,60.00,24.00,200,299.99,25.00,55.00,20.00,300,,20.00,50.00,16.00,Envío estándar,Entrega en 2 a 5 días hábiles,Envío express,Entrega en 24 horas,Envío programado,Elige el día de entrega,,
1773,mi-tienda,MITI-220511,San Martín,Lamas,Zapatero,220511,0,99.99,35.00,65.00,28.00,100,199.99,30.00,60.00,24.00,200,299.99,25.00,55.00,20.00,300,,20.00,50.00,16.00,Envío estándar,Entrega en 2 a 5 días hábiles,Envío express,Entrega en 24 horas,Envío programado,Elige el día de entrega,,
1774,mi-tienda,MITI-220601,San Martín,Mariscal Cáceres,Juanjuí,220601,0,99.99,35.00,65.00,28.00,100,199.99,30.00,60.00,24.00,200,299.99,25.00,55.00,20.00,300,,20.00,50.00,16.00,Envío estándar,Entrega en 2 a 5 días hábiles,Envío express,Entrega en 24 horas,Envío programado,Elige el día de entrega,,
1775,mi-tienda,MITI-220602,San Martín,Mariscal Cáceres,Campanilla,220602,0,99.99,35.00,65.00,28.00,100,199.99,30.00,60.00,24.00,200,299.99,25.00,55.00,20.00,300,,20.00,50.00,16.00,Envío estándar,Entrega en 2 a 5 días hábiles,Envío express,Entrega en 24 horas,Envío programado,Elige el día de entrega,,
1776,mi-tienda,MITI-220603,San Martín,Mariscal Cáceres,Huicungo,220603,0,99.99,35.00,65.00,28.00,100,199.99,30.00,60.00,24.00,200,299.99,25.00,55.00,20.00,300,,20.00,50.00,16.00,Envío estándar,Entrega en 2 a 5 días hábiles,Envío express,Entrega en 24 horas,Envío programado,Elige el día de entrega,,
1777,mi-tienda,MITI-220604,San Martín,Mariscal Cáceres,Pachiza,220604,0,99.99,35.00,65.00,28.00,100,199.99,30.00,60.00,24.00,200,299.99,25.00,55.00,20.00,300,,20.00,50.00,16.00,Envío estándar,Entrega en 2 a 5 días hábiles,Envío express,Entrega en 24 horas,Envío programado,Elige el día de entrega,,
1778,mi-tienda,MITI-220605,San Martín,Mariscal Cáceres,Pajarillo,220605,0,99.99,35.00,65.00,28.00,100,199.99,30.00,60.00,24.00,200,299.99,25.00,55.00,20.00,300,,20.00,50.00,16.00,Envío estándar,Entrega en 2 a 5 días hábiles,Envío express,Entrega en 24 horas,Envío programado,Elige el día de entrega,,
1779,mi-tienda,MITI-220701,San Martín,Picota,Picota,220701,0,99.99,35.00,65.00,28.00,100,199.99,30.00,60.00,24.00,200,299.99,25.00,55.00,20.00,300,,20.00,50.00,16.00,Envío estándar,Entrega en 2 a 5 días hábiles,Envío express,Entrega en 24 horas,Envío programado,Elige el día de entrega,,
1780,mi-tienda,MITI-220702,San Martín,Picota,Buenos Aires,220702,0,99.99,35.00,65.00,28.00,100,199.99,30.00,60.00,24.00,200,299.99,25.00,55.00,20.00,300,,20.00,50.00,16.00,Envío estándar,Entrega en 2 a 5 días hábiles,Envío express,Entrega en 24 horas,Envío programado,Elige el día de entrega,,
1781,mi-tienda,MITI-220703,San Martín,Picota,Caspisapa,220703,0,99.99,35.00,65.00,28.00,100,199.99,30.00,60.00,24.00,200,299.99,25.00,55.00,20.00,300,,20.00,50.00,16.00,Envío estándar,Entrega en 2 a 5 días hábiles,Envío express,Entrega en 24 horas,Envío programado,Elige el día de entrega,,
1782,mi-tienda,MITI-220704,San Martín,Picota,Pilluana,220704,0,99.99,35.00,65.00,28.00,100,199.99,30.00,60.00,24.00,200,299.99,25.00,55.00,20.00,300,,20.00,50.00,16.00,Envío estándar,Entrega en 2 a 5 días hábiles,Envío express,Entrega en 24 horas,Envío programado,Elige el día de entrega,,
1783,mi-tienda,MITI-220705,San Martín,Picota,Pucacaca,220705,0,99.99,35.00,65.00,28.00,100,199.99,30.00,60.00,24.00,200,299.99,25.00,55.00,20.00,300,,20.00,50.00,16.00,Envío estándar,Entrega en 2 a 5 días hábiles,Envío express,Entrega en 24 horas,Envío programado,Elige el día de entrega,,
1784,mi-tienda,MITI-220706,San Martín,Picota,San Cristóbal,220706,0,99.99,35.00,65.00,28.00,100,199.99,30.00,60.00,24.00,200,299.99,25.00,55.00,20.00,300,,20.00,50.00,16.00,Envío estándar,Entrega en 2 a 5 días hábiles,Envío express,Entrega en 24 horas,Envío programado,Elige el día de entrega,,
1785,mi-tienda,MITI-220707,San Martín,Picota,San Hilarión,220707,0,99.99,35.00,65.00,28.00,100,199.99,30.00,60.00,24.00,200,299.99,25.00,55.00,20.00,300,,20.00,50.00,16.00,Envío estándar,Entrega en 2 a 5 días hábiles,Envío express,Entrega en 24 horas,Envío programado,Elige el día de entrega,,
1786,mi-tienda,MITI-220708,San Martín,Picota,Shamboyacu,220708,0,99.99,35.00,65.00,28.00,100,199.99,30.00,60.00,24.00,200,299.99,25.00,55.00,20.00,300,,20.00,50.00,16.00,Envío estándar,Entrega en 2 a 5 días hábiles,Envío express,Entrega en 24 horas,Envío programado,Elige el día de entrega,,
1787,mi-tienda,MITI-220709,San Martín,Picota,Tingo de Ponasa,220709,0,99.99,35.00,65.00,28.00,100,199.99,30.00,60.00,24.00,200,299.99,25.00,55.00,20.00,300,,20.00,50.00,16.00,Envío estándar,Entrega en 2 a 5 días hábiles,Envío express,Entrega en 24 horas,Envío programado,Elige el día de entrega,,
1788,mi-tienda,MITI-220710,San Martín,Picota,Tres Unidos,220710,0,99.99,35.00,65.00,28.00,100,199.99,30.00,60.00,24.00,200,299.99,25.00,55.00,20.00,300,,20.00,50.00,16.00,Envío estándar,Entrega en 2 a 5 días hábiles,Envío express,Entrega en 24 horas,Envío programado,Elige el día de entrega,,
1789,mi-tienda,MITI-220801,San Martín,Rioja,Rioja,220801,0,99.99,35.00,65.00,28.00,100,199.99,30.00,60.00,24.00,200,299.99,25.00,55.00,20.00,300,,20.00,50.00,16.00,Envío estándar,Entrega en 2 a 5 días hábiles,Envío express,Entrega en 24 horas,Envío programado,Elige el día de entrega,,
1790,mi-tienda,MITI-220802,San Martín,Rioja,Awajun,220802,0,99.99,35.00,65.00,28.00,100,199.99,30.00,60.00,24.00,200,299.99,25.00,55.00,20.00,300,,20.00,50.00,16.00,Envío estándar,Entrega en 2 a 5 días hábiles,Envío express,Entrega en 24 horas,Envío programado,Elige el día de entrega,,
1791,mi-tienda,MITI-220803,San Martín,Rioja,Elías Soplin Vargas,220803,0,99.99,35.00,65.00,28.00,100,199.99,30.00,60.00,24.00,200,299.99,25.00,55.00,20.00,300,,20.00,50.00,16.00,Envío estándar,Entrega en 2 a 5 días hábiles,Envío express,Entrega en 24 horas,Envío programado,Elige el día de entrega,,
1792,mi-tienda,MITI-220804,San Martín,Rioja,Nueva Cajamarca,220804,0,99.99,35.00,65.00,28.00,100,199.99,30.00,60.00,24.00,200,299.99,25.00,55.00,20.00,300,,20.00,50.00,16.00,Envío estándar,Entrega en 2 a 5 días hábiles,Envío express,Entrega en 24 horas,Envío programado,Elige el día de entrega,,
1793,mi-tienda,MITI-220805,San Martín,Rioja,Pardo Miguel,220805,0,99.99,35.00,65.00,28.00,100,199.99,30.00,60.00,24.00,200,299.99,25.00,55.00,20.00,300,,20.00,50.00,16.00,Envío estándar,Entrega en 2 a 5 días hábiles,Envío express,Entrega en 24 horas,Envío programado,Elige el día de entrega,,
1794,mi-tienda,MITI-220806,San Martín,Rioja,Posic,220806,0,99.99,35.00,65.00,28.00,100,199.99,30.00,60.00,24.00,200,299.99,25.00,55.00,20.00,300,,20.00,50.00,16.00,Envío estándar,Entrega en 2 a 5 días hábiles,Envío express,Entrega en 24 horas,Envío programado,Elige el día de entrega,,
1795,mi-tienda,MITI-220807,San Martín,Rioja,San Fernando,220807,0,99.99,35.00,65.00,28.00,100,199.99,30.00,60.00,24.00,200,299.99,25.00,55.00,20.00,300,,20.00,50.00,16.00,Envío estándar,Entrega en 2 a 5 días hábiles,Envío express,Entrega en 24 horas,Envío programado,Elige el día de entrega,,
1796,mi-tienda,MITI-220808,San Martín,Rioja,Yorongos,220808,0,99.99,35.00,65.00,28.00,100,199.99,30.00,60.00,24.00,200,299.99,25.00,55.00,20.00,300,,20.00,50.00,16.00,Envío estándar,Entrega en 2 a 5 días hábiles,Envío express,Entrega en 24 horas,Envío programado,Elige el día de entrega,,
1797,mi-tienda,MITI-220809,San Martín,Rioja,Yuracyacu,220809,0,99.99,35.00,65.00,28.00,100,199.99,30.00,60.00,24.00,200,299.99,25.00,55.00,20.00,300,,20.00,50.00,16.00,Envío estándar,Entrega en 2 a 5 días hábiles,Envío express,Entrega en 24 horas,Envío programado,Elige el día de entrega,,
1798,mi-tienda,MITI-220901,San Martín,San Martín,Tarapoto,220901,0,99.99,35.00,65.00,28.00,100,199.99,30.00,60.00,24.00,200,299.99,25.00,55.00,20.00,300,,20.00,50.00,16.00,Envío estándar,Entrega en 2 a 5 días hábiles,Envío express,Entrega en 24 horas,Envío programado,Elige el día de entrega,,
1799,mi-tienda,MITI-220902,San Martín,San Martín,Alberto Leveau,220902,0,99.99,35.00,65.00,28.00,100,199.99,30.00,60.00,24.00,200,299.99,25.00,55.00,20.00,300,,20.00,50.00,16.00,Envío estándar,Entrega en 2 a 5 días hábiles,Envío express,Entrega en 24 horas,Envío programado,Elige el día de entrega,,
1800,mi-tienda,MITI-220903,San Martín,San Martín,Cacatachi,220903,0,99.99,35.00,65.00,28.00,100,199.99,30.00,60.00,24.00,200,299.99,25.00,55.00,20.00,300,,20.00,50.00,16.00,Envío estándar,Entrega en 2 a 5 días hábiles,Envío express,Entrega en 24 horas,Envío programado,Elige el día de entrega,,
1801,mi-tienda,MITI-220904,San Martín,San Martín,Chazuta,220904,0,99.99,35.00,65.00,28.00,100,199.99,30.00,60.00,24.00,200,299.99,25.00,55.00,20.00,300,,20.00,50.00,16.00,Envío estándar,Entrega en 2 a 5 días hábiles,Envío express,Entrega en 24 horas,Envío programado,Elige el día de entrega,,
1802,mi-tienda,MITI-220905,San Martín,San Martín,Chipurana,220905,0,99.99,35.00,65.00,28.00,100,199.99,30.00,60.00,24.00,200,299.99,25.00,55.00,20.00,300,,20.00,50.00,16.00,Envío estándar,Entrega en 2 a 5 días hábiles,Envío express,Entrega en 24 horas,Envío programado,Elige el día de entrega,,
1803,mi-tienda,MITI-220906,San Martín,San Martín,El Porvenir,220906,0,99.99,35.00,65.00,28.00,100,199.99,30.00,60.00,24.00,200,299.99,25.00,55.00,20.00,300,,20.00,50.00,16.00,Envío estándar,Entrega en 2 a 5 días hábiles,Envío express,Entrega en 24 horas,Envío programado,Elige el día de entrega,,
1804,mi-tienda,MITI-220907,San Martín,San Martín,Huimbayoc,220907,0,99.99,35.00,65.00,28.00,100,199.99,30.00,60.00,24.00,200,299.99,25.00,55.00,20.00,300,,20.00,50.00,16.00,Envío estándar,Entrega en 2 a 5 días hábiles,Envío express,Entrega en 24 horas,Envío programado,Elige el día de entrega,,
1805,mi-tienda,MITI-220908,San Martín,San Martín,Juan Guerra,220908,0,99.99,35.00,65.00,28.00,100,199.99,30.00,60.00,24.00,200,299.99,25.00,55.00,20.00,300,,20.00,50.00,16.00,Envío estándar,Entrega en 2 a 5 días hábiles,Envío express,Entrega en 24 horas,Envío programado,Elige el día de entrega,,
1806,mi-tienda,MITI-220909,San Martín,San Martín,La Banda de Shilcayo,220909,0,99.99,35.00,65.00,28.00,100,199.99,30.00,60.00,24.00,200,299.99,25.00,55.00,20.00,300,,20.00,50.00,16.00,Envío estándar,Entrega en 2 a 5 días hábiles,Envío express,Entrega en 24 horas,Envío programado,Elige el día de entrega,,
1807,mi-tienda,MITI-220910,San Martín,San Martín,Morales,220910,0,99.99,35.00,65.00,28.00,100,199.99,30.00,60.00,24.00,200,299.99,25.00,55.00,20.00,300,,20.00,50.00,16.00,Envío estándar,Entrega en 2 a 5 días hábiles,Envío express,Entrega en 24 horas,Envío programado,Elige el día de entrega,,
1808,mi-tienda,MITI-220911,San Martín,San Martín,Papaplaya,220911,0,99.99,35.00,65.00,28.00,100,199.99,30.00,60.00,24.00,200,299.99,25.00,55.00,20.00,300,,20.00,50.00,16.00,Envío estándar,Entrega en 2 a 5 días hábiles,Envío express,Entrega en 24 horas,Envío programado,Elige el día de entrega,,
1809,mi-tienda,MITI-220912,San Martín,San Martín,San Antonio,220912,0,99.99,35.00,65.00,28.00,100,199.99,30.00,60.00,24.00,200,299.99,25.00,55.00,20.00,300,,20.00,50.00,16.00,Envío estándar,Entrega en 2 a 5 días hábiles,Envío express,Entrega en 24 horas,Envío programado,Elige el día de entrega,,
1810,mi-tienda,MITI-220913,San Martín,San Martín,Sauce,220913,0,99.99,35.00,65.00,28.00,100,199.99,30.00,60.00,24.00,200,299.99,25.00,55.00,20.00,300,,20.00,50.00,16.00,Envío estándar,Entrega en 2 a 5 días hábiles,Envío express,Entrega en 24 horas,Envío programado,Elige el día de entrega,,
1811,mi-tienda,MITI-220914,San Martín,San Martín,Shapaja,220914,0,99.99,35.00,65.00,28.00,100,199.99,30.00,60.00,24.00,200,299.99,25.00,55.00,20.00,300,,20.00,50.00,16.00,Envío estándar,Entrega en 2 a 5 días hábiles,Envío express,Entrega en 24 horas,Envío programado,Elige el día de entrega,,
1812,mi-tienda,MITI-221001,San Martín,Tocache,Tocache,221001,0,99.99,35.00,65.00,28.00,100,199.99,30.00,60.00,24.00,200,299.99,25.00,55.00,20.00,300,,20.00,50.00,16.00,Envío estándar,Entrega en 2 a 5 días hábiles,Envío express,Entrega en 24 horas,Envío programado,Elige el día de entrega,,
1813,mi-tienda,MITI-221002,San Martín,Tocache,Nuevo Progreso,221002,0,99.99,35.00,65.00,28.00,100,199.99,30.00,60.00,24.00,200,299.99,25.00,55.00,20.00,300,,20.00,50.00,16.00,Envío estándar,Entrega en 2 a 5 días hábiles,Envío express,Entrega en 24 horas,Envío programado,Elige el día de entrega,,
1814,mi-tienda,MITI-221003,San Martín,Tocache,Polvora,221003,0,99.99,35.00,65.00,28.00,100,199.99,30.00,60.00,24.00,200,299.99,25.00,55.00,20.00,300,,20.00,50.00,16.00,Envío estándar,Entrega en 2 a 5 días hábiles,Envío express,Entrega en 24 horas,Envío programado,Elige el día de entrega,,
1815,mi-tienda,MITI-221004,San Martín,Tocache,Shunte,221004,0,99.99,35.00,65.00,28.00,100,199.99,30.00,60.00,24.00,200,299.99,25.00,55.00,20.00,300,,20.00,50.00,16.00,Envío estándar,Entrega en 2 a 5 días hábiles,Envío express,Entrega en 24 horas,Envío programado,Elige el día de entrega,,
1816,mi-tienda,MITI-221005,San Martín,Tocache,Uchiza,221005,0,99.99,35.00,65.00,28.00,100,199.99,30.00,60.00,24.00,200,299.99,25.00,55.00,20.00,300,,20.00,50.00,16.00,Envío estándar,Entrega en 2 a 5 días hábiles,Envío express,Entrega en 24 horas,Envío programado,Elige el día de entrega,,
1817,mi-tienda,MITI-230101,Tacna,Tacna,Tacna,230101,0,99.99,35.00,65.00,28.00,100,199.99,30.00,60.00,24.00,200,299.99,25.00,55.00,20.00,300,,20.00,50.00,16.00,Envío estándar,Entrega en 2 a 5 días hábiles,Envío express,Entrega en 24 horas,Envío programado,Elige el día de entrega,,
1818,mi-tienda,MITI-230102,Tacna,Tacna,Alto de La Alianza,230102,0,99.99,35.00,65.00,28.00,100,199.99,30.00,60.00,24.00,200,299.99,25.00,55.00,20.00,300,,20.00,50.00,16.00,Envío estándar,Entrega en 2 a 5 días hábiles,Envío express,Entrega en 24 horas,Envío programado,Elige el día de entrega,,
1819,mi-tienda,MITI-230103,Tacna,Tacna,Calana,230103,0,99.99,35.00,65.00,28.00,100,199.99,30.00,60.00,24.00,200,299.99,25.00,55.00,20.00,300,,20.00,50.00,16.00,Envío estándar,Entrega en 2 a 5 días hábiles,Envío express,Entrega en 24 horas,Envío programado,Elige el día de entrega,,
1820,mi-tienda,MITI-230104,Tacna,Tacna,Ciudad Nueva,230104,0,99.99,35.00,65.00,28.00,100,199.99,30.00,60.00,24.00,200,299.99,25.00,55.00,20.00,300,,20.00,50.00,16.00,Envío estándar,Entrega en 2 a 5 días hábiles,Envío express,Entrega en 24 horas,Envío programado,Elige el día de entrega,,
1821,mi-tienda,MITI-230105,Tacna,Tacna,Inclan,230105,0,99.99,35.00,65.00,28.00,100,199.99,30.00,60.00,24.00,200,299.99,25.00,55.00,20.00,300,,20.00,50.00,16.00,Envío estándar,Entrega en 2 a 5 días hábiles,Envío express,Entrega en 24 horas,Envío programado,Elige el día de entrega,,
1822,mi-tienda,MITI-230106,Tacna,Tacna,Pachia,230106,0,99.99,35.00,65.00,28.00,100,199.99,30.00,60.00,24.00,200,299.99,25.00,55.00,20.00,300,,20.00,50.00,16.00,Envío estándar,Entrega en 2 a 5 días hábiles,Envío express,Entrega en 24 horas,Envío programado,Elige el día de entrega,,
1823,mi-tienda,MITI-230107,Tacna,Tacna,Palca,230107,0,99.99,35.00,65.00,28.00,100,199.99,30.00,60.00,24.00,200,299.99,25.00,55.00,20.00,300,,20.00,50.00,16.00,Envío estándar,Entrega en 2 a 5 días hábiles,Envío express,Entrega en 24 horas,Envío programado,Elige el día de entrega,,
1824,mi-tienda,MITI-230108,Tacna,Tacna,Pocollay,230108,0,99.99,35.00,65.00,28.00,100,199.99,30.00,60.00,24.00,200,299.99,25.00,55.00,20.00,300,,20.00,50.00,16.00,Envío estándar,Entrega en 2 a 5 días hábiles,Envío express,Entrega en 24 horas,Envío programado,Elige el día de entrega,,
1825,mi-tienda,MITI-230109,Tacna,Tacna,Sama,230109,0,99.99,35.00,65.00,28.00,100,199.99,30.00,60.00,24.00,200,299.99,25.00,55.00,20.00,300,,20.00,50.00,16.00,Envío estándar,Entrega en 2 a 5 días hábiles,Envío express,Entrega en 24 horas,Envío programado,Elige el día de entrega,,
1826,mi-tienda,MITI-230110,Tacna,Tacna,Coronel Gregorio Albarracín Lanchipa,230110,0,99.99,35.00,65.00,28.00,100,199.99,30.00,60.00,24.00,200,299.99,25.00,55.00,20.00,300,,20.00,50.00,16.00,Envío estándar,Entrega en 2 a 5 días hábiles,Envío express,Entrega en 24 horas,Envío programado,Elige el día de entrega,,
1827,mi-tienda,MITI-230111,Tacna,Tacna,La Yarada-Los Palos,230111,0,99.99,35.00,65.00,28.00,100,199.99,30.00,60.00,24.00,200,299.99,25.00,55.00,20.00,300,,20.00,50.00,16.00,Envío estándar,Entrega en 2 a 5 días hábiles,Envío express,Entrega en 24 horas,Envío programado,Elige el día de entrega,,
1828,mi-tienda,MITI-230201,Tacna,Candarave,Candarave,230201,0,99.99,35.00,65.00,28.00,100,199.99,30.00,60.00,24.00,200,299.99,25.00,55.00,20.00,300,,20.00,50.00,16.00,Envío estándar,Entrega en 2 a 5 días hábiles,Envío express,Entrega en 24 horas,Envío programado,Elige el día de entrega,,
1829,mi-tienda,MITI-230202,Tacna,Candarave,Cairani,230202,0,99.99,35.00,65.00,28.00,100,199.99,30.00,60.00,24.00,200,299.99,25.00,55.00,20.00,300,,20.00,50.00,16.00,Envío estándar,Entrega en 2 a 5 días hábiles,Envío express,Entrega en 24 horas,Envío programado,Elige el día de entrega,,
1830,mi-tienda,MITI-230203,Tacna,Candarave,Camilaca,230203,0,99.99,35.00,65.00,28.00,100,199.99,30.00,60.00,24.00,200,299.99,25.00,55.00,20.00,300,,20.00,50.00,16.00,Envío estándar,Entrega en 2 a 5 días hábiles,Envío express,Entrega en 24 horas,Envío programado,Elige el día de entrega,,
1831,mi-tienda,MITI-230204,Tacna,Candarave,Curibaya,230204,0,99.99,35.00,65.00,28.00,100,199.99,30.00,60.00,24.00,200,299.99,25.00,55.00,20.00,300,,20.00,50.00,16.00,Envío estándar,Entrega en 2 a 5 días hábiles,Envío express,Entrega en 24 horas,Envío programado,Elige el día de entrega,,
1832,mi-tienda,MITI-230205,Tacna,Candarave,Huanuara,230205,0,99.99,35.00,65.00,28.00,100,199.99,30.00,60.00,24.00,200,299.99,25.00,55.00,20.00,300,,20.00,50.00,16.00,Envío estándar,Entrega en 2 a 5 días hábiles,Envío express,Entrega en 24 horas,Envío programado,Elige el día de entrega,,
1833,mi-tienda,MITI-230206,Tacna,Candarave,Quilahuani,230206,0,99.99,35.00,65.00,28.00,100,199.99,30.00,60.00,24.00,200,299.99,25.00,55.00,20.00,300,,20.00,50.00,16.00,Envío estándar,Entrega en 2 a 5 días hábiles,Envío express,Entrega en 24 horas,Envío programado,Elige el día de entrega,,
1834,mi-tienda,MITI-230301,Tacna,Jorge Basadre,Locumba,230301,0,99.99,35.00,65.00,28.00,100,199.99,30.00,60.00,24.00,200,299.99,25.00,55.00,20.00,300,,20.00,50.00,16.00,Envío estándar,Entrega en 2 a 5 días hábiles,Envío express,Entrega en 24 horas,Envío programado,Elige el día de entrega,,
1835,mi-tienda,MITI-230302,Tacna,Jorge Basadre,Ilabaya,230302,0,99.99,35.00,65.00,28.00,100,199.99,30.00,60.00,24.00,200,299.99,25.00,55.00,20.00,300,,20.00,50.00,16.00,Envío estándar,Entrega en 2 a 5 días hábiles,Envío express,Entrega en 24 horas,Envío programado,Elige el día de entrega,,
1836,mi-tienda,MITI-230303,Tacna,Jorge Basadre,Ite,230303,0,99.99,35.00,65.00,28.00,100,199.99,30.00,60.00,24.00,200,299.99,25.00,55.00,20.00,300,,20.00,50.00,16.00,Envío estándar,Entrega en 2 a 5 días hábiles,Envío express,Entrega en 24 horas,Envío programado,Elige el día de entrega,,
1837,mi-tienda,MITI-230401,Tacna,Tarata,Tarata,230401,0,99.99,35.00,65.00,28.00,100,199.99,30.00,60.00,24.00,200,299.99,25.00,55.00,20.00,300,,20.00,50.00,16.00,Envío estándar,Entrega en 2 a 5 días hábiles,Envío express,Entrega en 24 horas,Envío programado,Elige el día de entrega,,
1838,mi-tienda,MITI-230402,Tacna,Tarata,Héroes Albarracín,230402,0,99.99,35.00,65.00,28.00,100,199.99,30.00,60.00,24.00,200,299.99,25.00,55.00,20.00,300,,20.00,50.00,16.00,Envío estándar,Entrega en 2 a 5 días hábiles,Envío express,Entrega en 24 horas,Envío programado,Elige el día de entrega,,
1839,mi-tienda,MITI-230403,Tacna,Tarata,Estique,230403,0,99.99,35.00,65.00,28.00,100,199.99,30.00,60.00,24.00,200,299.99,25.00,55.00,20.00,300,,20.00,50.00,16.00,Envío estándar,Entrega en 2 a 5 días hábiles,Envío express,Entrega en 24 horas,Envío programado,Elige el día de entrega,,
1840,mi-tienda,MITI-230404,Tacna,Tarata,Estique-Pampa,230404,0,99.99,35.00,65.00,28.00,100,199.99,30.00,60.00,24.00,200,299.99,25.00,55.00,20.00,300,,20.00,50.00,16.00,Envío estándar,Entrega en 2 a 5 días hábiles,Envío express,Entrega en 24 horas,Envío programado,Elige el día de entrega,,
1841,mi-tienda,MITI-230405,Tacna,Tarata,Sitajara,230405,0,99.99,35.00,65.00,28.00,100,199.99,30.00,60.00,24.00,200,299.99,25.00,55.00,20.00,300,,20.00,50.00,16.00,Envío estándar,Entrega en 2 a 5 días hábiles,Envío express,Entrega en 24 horas,Envío programado,Elige el día de entrega,,
1842,mi-tienda,MITI-230406,Tacna,Tarata,Susapaya,230406,0,99.99,35.00,65.00,28.00,100,199.99,30.00,60.00,24.00,200,299.99,25.00,55.00,20.00,300,,20.00,50.00,16.00,Envío estándar,Entrega en 2 a 5 días hábiles,Envío express,Entrega en 24 horas,Envío programado,Elige el día de entrega,,
1843,mi-tienda,MITI-230407,Tacna,Tarata,Tarucachi,230407,0,99.99,35.00,65.00,28.00,100,199.99,30.00,60.00,24.00,200,299.99,25.00,55.00,20.00,300,,20.00,50.00,16.00,Envío estándar,Entrega en 2 a 5 días hábiles,Envío express,Entrega en 24 horas,Envío programado,Elige el día de entrega,,
1844,mi-tienda,MITI-230408,Tacna,Tarata,Ticaco,230408,0,99.99,35.00,65.00,28.00,100,199.99,30.00,60.00,24.00,200,299.99,25.00,55.00,20.00,300,,20.00,50.00,16.00,Envío estándar,Entrega en 2 a 5 días hábiles,Envío express,Entrega en 24 horas,Envío programado,Elige el día de entrega,,
1845,mi-tienda,MITI-240101,Tumbes,Tumbes,Tumbes,240101,0,99.99,35.00,65.00,28.00,100,199.99,30.00,60.00,24.00,200,299.99,25.00,55.00,20.00,300,,20.00,50.00,16.00,Envío estándar,Entrega en 2 a 5 días hábiles,Envío express,Entrega en 24 horas,Envío programado,Elige el día de entrega,,
1846,mi-tienda,MITI-240102,Tumbes,Tumbes,Corrales,240102,0,99.99,35.00,65.00,28.00,100,199.99,30.00,60.00,24.00,200,299.99,25.00,55.00,20.00,300,,20.00,50.00,16.00,Envío estándar,Entrega en 2 a 5 días hábiles,Envío express,Entrega en 24 horas,Envío programado,Elige el día de entrega,,
1847,mi-tienda,MITI-240103,Tumbes,Tumbes,La Cruz,240103,0,99.99,35.00,65.00,28.00,100,199.99,30.00,60.00,24.00,200,299.99,25.00,55.00,20.00,300,,20.00,50.00,16.00,Envío estándar,Entrega en 2 a 5 días hábiles,Envío express,Entrega en 24 horas,Envío programado,Elige el día de entrega,,
1848,mi-tienda,MITI-240104,Tumbes,Tumbes,Pampas de Hospital,240104,0,99.99,35.00,65.00,28.00,100,199.99,30.00,60.00,24.00,200,299.99,25.00,55.00,20.00,300,,20.00,50.00,16.00,Envío estándar,Entrega en 2 a 5 días hábiles,Envío express,Entrega en 24 horas,Envío programado,Elige el día de entrega,,
1849,mi-tienda,MITI-240105,Tumbes,Tumbes,San Jacinto,240105,0,99.99,35.00,65.00,28.00,100,199.99,30.00,60.00,24.00,200,299.99,25.00,55.00,20.00,300,,20.00,50.00,16.00,Envío estándar,Entrega en 2 a 5 días hábiles,Envío express,Entrega en 24 horas,Envío programado,Elige el día de entrega,,
1850,mi-tienda,MITI-240106,Tumbes,Tumbes,San Juan de La Virgen,240106,0,99.99,35.00,65.00,28.00,100,199.99,30.00,60.00,24.00,200,299.99,25.00,55.00,20.00,300,,20.00,50.00,16.00,Envío estándar,Entrega en 2 a 5 días hábiles,Envío express,Entrega en 24 horas,Envío programado,Elige el día de entrega,,
1851,mi-tienda,MITI-240201,Tumbes,Contralmirante Villa,Zorritos,240201,0,99.99,35.00,65.00,28.00,100,199.99,30.00,60.00,24.00,200,299.99,25.00,55.00,20.00,300,,20.00,50.00,16.00,Envío estándar,Entrega en 2 a 5 días hábiles,Envío express,Entrega en 24 horas,Envío programado,Elige el día de entrega,,
1852,mi-tienda,MITI-240202,Tumbes,Contralmirante Villa,Casitas,240202,0,99.99,35.00,65.00,28.00,100,199.99,30.00,60.00,24.00,200,299.99,25.00,55.00,20.00,300,,20.00,50.00,16.00,Envío estándar,Entrega en 2 a 5 días hábiles,Envío express,Entrega en 24 horas,Envío programado,Elige el día de entrega,,
1853,mi-tienda,MITI-240203,Tumbes,Contralmirante Villa,Canoas de Punta Sal,240203,0,99.99,35.00,65.00,28.00,100,199.99,30.00,60.00,24.00,200,299.99,25.00,55.00,20.00,300,,20.00,50.00,16.00,Envío estándar,Entrega en 2 a 5 días hábiles,Envío express,Entrega en 24 horas,Envío programado,Elige el día de entrega,,
1854,mi-tienda,MITI-240301,Tumbes,Zarumilla,Zarumilla,240301,0,99.99,35.00,65.00,28.00,100,199.99,30.00,60.00,24.00,200,299.99,25.00,55.00,20.00,300,,20.00,50.00,16.00,Envío estándar,Entrega en 2 a 5 días hábiles,Envío express,Entrega en 24 horas,Envío programado,Elige el día de entrega,,
1855,mi-tienda,MITI-240302,Tumbes,Zarumilla,Aguas Verdes,240302,0,99.99,35.00,65.00,28.00,100,199.99,30.00,60.00,24.00,200,299.99,25.00,55.00,20.00,300,,20.00,50.00,16.00,Envío estándar,Entrega en 2 a 5 días hábiles,Envío express,Entrega en 24 horas,Envío programado,Elige el día de entrega,,
1856,mi-tienda,MITI-240303,Tumbes,Zarumilla,Matapalo,240303,0,99.99,35.00,65.00,28.00,100,199.99,30.00,60.00,24.00,200,299.99,25.00,55.00,20.00,300,,20.00,50.00,16.00,Envío estándar,Entrega en 2 a 5 días hábiles,Envío express,Entrega en 24 horas,Envío programado,Elige el día de entrega,,
1857,mi-tienda,MITI-240304,Tumbes,Zarumilla,Papayal,240304,0,99.99,35.00,65.00,28.00,100,199.99,30.00,60.00,24.00,200,299.99,25.00,55.00,20.00,300,,20.00,50.00,16.00,Envío estándar,Entrega en 2 a 5 días hábiles,Envío express,Entrega en 24 horas,Envío programado,Elige el día de entrega,,
1858,mi-tienda,MITI-250101,Ucayali,Coronel Portillo,Calleria,250101,0,99.99,35.00,65.00,28.00,100,199.99,30.00,60.00,24.00,200,299.99,25.00,55.00,20.00,300,,20.00,50.00,16.00,Envío estándar,Entrega en 2 a 5 días hábiles,Envío express,Entrega en 24 horas,Envío programado,Elige el día de entrega,,
1859,mi-tienda,MITI-250102,Ucayali,Coronel Portillo,Campoverde,250102,0,99.99,35.00,65.00,28.00,100,199.99,30.00,60.00,24.00,200,299.99,25.00,55.00,20.00,300,,20.00,50.00,16.00,Envío estándar,Entrega en 2 a 5 días hábiles,Envío express,Entrega en 24 horas,Envío programado,Elige el día de entrega,,
1860,mi-tienda,MITI-250103,Ucayali,Coronel Portillo,Iparia,250103,0,99.99,35.00,65.00,28.00,100,199.99,30.00,60.00,24.00,200,299.99,25.00,55.00,20.00,300,,20.00,50.00,16.00,Envío estándar,Entrega en 2 a 5 días hábiles,Envío express,Entrega en 24 horas,Envío programado,Elige el día de entrega,,
1861,mi-tienda,MITI-250104,Ucayali,Coronel Portillo,Masisea,250104,0,99.99,35.00,65.00,28.00,100,199.99,30.00,60.00,24.00,200,299.99,25.00,55.00,20.00,300,,20.00,50.00,16.00,Envío estándar,Entrega en 2 a 5 días hábiles,Envío express,Entrega en 24 horas,Envío programado,Elige el día de entrega,,
1862,mi-tienda,MITI-250105,Ucayali,Coronel Portillo,Yarinacocha,250105,0,99.99,35.00,65.00,28.00,100,199.99,30.00,60.00,24.00,200,299.99,25.00,55.00,20.00,300,,20.00,50.00,16.00,Envío estándar,Entrega en 2 a 5 días hábiles,Envío express,Entrega en 24 horas,Envío programado,Elige el día de entrega,,
1863,mi-tienda,MITI-250106,Ucayali,Coronel Portillo,Nueva Requena,250106,0,99.99,35.00,65.00,28.00,100,199.99,30.00,60.00,24.00,200,299.99,25.00,55.00,20.00,300,,20.00,50.00,16.00,Envío estándar,Entrega en 2 a 5 días hábiles,Envío express,Entrega en 24 horas,Envío programado,Elige el día de entrega,,
1864,mi-tienda,MITI-250107,Ucayali,Coronel Portillo,Manantay,250107,0,99.99,35.00,65.00,28.00,100,199.99,30.00,60.00,24.00,200,299.99,25.00,55.00,20.00,300,,20.00,50.00,16.00,Envío estándar,Entrega en 2 a 5 días hábiles,Envío express,Entrega en 24 horas,Envío programado,Elige el día de entrega,,
1865,mi-tienda,MITI-250201,Ucayali,Atalaya,Raymondi,250201,0,99.99,35.00,65.00,28.00,100,199.99,30.00,60.00,24.00,200,299.99,25.00,55.00,20.00,300,,20.00,50.00,16.00,Envío estándar,Entrega en 2 a 5 días hábiles,Envío express,Entrega en 24 horas,Envío programado,Elige el día de entrega,,
1866,mi-tienda,MITI-250202,Ucayali,Atalaya,Sepahua,250202,0,99.99,35.00,65.00,28.00,100,199.99,30.00,60.00,24.00,200,299.99,25.00,55.00,20.00,300,,20.00,50.00,16.00,Envío estándar,Entrega en 2 a 5 días hábiles,Envío express,Entrega en 24 horas,Envío programado,Elige el día de entrega,,
1867,mi-tienda,MITI-250203,Ucayali,Atalaya,Tahuania,250203,0,99.99,35.00,65.00,28.00,100,199.99,30.00,60.00,24.00,200,299.99,25.00,55.00,20.00,300,,20.00,50.00,16.00,Envío estándar,Entrega en 2 a 5 días hábiles,Envío express,Entrega en 24 horas,Envío programado,Elige el día de entrega,,
1868,mi-tienda,MITI-250204,Ucayali,Atalaya,Yurua,250204,0,99.99,35.00,65.00,28.00,100,199.99,30.00,60.00,24.00,200,299.99,25.00,55.00,20.00,300,,20.00,50.00,16.00,Envío estándar,Entrega en 2 a 5 días hábiles,Envío express,Entrega en 24 horas,Envío programado,Elige el día de entrega,,
1869,mi-tienda,MITI-250301,Ucayali,Padre Abad,Padre Abad,250301,0,99.99,35.00,65.00,28.00,100,199.99,30.00,60.00,24.00,200,299.99,25.00,55.00,20.00,300,,20.00,50.00,16.00,Envío estándar,Entrega en 2 a 5 días hábiles,Envío express,Entrega en 24 horas,Envío programado,Elige el día de entrega,,
1870,mi-tienda,MITI-250302,Ucayali,Padre Abad,Irazola,250302,0,99.99,35.00,65.00,28.00,100,199.99,30.00,60.00,24.00,200,299.99,25.00,55.00,20.00,300,,20.00,50.00,16.00,Envío estándar,Entrega en 2 a 5 días hábiles,Envío express,Entrega en 24 horas,Envío programado,Elige el día de entrega,,
1871,mi-tienda,MITI-250303,Ucayali,Padre Abad,Curimana,250303,0,99.99,35.00,65.00,28.00,100,199.99,30.00,60.00,24.00,200,299.99,25.00,55.00,20.00,300,,20.00,50.00,16.00,Envío estándar,Entrega en 2 a 5 días hábiles,Envío express,Entrega en 24 horas,Envío programado,Elige el día de entrega,,
1872,mi-tienda,MITI-250304,Ucayali,Padre Abad,Neshuya,250304,0,99.99,35.00,65.00,28.00,100,199.99,30.00,60.00,24.00,200,299.99,25.00,55.00,20.00,300,,20.00,50.00,16.00,Envío estándar,Entrega en 2 a 5 días hábiles,Envío express,Entrega en 24 horas,Envío programado,Elige el día de entrega,,
1873,mi-tienda,MITI-250305,Ucayali,Padre Abad,Alexander Von Humboldt,250305,0,99.99,35.00,65.00,28.00,100,199.99,30.00,60.00,24.00,200,299.99,25.00,55.00,20.00,300,,20.00,50.00,16.00,Envío estándar,Entrega en 2 a 5 días hábiles,Envío express,Entrega en 24 horas,Envío programado,Elige el día de entrega,,
1874,mi-tienda,MITI-250401,Ucayali,Purús,Purús,250401,0,99.99,35.00,65.00,28.00,100,199.99,30.00,60.00,24.00,200,299.99,25.00,55.00,20.00,300,,20.00,50.00,16.00,Envío estándar,Entrega en 2 a 5 días hábiles,Envío express,Entrega en 24 horas,Envío programado,Elige el día de entrega,,
